date,carbon,sulfur,nitrogen,pm10,pm25,wind,temperature,humidity,radiation,precipitation,ozone 
1/1/2016,,0.4,3.8,12.3,3.1,11.6,38.4,62.8,0.062,0,23
1/2/2016,,0.5,9.4,14.7,5.1,5.3,37.9,75.4,0.055,0,17
1/3/2016,,0.9,21.8,17.9,6.7,4.1,38.4,68.1,0.222,0,11
1/4/2016,,0.9,11.2,13.7,2.6,10,42.2,62.6,0.058,0,18
1/5/2016,,1,15.1,14.6,5,5.6,43.9,83.5,0.097,0.29,11
1/6/2016,,1,14.1,14.5,4,7.8,47.9,70.7,0.153,0.07,16
1/7/2016,,0.9,9.1,15.8,2.8,7.7,46.4,57.6,0.204,0,26
1/8/2016,,0.9,5.2,12,2.3,9.8,40.4,69.5,0.144,0.18,35
1/9/2016,,0.7,7.9,13.5,4,7.2,39.4,61.6,0.232,0,27
1/10/2016,,0.5,9.3,14.9,4.8,5.6,39.3,60.7,0.163,0,26
1/11/2016,,0.6,16,20,7,5.4,40.7,51.6,0.236,0,23
1/12/2016,,0.7,22.8,21.1,6.7,5,38.8,44.7,0.239,0,12
1/13/2016,,0.7,20.3,17.2,4.3,5.3,41.4,45.7,0.241,0,16
1/14/2016,,0.7,11.9,19.2,3.1,10.1,48.3,31.8,0.245,0,29
1/15/2016,,0.7,8.3,18.5,3.2,10.4,48.9,29,0.2,0,33
1/16/2016,,0.6,14.3,20.6,7.7,5.7,44.3,47.9,0.24,0,27
1/17/2016,,0.6,12.1,19.3,5.1,6.8,50.4,32.7,0.241,0,21
1/18/2016,,0.9,19,26.5,6.9,4.7,49.4,31.6,0.249,0,16
1/19/2016,,1.3,20.1,31.4,7.5,6.1,54.5,24.3,0.253,0,17
1/20/2016,,0.9,12.5,22.7,4.3,7.9,55.8,24.9,0.254,0,22
1/21/2016,,0.5,11.4,21.8,5,5.5,48.5,29.7,0.253,0,28
1/22/2016,,1,23.4,31.3,9.4,3.2,45.9,31.8,0.257,0,14
1/23/2016,,1.7,33,47.4,14.2,3,48.2,30.6,0.247,0,12
1/24/2016,,1,8.2,49.2,8.6,9.6,54.7,22.6,0.25,0,25
1/25/2016,,0.9,16,22.1,5.3,6.4,49.1,28,0.261,0,24
1/26/2016,,0.6,6.4,18.8,3.7,8.4,44.6,40,0.228,0,28
1/27/2016,,0.6,11.1,16,3.9,4.9,41.2,49.6,0.266,0,21
1/28/2016,,0.8,16.2,20.5,5.4,4.8,46.8,36,0.269,0,21
1/29/2016,,0.9,17.2,20,4.5,5.6,52,26.8,0.276,0,17
1/30/2016,,0.8,7.4,29.2,4.5,9.9,59.1,17.1,0.278,0,29
1/31/2016,,0.6,5.3,25.9,4.1,10.4,60.3,19.8,0.277,0,34
2/1/2016,,0.7,2.8,30.8,4.8,14.3,47.2,46.7,0.116,0.11,37
2/2/2016,,0.7,4.5,19,4,13.5,38.7,43.9,0.263,0,34
2/3/2016,,0.7,16.6,15.7,7.1,5.8,36.4,33.8,0.29,0,21
2/4/2016,,0.6,20.1,21,4.5,4.4,36.7,28.5,0.293,0,17
2/5/2016,,0.7,18.7,23.1,6.6,5.1,39.9,24,0.294,0,18
2/6/2016,,0.6,18.7,21.4,5.2,4.8,43,19,0.298,0,21
2/7/2016,,0.5,13.8,16.7,3.9,5,47.1,22.4,0.271,0,21
2/8/2016,,0.7,23.8,31.6,6.2,6.2,49.8,24.1,0.286,0,15
2/9/2016,,0.9,27.3,35.5,8.8,4.2,50.7,24.3,0.301,0,11
2/10/2016,,0.9,23.6,34.2,8.9,3.1,54.2,25.3,0.306,0,14
2/11/2016,,0.5,17.8,25.2,6.1,4.2,56.5,21.6,0.311,0,19
2/12/2016,,0.8,27.6,38,9.7,3.3,57.5,20.2,0.311,0,16
2/13/2016,,1,24.5,36.8,9.6,4.3,59.7,16.7,0.307,0,17
2/14/2016,,0.6,14.2,22.6,5,5.7,60.8,14.3,0.314,0,23
2/15/2016,,0.5,15.3,22,4.4,4.9,59,15.6,0.315,0,20
2/16/2016,,0.9,22.4,27.9,6.5,4,60.1,18.9,0.322,0,15
2/17/2016,,1.3,25.4,38.8,9.2,4.5,62.3,20.4,0.322,0,18
2/18/2016,,1.1,21.8,41.2,9.7,6,67.2,16.9,0.322,0,19
2/19/2016,,0.9,18.8,31,8.6,3.9,69.1,16.7,0.24,0,21
2/20/2016,,0.9,16.4,26.8,8.1,4.7,67.5,17.9,0.304,0,23
2/21/2016,,1,8.1,30.6,8,6.8,65.2,21.8,0.26,0,23
2/22/2016,,1,7.8,49,9.8,10.4,60.7,36.4,0.331,0,35
2/23/2016,,0.8,4.4,26.5,4.7,9.9,51.1,29.3,0.338,0,36
2/24/2016,,1,19.8,28.9,7.2,3.8,46.7,37.3,0.341,0,21
2/25/2016,,0.9,17.7,26.3,5.8,5.8,51.3,24.7,0.345,0,23
2/26/2016,,1.2,20,34.9,7.8,5.7,55.7,23.5,0.344,0,28
2/27/2016,,1.1,25,32.4,8.1,3.8,60.1,19.4,0.347,0,19
2/28/2016,,0.7,15.2,26.4,6.8,5.3,65.2,12.7,0.357,0,29
2/29/2016,,0.7,16.1,28.3,6.9,7.6,65.3,13.9,0.33,0,27
3/1/2016,,0.4,15.9,22.9,8.5,5,65.2,16.3,0.362,0,22
3/2/2016,,0.7,15.8,33.7,10.1,8.2,68.4,14.9,0.362,0,26
3/3/2016,,0.7,18.9,26.8,9.9,5.5,67,14.6,0.336,0,29
3/4/2016,,1.3,31.8,39.4,13.4,4.1,66.9,13.6,0.342,0,17
3/5/2016,,1.2,26.1,38.5,12.8,4,65.9,12,0.268,0,19
3/6/2016,,0.9,3.2,32.2,7.8,8.8,69,8.7,0.243,0,38
3/7/2016,,1,7.4,43.2,10,9.1,60.6,15.6,0.316,0,30
3/8/2016,,1,7.4,47.3,12,5.6,52.2,40.7,0.234,0.01,37
3/9/2016,,0.9,11.3,22.4,8.5,4.7,55.2,38.5,0.357,0,26
3/10/2016,,1,18.1,23.6,8.5,4.7,59.9,29.2,0.387,0,22
3/11/2016,,1.3,22.8,38,11.2,4.4,61.9,26.4,0.377,0,28
3/12/2016,,1,8,80.2,13.4,12,63.4,17.6,0.374,0,37
3/13/2016,,0.7,4.7,20.3,7.9,10.1,61,18.7,0.395,0,41
3/14/2016,,0.8,6.9,24.3,9.3,9.1,65.3,16.3,0.377,0,32
3/15/2016,,0.8,9.2,22.5,10.7,6.6,65.1,18.1,0.398,0,33
3/16/2016,,1,18.4,28.2,10.6,4.5,65.4,13.8,0.398,0,22
3/17/2016,,0.8,13,26.6,8.8,5.4,65.7,12.7,0.403,0,27
3/18/2016,,0.8,8.7,30.8,8.8,6.8,66.9,12.9,0.41,0,33
3/19/2016,,0.6,1.7,34.6,9.8,12.4,53.3,37.6,0.4,0,35
3/20/2016,,0.2,7.7,20.6,7,9.3,54.6,32.3,0.397,0,36
3/21/2016,,0.9,17.5,29.9,9.3,5.9,64.5,22.8,0.41,0,27
3/22/2016,,0.5,6.4,93.5,18.1,10.4,70.8,10.8,0.389,0,40
3/23/2016,,0.4,5.1,78,14.5,13.3,61.1,12.2,0.397,0,43
3/24/2016,,0.5,20.8,28.3,8.8,3.9,56.5,11.4,0.422,0,21
3/25/2016,,0.6,10.4,25,7.8,7.9,62.4,10.8,0.425,0,35
3/26/2016,,0.5,5.1,25.9,9.1,8.3,66.2,10.1,0.426,0,43
3/27/2016,,0.5,8.2,23.1,9.9,6.3,61.7,19,0.427,0,44
3/28/2016,,0.7,12.1,28,11.4,7,66.5,17.3,0.396,0,31
3/29/2016,,0.7,5.5,110.4,22.5,9.6,68.4,16.6,0.374,0,39
3/30/2016,,0.7,4.6,30.6,10.3,11.1,59.9,27.9,0.342,0,39
3/31/2016,,0.7,8.8,23.7,8.5,7.5,55,25.3,0.375,0,36
4/1/2016,,0.5,6.2,18,6.5,6.5,50.6,40.1,0.305,0,38
4/2/2016,,0.5,9,14.8,6,5.8,52.5,33.9,0.443,0,33
4/3/2016,,0.8,14.6,20.5,8.4,3.6,60.3,18.9,0.449,0,28
4/4/2016,,1.2,24.9,30.4,12,3.5,67,12.8,0.449,0,21
4/5/2016,,1.1,16.6,26.7,10.7,7,73,10.3,0.434,0,33
4/6/2016,,0.8,17,27.1,11.5,5.6,69,7.3,0.361,0,36
4/7/2016,,1.3,28.8,42.3,12,4.7,68.4,12.2,0.173,0,19
4/8/2016,,0.9,6.4,25.8,7.5,7.3,67.8,35.4,0.359,0.09,38
4/9/2016,,1,12.4,21.9,7.1,4.8,67.8,36.9,0.458,0,35
4/10/2016,,0.5,3,56,10.1,10.2,66.9,21.9,0.446,0,35
4/11/2016,,0.4,2.9,13,3.5,8.8,62.4,32.4,0.465,0,39
4/12/2016,,0.4,6.2,20,6,7.4,59,46,0.306,0,30
4/13/2016,,0.5,13.4,20.2,5.4,4.2,63.8,38.1,0.466,0,28
4/14/2016,,0.9,22.6,28.8,8.1,4.2,71.4,20.3,0.468,0,24
4/15/2016,,0.7,4.3,77.7,14.5,9.9,73.4,14.4,0.435,0,41
4/16/2016,,0.6,2.1,31,7,11.6,60.9,16.8,0.459,0,46
4/17/2016,,0.6,9.2,19.5,5.6,4.6,60.6,21.9,0.475,0,34
4/18/2016,,0.6,7.2,26.2,7.3,8.2,65.1,30.5,0.412,0,39
4/19/2016,,0.6,14.6,22.7,6.7,4.4,65.7,27.5,0.477,0,31
4/20/2016,,1.2,17.1,23.9,6.9,5.9,71.8,12.5,0.485,0,34
4/21/2016,,0.7,13.7,24.9,7.6,6.3,75.1,13.6,0.478,0,42
4/22/2016,,0.6,6.1,40.8,9.5,11,72.7,35.4,0.386,0,47
4/23/2016,,0.6,6.5,20.9,6.8,7,72.7,33.4,0.459,0,39
4/24/2016,,0.6,3.1,30.3,8.6,9.8,73.1,16.5,0.487,0,38
4/25/2016,,0.6,4.3,94.1,18.8,10.7,73.4,16.2,0.472,0,41
4/26/2016,,0.6,5.6,47.5,10.3,12.3,66.5,16.5,0.482,0,46
4/27/2016,,0.7,12.4,31.6,8.6,6.6,65.7,14.8,0.49,0,37
4/28/2016,,0.7,6.7,43.8,10.9,8.3,71.7,12.5,0.491,0,40
4/29/2016,,0.6,5.9,29.3,7.7,11.2,63.8,19.6,0.492,0,46
4/30/2016,,0.7,8.2,22.5,6.4,5.9,66.2,19,0.493,0,43
5/1/2016,,0.4,1.4,44.1,9.2,12.5,59.5,34.4,0.484,0,39
5/2/2016,,0.3,6,19.8,6.4,8.8,58.6,36.9,0.493,0,35
5/3/2016,,0.4,7,23.4,7.6,7.3,69.3,22.5,0.494,0,44
5/4/2016,,0.3,8.3,21.7,5.6,8,73.8,17.5,0.501,0,49
5/5/2016,,0.5,8.4,26.7,6.3,9.9,78.5,12.1,0.468,0,48
5/6/2016,,0.6,9.1,79,16.3,8.8,80.2,10,0.492,0,44
5/7/2016,,0.4,8.5,35.4,9.3,8.1,71.9,11.1,0.506,0,49
5/8/2016,,0.5,4.5,32.7,8,9.6,68.7,11.7,0.508,0,49
5/9/2016,,0.5,6.3,25.9,7.7,10.5,68.5,19.5,0.511,0,41
5/10/2016,,0.4,9.8,23.8,7,7.7,72.9,14.8,0.517,0,39
5/11/2016,,0.4,14.3,25.2,7.6,5.8,76.5,11.4,0.519,0,37
5/12/2016,,0.4,11.4,32.5,11.1,8,75.3,23.3,0.463,0,37
5/13/2016,,0.5,6.2,30.3,11.7,7.6,78.7,35.6,0.491,0,48
5/14/2016,,0.4,4.6,31.9,8.7,10.1,73.6,39.9,0.35,0.03,45
5/15/2016,,0.7,1.2,34.5,7.9,8.4,77.2,28.9,0.436,0,43
5/16/2016,,0.7,1.5,82.1,15.1,9.6,78.8,17.2,0.445,0,31
5/17/2016,,0.7,3.3,36.5,7.4,10.5,70.9,29.2,0.422,0,33
5/18/2016,,0.7,1,18.8,5,11.8,62.4,50.5,0.338,0,28
5/19/2016,,1.1,10.2,23.3,6.8,4.7,66.3,42.6,0.463,0,32
5/20/2016,,1.1,14.7,27.3,8,5.7,77.2,20.4,0.51,0,33
5/21/2016,,0.8,5,21.4,6.6,6.4,79.1,9.6,0.514,0,42
5/22/2016,,0.8,4.3,40.6,8.9,8.6,78.7,9.9,0.486,0,43
5/23/2016,,0.8,7.2,40.4,9.6,7.9,79.3,9.5,0.506,0,39
5/24/2016,,0.6,8.5,47.9,11.6,7.9,78.1,9,0.474,0,43
5/25/2016,,0.3,11.3,52.1,11.5,8.2,78.6,10.1,0.51,0,38
5/26/2016,,0.8,,47.4,10.6,10.1,74.6,12,0.5,0,42
5/27/2016,,0.9,16.2,28.5,10.5,6.4,70.8,12.5,0.515,0,43
5/28/2016,,1.1,23.3,36.1,12.1,4.3,77,9,0.523,0,35
5/29/2016,,0.7,6,33,10.4,5.9,81.8,9.2,0.481,0,37
5/30/2016,,0.7,4.5,27.5,9.3,6.3,78.7,27.4,0.36,0.06,33
5/31/2016,,1,9,20.3,6.6,6.1,73.5,41.7,0.404,0.09,33
6/1/2016,,0.5,7.6,22.4,6.7,7.3,69.8,42.9,0.423,0,40
6/2/2016,,0.6,14.8,23.8,7.4,5,74.1,35.9,0.513,0,41
6/3/2016,,1.2,18.6,37,11.2,4.7,82.6,22.2,0.524,0,39
6/4/2016,,0.9,4.8,22.1,8,8.8,84,23,0.5,0,46
6/5/2016,,0.6,4,27,7.2,7.3,83.9,25,0.503,0,48
6/6/2016,,0.7,5.5,26.1,8.6,7.7,85.9,21.4,0.507,0,53
6/7/2016,,0.8,5.1,33.2,9.6,8,86.9,19.8,0.429,0,50
6/8/2016,,1,8.5,31.9,8.8,6.4,85.5,22.3,0.46,0,44
6/9/2016,,0.8,4.2,26.1,8.4,7.7,86.8,20.3,0.459,0,45
6/10/2016,,0.8,5.3,33.8,12,7.9,85.8,24.4,0.494,0.05,44
6/11/2016,,0.7,,24,7.6,7.4,82,32.8,0.379,0,46
6/12/2016,,0.7,,21.4,7.6,6.1,86.3,24.8,0.508,0,47
6/13/2016,,0.8,5.8,30.4,8.6,8.8,87,14.2,0.501,0,38
6/14/2016,,0.9,12.6,25.5,7.1,5.6,84.6,13.1,0.531,0,32
6/15/2016,,1,14.2,26.8,7.4,6.4,87.5,11.3,0.521,0,31
6/16/2016,,1,10.2,25.4,6.5,7.2,87.1,9.2,0.531,0,37
6/17/2016,,0.9,13.5,24,6.6,6.1,87.9,8.5,0.528,0,36
6/18/2016,,0.9,13.4,26.9,8.5,5.6,91.6,6.3,0.525,0,46
6/19/2016,,0.7,3.9,28.6,10.3,7.7,89.4,15.3,0.411,0,42
6/20/2016,,0.5,5.7,29.4,7.6,9.9,85.8,23.7,0.515,0,43
6/21/2016,,0.9,12.6,31,11.9,5.9,86.9,27.3,0.507,0,42
6/22/2016,,1.1,11.6,44,12.2,6.1,92.4,18.7,0.497,0,37
6/23/2016,,0.9,5.4,44.9,13,7.4,91.4,19.5,0.48,0,55
6/24/2016,,0.8,5.5,60.1,14.5,6.9,87.3,28.5,0.465,0.11,51
6/25/2016,,0.7,5.1,32.9,9.2,7.1,83.6,33.2,0.496,0,49
6/26/2016,,0.6,0.7,21.9,8.3,8.6,83.4,30.6,0.513,0,46
6/27/2016,,0.5,0.3,18.7,7.5,9.4,82.9,39.2,0.474,0,42
6/28/2016,,0.5,2.8,17.5,6.8,8.3,76.1,58.4,0.27,0.23,28
6/29/2016,,0.6,2.9,18.8,7.2,7,83.2,37.9,0.494,0,34
6/30/2016,,0.6,4.3,36.4,9.6,7.5,83.9,33.1,0.442,0,36
7/1/2016,,0.6,3.7,16.9,6.5,7.2,76.3,56.8,0.231,0.12,34
7/2/2016,,0.5,1.4,16.5,5.3,8.1,81.7,44,0.503,0,43
7/3/2016,,0.3,3.9,16.5,6.1,7.1,87.1,24.3,0.518,0,41
7/4/2016,,0.4,3.8,18.8,7.4,7,91.3,17.6,0.52,0,42
7/5/2016,,0.6,8.5,32.9,9.3,7,90.3,16.7,0.48,0,37
7/6/2016,,0.4,3.1,37.4,8.2,9.4,90,21.7,0.507,0,43
7/7/2016,,0.6,3.1,41.8,10.4,8.8,88.5,26.7,0.513,0,41
7/8/2016,,0.5,3.8,22.9,6.5,6.5,89.3,24.6,0.477,0,43
7/9/2016,,0.5,3.4,33.2,9.7,5.6,89.4,24.6,0.509,0,45
7/10/2016,,0.7,2.4,20.3,6.8,6.2,92.5,18.3,0.501,0,42
7/11/2016,,0.8,4.9,22,6.5,8.1,92.1,16.4,0.498,0,35
7/12/2016,,0.7,5.2,22.4,6.5,7.4,91.3,15.1,0.514,0,33
7/13/2016,,0.6,7.1,22.9,6.8,6.7,92.3,13,0.52,0,33
7/14/2016,,0.7,7,22.2,6.7,7.3,94.8,12,0.51,0,33
7/15/2016,,0.7,6.1,120,19.5,7.7,90.4,18,0.49,0,40
7/16/2016,,0.9,8.7,48.4,13.1,5,89.1,22.9,0.434,0,45
7/17/2016,,0.5,2.4,33.8,10.9,6.7,89.9,21.6,0.487,0,43
7/18/2016,,0.4,4.1,37.8,10.4,8.1,87,29,0.491,0,47
7/19/2016,,0.5,7.6,29.2,9.7,7.3,86.3,30.3,0.412,0,47
7/20/2016,,0.7,9.5,29,8.8,5.9,88.9,25.7,0.496,0,35
7/21/2016,,0.6,6.6,23.6,6.4,6.5,90.2,24.2,0.488,0,33
7/22/2016,,0.8,9.2,23.5,6.8,5.9,91.8,18.2,0.499,0,35
7/23/2016,,1,11.4,26.5,8.1,5.8,92.6,17,0.495,0,41
7/24/2016,,0.9,3.7,86.1,21.7,6.2,91.6,19.2,0.5,1.87,44
7/25/2016,,0.4,7.6,82,20.8,7.6,89.2,26.5,0.484,0.02,40
7/26/2016,,,,27.9,9,8.8,86.5,31.2,0.491,0,
7/27/2016,,,,21.8,8,6,82.7,44.4,0.34,0.04,
7/28/2016,,1.1,5.5,24.2,9.1,6.2,87.8,30.6,0.445,0,53
7/29/2016,,1.4,4.5,33.4,10.9,8,86.6,30.2,0.479,0,37
7/30/2016,,1.4,4.1,18.6,7,6.9,84.6,36.4,0.471,0,40
7/31/2016,,0.7,4.5,22.6,7.2,5.9,85,33.5,0.412,0,42
8/1/2016,,1.1,6.6,33.5,8.2,5.9,81.8,42.1,0.367,0,41
8/2/2016,,0.6,6.5,24.8,7,5.7,80.2,49.6,0.424,0.89,41
8/3/2016,,0.7,11.2,19.6,6.1,5.7,80.4,48.7,0.427,0.09,42
8/4/2016,,0.8,5.9,19.3,5.8,7.2,81.2,44.6,0.455,0.62,48
8/5/2016,,0.9,9.7,29.2,7.8,6.3,84.2,39.7,0.416,0.01,44
8/6/2016,,0.9,8.3,27.2,7.9,5.5,86.6,31,0.427,0,48
8/7/2016,,0.8,7.3,26.4,8.3,5.6,87,28.2,0.429,0.07,43
8/8/2016,,1,13.8,33.9,10.5,5.1,85.4,33.5,0.403,0.1,43
8/9/2016,,0.9,8.6,19,6.5,7.4,80.6,44,0.294,0,41
8/10/2016,,0.9,7.4,20,4.6,5.7,79.1,52.6,0.318,0,39
8/11/2016,,0.6,5.9,16.4,4.6,5.6,82.3,47.9,0.4,0.03,38
8/12/2016,,0.8,6.8,22.3,6.2,7.3,84.6,39.9,0.415,0.01,39
8/13/2016,,0.7,7.7,18.1,5.8,6.7,76.1,54,0.284,0.12,41
8/14/2016,,0.6,1.3,20.2,5.7,7.5,77.6,38.8,0.39,0,44
8/15/2016,,0.8,10.9,26.8,7.3,5.5,79.4,28,0.453,0,30
8/16/2016,,0.8,7.7,24.7,6.9,7.3,81.9,23.6,0.452,0,52
8/17/2016,,0.7,10.6,25.2,6.6,6,82.5,21.7,0.453,0,39
8/18/2016,,0.8,6.6,34.7,7.5,6.4,81.4,35.2,0.447,0,38
8/19/2016,,0.8,5.1,23.3,5.9,6.1,81.3,40.4,0.422,0,38
8/20/2016,,0.8,6.1,23.6,7.2,7.2,78.2,41.5,0.185,0,34
8/21/2016,,0.4,0.9,16.8,5.5,8.2,75.4,50.4,0.358,0,39
8/22/2016,,0.5,7.1,21.5,7,5.5,77,53.2,0.384,0.07,41
8/23/2016,,0.4,8.6,21.6,6.6,5.8,76.6,55,0.323,0.48,33
8/24/2016,,0.5,10.1,28,7.6,5,78.7,43.3,0.384,0,31
8/25/2016,,0.5,11.8,31.3,8.3,5.7,76.8,40.6,0.348,0,35
8/26/2016,,0.5,6.8,22.1,6.8,7,77.8,41.5,0.416,0,41
8/27/2016,,0.4,4.9,21.9,7.6,5.3,77.5,49.5,0.328,1,43
8/28/2016,,0.4,2.5,17.4,5.9,6.3,76.6,48.8,0.424,0,41
8/29/2016,,0.5,5.5,20.5,7.4,8.1,76.9,47.7,0.393,0,36
8/30/2016,,0.4,4,16.9,6.6,8.1,72.1,65.3,0.203,0.16,31
8/31/2016,,0.4,4.7,17.1,6.5,7.3,74.9,59.4,0.288,0,29
9/1/2016,,0.4,6.7,17.8,7.2,7.1,73.8,66.6,0.287,0.55,34
9/2/2016,,0.5,5.4,22.2,7.9,7.1,77.7,54.2,0.412,0,38
9/3/2016,,0.6,4.4,22.5,8.1,6.3,80.5,47.9,0.361,0,34
9/4/2016,,0.8,3.9,24.7,10.1,6.7,82.2,45.9,0.379,0,33
9/5/2016,,0.8,3.4,25.4,9,9,83.3,42,0.402,0,31
9/6/2016,,0.7,9.3,19.2,6.5,5.4,74.1,66,0.105,0.91,20
9/7/2016,,0.7,6.2,17,5,6.4,73.3,69.8,0.286,0.2,19
9/8/2016,,0.7,4.8,16.2,4.9,6.7,75.3,55.7,0.249,0,23
9/9/2016,,0.7,7.7,22.1,7.3,6.6,79.9,42.5,0.409,0,29
9/10/2016,,0.6,4.8,34.4,7.9,11.2,74.9,41.7,0.398,0,28
9/11/2016,,1.5,12.3,31.1,8.5,5.1,75.9,47.5,0.394,0,39
9/12/2016,,0.9,5.5,25.1,5.7,8,78.6,35.9,0.272,0,33
9/13/2016,,0.9,9.7,24.5,6.4,5.2,78.2,33.6,0.398,0,23
9/14/2016,,1.1,13.8,30.9,8.6,5.1,79.9,33.7,0.343,0,24
9/15/2016,,0.9,9.8,28.9,8.8,6.5,81,41.8,0.377,0,26
9/16/2016,,0.9,9.1,23.8,6.7,5.1,79.7,30.1,0.392,0,21
9/17/2016,,0.9,15.4,30.6,9.5,4.1,79.4,28,0.385,0,23
9/18/2016,,0.8,13.1,29.2,8.9,4.1,80.5,28.3,0.389,0,21
9/19/2016,,1.1,17,39.9,10.6,3.5,82.1,19.4,0.383,0,24
9/20/2016,,0.9,11.9,30.7,9.4,5.9,84.2,29.6,0.305,0,21
9/21/2016,,1.6,10.4,30.1,9,5.6,84.1,30.4,0.312,0,22
9/22/2016,,1.7,9.6,30.7,8.4,7.3,83.3,27,0.358,0,22
9/23/2016,,0.7,5,24.6,6.4,8.6,79.9,26.4,0.352,0,27
9/24/2016,,0.6,7.9,25.6,7.4,6.3,73.7,34.4,0.334,0,31
9/25/2016,,0.3,4.7,35.6,8.5,9,70.4,29.5,0.265,0,30
9/26/2016,,0.3,4.9,18.9,5.6,10.5,60.6,55.3,0.101,0.39,31
9/27/2016,,0.5,21.5,33.6,9.2,5,64.5,47.6,0.278,0,25
9/28/2016,,0.5,17.2,27.6,8,4.9,72.2,50.6,0.329,0,20
9/29/2016,,0.4,7.5,18.7,5.5,8.6,76.3,39,0.332,0,39
9/30/2016,,0.3,9.7,20.9,7.5,5.6,69.2,63.8,0.306,0.51,33
10/1/2016,,0.4,11.1,15.6,5.1,6,73.5,46.8,0.337,0,25
10/2/2016,,0.5,11.3,24.8,7.1,5.7,75.5,28.5,0.347,0,23
10/3/2016,,0.4,5,20.6,5.5,7.7,76.7,36.3,0.293,0,21
10/4/2016,,0.5,9.3,22.3,5.8,7.9,71,24.8,0.351,0,29
10/5/2016,,0.4,10.8,23,6.6,5.4,72.6,23.1,0.347,0,26
10/6/2016,,0.5,12.6,25.6,7,6.1,74.4,23,0.34,0,25
10/7/2016,,0.3,7.3,33.6,7.3,10.8,67.1,35.2,0.241,0,28
10/8/2016,,0.2,2.2,15.7,4.7,10.6,65.3,65.4,0.231,0,25
10/9/2016,,0.5,1.5,16.2,4.8,8.3,69.8,60.8,0.256,0,27
10/10/2016,,1,13.8,29.2,8.5,5,73.2,51.7,0.304,0,24
10/11/2016,,0.8,14.1,30.9,9.6,4.9,77.1,40.9,0.319,0,16
10/12/2016,,1.1,18.1,32.5,9.7,4.9,77.4,24.2,0.323,0,15
10/13/2016,,1.3,14.7,38.6,10.8,6.7,73.7,37.6,0.302,0,25
10/14/2016,,1.2,21.1,42.1,12.3,4,73.2,35.4,0.317,0,17
10/15/2016,,1,13.4,28.5,8.1,5.5,75.6,20.8,0.321,0,21
10/16/2016,,1,9.2,24.2,6.3,6.1,76.6,17.4,0.318,0,27
10/17/2016,,1,9.8,25.1,6,8.6,76.2,17.4,0.318,0,28
10/18/2016,,1.1,12,28.2,7.3,6.9,74.8,16.1,0.316,0,24
10/19/2016,,1,14.8,30.7,7.9,5.9,74.1,17.5,0.31,0,25
10/20/2016,,0.7,3.9,40.4,8.3,11.7,67.4,28.6,0.296,0,41
10/21/2016,,1.1,17.3,37.3,9.6,6.1,67.2,32.1,0.295,0,32
10/22/2016,,1.4,20.3,40.5,13,3.7,69.4,37.3,0.282,0,25
10/23/2016,,0.9,20.7,44,14.5,3,71,32.1,0.289,0,25
10/24/2016,,1.2,29.9,47.6,14.2,3.4,72.9,27.7,0.274,0,18
10/25/2016,,0.9,16.2,33.4,9.4,4.9,74.4,25.7,0.247,0,22
10/26/2016,,0.7,12.7,25.3,7.8,4.3,72.8,29.5,0.284,0,19
10/27/2016,,0.9,16.9,33,8.9,6,74.7,27.3,0.277,0,30
10/28/2016,,0.9,19.2,36.7,10.1,6.1,72.4,32.6,0.243,0,20
10/29/2016,,1.3,20.6,45.1,13.6,3.4,72.5,30.4,0.271,0,22
10/30/2016,,1.7,21.6,44,12.8,3.8,72,28.6,0.272,0,20
10/31/2016,,1.3,15.1,36.6,8.9,5,72.9,24.5,0.264,0,20
11/1/2016,,1.3,11.9,29.7,6.3,5.9,73,23.9,0.194,0,22
11/2/2016,,1.2,9.9,31.5,7,7.5,70.2,35.7,0.186,0,17
11/3/2016,,0.8,4,26.1,5.7,13.6,64.8,56.9,0.065,0,27
11/4/2016,,0.8,5.2,22.6,5.3,15,64.3,67.2,0.142,1.61,25
11/5/2016,,1,7.4,28,7.3,7.4,66.4,67.3,0.154,0.01,17
11/6/2016,,0.8,12.8,24.9,8.1,5,62.9,61.4,0.247,0,16
11/7/2016,,0.7,10.9,21.4,6.9,5.1,63.8,44.5,0.241,0,24
11/8/2016,,0.5,6.2,23.7,6.3,9.8,63.3,33.4,0.251,0,32
11/9/2016,,0.6,10.7,21,5.3,8.1,55.4,36.1,0.247,0,29
11/10/2016,,0.6,7.5,17.9,5.3,8.1,54.8,57,0.187,0,25
11/11/2016,,0.6,10.4,19.7,5.9,4.9,57.3,53.8,0.237,0,22
11/12/2016,,0.6,10.8,20.9,7.6,5.9,57.8,51.3,0.219,0,24
11/13/2016,,1,11.2,24.4,9.5,3.7,58.2,50,0.24,0,19
11/14/2016,,1,16.5,32.9,9.2,4.3,60.2,34.9,0.241,0,23
11/15/2016,,1.1,17.6,33.5,8.7,5.2,61.5,27.6,0.242,0,21
11/16/2016,,1.5,25.8,33.4,6.3,3.6,62.6,26.1,0.216,0,13
11/17/2016,,0.8,4.3,53.4,8,10,67.6,23.2,0.231,0,34
11/18/2016,,0.5,8.5,26.1,6,7,55,18.3,0.237,0,29
11/19/2016,,0.5,7.6,23.9,5,10.2,52.7,26.2,0.233,0,28
11/20/2016,,0.9,18.5,28.6,7.9,5,56.6,32.2,0.228,0,17
11/21/2016,,1.1,15.3,34.2,9.7,6.2,59.9,41,0.093,0,15
11/22/2016,,0.7,6.9,21,5.3,8.3,55.9,40.7,0.23,0,29
11/23/2016,,1.3,21.9,38.8,10.6,4.4,53.4,35.4,0.226,0,14
11/24/2016,,0.8,10.2,25.8,8.3,5.5,53.8,31,0.203,0,25
11/25/2016,,0.6,3,23.3,6.3,10.5,54.2,31.6,0.158,0,32
11/26/2016,,0.8,10.6,23.5,9.1,7.1,55,58.4,0.159,0,18
11/27/2016,,0.9,1,33,7.3,10.3,59.6,32.7,0.198,0,32
11/28/2016,,1,1.2,35.2,6.2,13.2,49.7,36.9,0.209,0,39
11/29/2016,,0.9,1.8,18.6,4.8,11.9,47.2,34.8,0.086,0.01,37
11/30/2016,,1.2,15.3,23.5,9.2,3.7,42.2,34.5,0.214,0,19
12/1/2016,,2.7,33.3,55.7,20.1,3,45.9,35.4,0.212,0,8
12/2/2016,,1.3,20.7,32.7,9.7,5.3,50.6,36.9,0.185,0,16
12/3/2016,,0.9,4.2,15.8,7,9.4,45.2,69.6,0.09,0.24,23
12/4/2016,,1.1,15.8,30.2,15.1,3.3,47,58.5,0.212,0,14
12/5/2016,,0.9,9.2,16.2,5.4,7.8,48.8,46.9,0.211,0,25
12/6/2016,,1,11,21.2,8.7,6,54,39.9,0.189,0,26
12/7/2016,,1.1,15.2,30.5,12.2,6.4,52.9,46.9,0.058,0,21
12/8/2016,,0.7,7.3,20.1,6.7,12.4,39.1,59.3,0.136,0,15
12/9/2016,,0.9,12.5,19.6,7,6.9,38.5,68,0.156,0,12
12/10/2016,,1,16.4,22.5,9.1,3.7,46.9,59.8,0.205,0,14
12/11/2016,,0.6,9.4,23.2,7.2,7.8,58.5,37.9,0.197,0,24
12/12/2016,,0.8,13,23.1,6.6,6.4,59,33.7,0.177,0,20
12/13/2016,,0.6,9.4,20.8,5.7,5.8,59.3,38.6,0.198,0,21
12/14/2016,,1,16.4,28.1,8.6,5,59.5,41.5,0.2,0,14
12/15/2016,,1.5,20.9,35.4,10,4,59.7,35.5,0.204,0,10
12/16/2016,,0.9,5,54.5,8.5,10.4,65.8,16.8,0.15,0,24
12/17/2016,,0.7,1.4,149.9,17.7,13.9,54,32,0.149,0,35
12/18/2016,,0.6,7.9,24.8,8.1,7.5,41,31.1,0.189,0,23
12/19/2016,,0.7,17,33.3,10.4,7,42,29.5,0.153,0,14
12/20/2016,,1.5,25.9,57.5,19.1,3,46.1,33.4,0.187,0,7
12/21/2016,,1.1,22.6,41.8,16.8,4.7,53.8,36.4,0.079,0.05,9
12/22/2016,,0.8,12.1,17.5,7.2,10.3,49.2,73.9,0.093,0.51,16
12/23/2016,,1,13.6,19.3,8.9,4.4,51.6,68.5,0.197,0,14
12/24/2016,,1.4,15.2,26.3,9.6,6.8,55.6,57.3,0.201,0,14
12/25/2016,,0.5,1.5,13.7,4.9,12.9,44.5,49.3,0.202,0,37
12/26/2016,,0.4,13.8,20.3,11.1,3.4,42.6,51.3,0.182,0,19
12/27/2016,,0.4,14.8,18.5,8.1,5,44.8,45.5,0.174,0,16
12/28/2016,,0.6,16.3,19.5,8.7,5,51.3,43.4,0.184,0,14
12/29/2016,,0.3,12.8,19.4,7.3,8.2,46,58.3,0.061,0.17,17
12/30/2016,,0.4,9.2,16.3,6.3,5.6,45.4,68.8,0.095,0,23
12/31/2016,,0.6,8.9,16.4,7.7,5.9,49.1,74.4,0.132,0.05,17
1/1/2017,,0.9,5.9,14.4,7.1,7.1,47.4,75.2,0.1,0.31,24
1/2/2017,,0.7,4.4,12.8,5.6,7.9,45.8,57.2,0.208,0,35
1/3/2017,,0.7,9.5,17.2,7.7,5.4,50.2,52.1,0.201,0,25
1/4/2017,,0.7,4.7,14.7,5.1,8.3,56.4,39.5,0.205,0,31
1/5/2017,,0.9,7.5,15.5,5.2,9.2,55.2,43.8,0.216,0,25
1/6/2017,,0.8,7,20.6,5.6,9.3,47.3,46.2,0.161,0,21
1/7/2017,,0.6,9.1,16.2,5.8,8,37.7,37.5,0.209,0,25
1/8/2017,,1.4,23.4,32.9,15.5,3.1,47,38.2,0.208,0,16
1/9/2017,,2,28.2,38.3,13.4,4.4,56.8,37.2,0.193,0,9
1/10/2017,,1.2,14.3,19.5,4.8,7.3,60.1,28.5,0.21,0,18
1/11/2017,,1.2,14.2,15.7,4.5,7.4,60.3,25.2,0.218,0,21
1/12/2017,,2.2,33.7,41.4,12.8,3.3,56.4,26.8,0.169,0,11
1/13/2017,,1.9,24.9,34.1,11.5,6.6,58.4,31.2,0.123,0,9
1/14/2017,,1,4.4,23.4,11.7,10.5,57.6,62.4,0.172,0.07,22
1/15/2017,,0.6,,11.6,4.5,10.3,46.3,74.9,0.12,0.76,30
1/16/2017,,0.8,,20.6,8.4,5.8,47.7,61.2,0.218,0,23
1/17/2017,,0.7,,19.3,7.5,5.5,46.5,69.1,0.098,0.01,14
1/18/2017,,0.9,7.5,18.1,8.2,4.9,46.1,72,0.212,0,15
1/19/2017,,0.8,4.1,14.9,5,10.2,48.9,54,0.186,0,27
1/20/2017,,0.7,3,19.8,7.1,10,50.5,43.8,0.216,0.02,32
1/21/2017,,0.8,-0.3,16.2,5.3,13.2,45.9,58.7,0.118,0.28,39
1/22/2017,,0.3,6.4,13.2,5.2,8.9,45.5,47.2,0.233,0,37
1/23/2017,,0.8,15.6,26.8,6.7,6,54.8,36.6,0.235,0,20
1/24/2017,,0.6,4.1,,4.5,12.7,49.8,38.3,0.232,0,36
1/25/2017,,0.4,7,,4.6,9.5,42.9,31.4,0.24,0,36
1/26/2017,,0.6,18.4,,9.3,4.1,41.1,33.3,0.244,0,22
1/27/2017,,0.4,8.6,,5.8,8.7,41.1,30,0.17,0,34
1/28/2017,,0.3,13.7,,7.9,4.6,39.3,34.4,0.245,0,25
1/29/2017,,1,23.9,,11.8,2.8,43.3,29.4,0.246,0,16
1/30/2017,,0.7,23.1,,8.5,4.5,47.5,26.6,0.251,0,17
1/31/2017,,0.3,14.6,,5.1,8.8,53.8,19.1,0.251,0,27
2/1/2017,,0.2,15.8,,5.6,7.9,55.7,20.1,0.258,0,23
2/2/2017,,1.8,38.6,,16.4,2.4,54.7,22.8,0.25,0,11
2/3/2017,,1.1,33.9,,14.1,4,55.4,26.5,0.226,0,11
2/4/2017,,0.8,24.8,,11.1,4.9,57.8,27.7,0.237,0,20
2/5/2017,,0.9,15.4,,7.3,5.2,60.1,18.7,0.266,0,20
2/6/2017,,1,11.7,,5.2,8.2,60.3,22.8,0.189,0,27
2/7/2017,,0.9,7.5,58.4,6.6,11.3,57.3,33.5,0.249,0,30
2/8/2017,,0.9,13.1,24,6.7,6.8,59.5,42.5,0.269,0,22
2/9/2017,,1.6,32.8,47.8,12.8,3.7,61.5,34.9,0.253,0,12
2/10/2017,,1.3,24.2,41.7,11.2,4.8,65.4,28.7,0.271,0,14
2/11/2017,,1.3,16.2,44,11.1,7.2,70.7,20,0.263,0,29
2/12/2017,,0.6,8.4,83.9,13.5,12.5,59.1,32.5,0.178,0,28
2/13/2017,,0.6,5.7,17.7,6,9.8,45.6,64.9,0.123,0.13,28
2/14/2017,,0.6,7.5,14.2,4.7,5.9,46.2,62.2,0.119,0,27
2/15/2017,,0.8,22.6,24.7,8.2,3.8,46.1,43.4,0.194,0,18
2/16/2017,,0.8,18.8,22.2,6.4,5.1,49.2,41.2,0.29,0,19
2/17/2017,,0.8,8.1,29.8,6.6,10.8,54.9,36.2,0.214,0,31
2/18/2017,,0.9,14.2,94.3,14.1,6.8,55.8,43.8,0.168,0,25
2/19/2017,,0.5,3.9,15,4.8,8.1,51.1,48.6,0.262,0,43
2/20/2017,,0.4,4.1,13.3,4.1,9.5,54.1,45.7,0.303,0,36
2/21/2017,,0.4,7.9,17.3,4.8,7.8,59.7,38.5,0.306,0,24
2/22/2017,,0.7,8.4,20.3,5,6.5,65,28.7,0.311,0,14
2/23/2017,,0.7,3.4,81.8,12.1,12.3,64.3,17.4,0.303,0,34
2/24/2017,,0.6,3.3,19.9,6,11.4,52.2,16.7,0.317,0,46
2/25/2017,,0.6,10.9,22,7.3,6.6,53,14.8,0.32,0,35
2/26/2017,,0.7,19.8,37.7,7.9,7.5,55.4,16.7,0.244,0,33
2/27/2017,,0.7,13,29,7.3,7.4,57.7,24.7,0.299,0,26
2/28/2017,,0.6,7,129.7,20.7,11.6,62.7,17.9,0.279,0,30
3/1/2017,,0.7,14.3,22,5.8,5.2,54,30.1,0.327,0,30
3/2/2017,,0.4,11.1,21.5,3.9,6.5,54.5,20,0.326,0,31
3/3/2017,,0.6,6.6,22.5,4.7,10.5,57.3,20.8,0.217,0,41
3/4/2017,,0.9,16.8,30.7,9.4,5.7,62.6,22.1,0.328,0,30
3/5/2017,,0.9,6.3,28.1,9.2,7.3,65.9,27.9,0.304,0,28
3/6/2017,,0.9,4.1,30.3,7,10.8,64.7,27,0.341,0,30
3/7/2017,,0.9,17.2,30.8,7.4,4.7,59.2,17.6,0.35,0,29
3/8/2017,,1.1,26,47.9,15.8,3.7,63.2,15.3,0.335,0,26
3/9/2017,,1.3,28.6,51.5,12.8,3.4,65.9,16.8,0.311,0,17
3/10/2017,,1.1,24.3,45.8,10.2,3.8,67.9,16,0.349,0,21
3/11/2017,,0.9,15.1,38.5,10.5,7,68.6,25.7,0.335,0,28
3/12/2017,,0.7,7.5,34.6,7.6,9.5,62.8,39.5,0.344,0,33
3/13/2017,,0.7,16.8,36.1,7.8,6.9,64.1,21.9,0.356,0,29
3/14/2017,,0.6,12.7,30.7,7.1,4.9,68,22.2,0.362,0,28
3/15/2017,,0.7,16.4,31.9,7.4,4.8,70.8,13.8,0.356,0,25
3/16/2017,,0.6,11.9,30.3,6.7,7,71.3,12,0.344,0,30
3/17/2017,,0.6,14.2,27.7,7.3,5.1,71,14.8,0.369,0,28
3/18/2017,,1.2,23.4,45,12.3,3.5,73.2,13.8,0.363,0,27
3/19/2017,,0.5,8.8,30.6,8.8,5,76.3,17.6,0.366,0,35
3/20/2017,,0.4,12.4,35,9.2,5.1,75.5,16.2,0.359,0,30
3/21/2017,,0.6,16.1,28.3,8.4,4.9,76.2,16,0.37,0,27
3/22/2017,,0.8,16,34.5,8.4,5.6,76.4,11.4,0.38,0,27
3/23/2017,,0.7,6.4,21.6,32.7,13,66.8,15.8,0.327,0,36
3/24/2017,,0.2,2.2,,6.8,11.6,59.7,24.1,0.385,0,44
3/25/2017,,0.4,8.2,,7.2,6.5,65.8,15.8,0.371,0,36
3/26/2017,,0.1,8.3,,7,9.2,64.7,18.5,0.386,0,
3/27/2017,,0.2,9.1,,6,7.1,67.8,15.9,0.389,0,43
3/28/2017,,0.1,7.9,,8.6,10,58.8,32.3,0.332,0,43
3/29/2017,,-0.1,5.2,,4.2,7.6,57.4,37.7,0.273,0,37
3/30/2017,,0.2,11.7,,4.6,6.8,65.6,23.8,0.402,0,32
3/31/2017,,0.2,3.9,,43.2,12.9,68.6,11.7,0.317,0,50
4/1/2017,,0.2,6.9,,15.2,6.1,56.5,23.8,0.279,0,45
4/2/2017,,0.3,4,,7.2,8,58.8,28.2,0.408,0,42
4/3/2017,,0.5,5,26.1,8.5,9.6,65.4,20.6,0.412,0,44
4/4/2017,,0.4,4.9,48.2,19.2,12.6,64.1,16.1,0.415,0,51
4/5/2017,,0.4,15.2,26.1,13.4,6,58.8,16.4,0.418,0,42
4/6/2017,,0.7,26.7,34.8,17.6,4.6,65.2,14.9,0.335,0,25
4/7/2017,,0.7,21.4,38.6,17.1,5.1,71.2,14.4,0.432,0,23
4/8/2017,,0.4,6.9,26.7,10.2,8.7,74.1,10.9,0.437,0,33
4/9/2017,,0.2,4.5,25.3,14.2,9.8,70.5,11.5,0.393,0,37
4/10/2017,,0.2,12.2,28.4,14.1,4.3,68.7,10.8,0.427,0,38
4/11/2017,,0.3,4.7,32.8,11.1,9.2,72.5,29.6,0.409,0,43
4/12/2017,,0.3,4.3,32.7,9.5,9.5,73.4,41.3,0.423,0,38
4/13/2017,,0.3,11,25.4,6.2,6.6,71.2,42.3,0.416,0,39
4/14/2017,,0.4,10.2,27.2,6.3,5.9,75.7,23.2,0.406,0,36
4/15/2017,,0.4,12,23.5,5.7,6.5,74.1,9.9,0.448,0,37
4/16/2017,,0.8,9.4,23.7,6.3,5.9,73.6,10.4,0.443,0,37
4/17/2017,,0.7,11.7,25.3,6.5,6.2,74.5,8.9,0.45,0,42
4/18/2017,,0.9,15,33.1,7.2,6.3,75.8,9.2,0.429,0,33
4/19/2017,,0.9,10,29.7,6.8,8.8,76.6,12.3,0.454,0,32
4/20/2017,,0.8,12.7,25.4,6.3,6.8,77.1,12.1,0.493,0,35
4/21/2017,,0.8,11.8,24,5.1,7.9,74.8,7.9,0.465,0,45
4/22/2017,,0.6,3.5,29,5.9,12.1,65.7,31.1,0.449,0,41
4/23/2017,,0.6,5.2,21.1,4.3,9.8,67.7,26.3,0.451,0,43
4/24/2017,,0.8,2.9,45.9,9,11,78.1,12.2,0.457,0,46
4/25/2017,,0.9,1.8,107.9,21.3,15.2,74.8,15.6,0.421,0,47
4/26/2017,,0.7,5.7,22.6,4.5,9.5,67.8,18.7,0.455,0,49
4/27/2017,,0.9,4.3,48.3,9.4,11.7,75.4,15.1,0.441,0,42
4/28/2017,,0.9,2,53.2,10.1,12.2,74.5,23.8,0.382,0,34
4/29/2017,,0.6,3.6,16.1,4.6,8.2,52.1,51.4,0.312,0.17,45
4/30/2017,,0.3,5.2,14.3,3.3,7.1,60.1,27.7,0.475,0,38
5/1/2017,,0.5,11.9,20.1,4.8,5.6,70.7,10.4,0.495,0,36
5/2/2017,,0.6,15.4,27.7,4.9,6.6,75.3,9.9,0.488,0,34
5/3/2017,,0.5,10.4,25.4,5,7.2,75.6,14,0.478,0,39
5/4/2017,,0.3,4.5,30.2,4.1,10.6,68.9,23.1,0.48,0,44
5/5/2017,,0.9,12.1,26,5.2,6.8,76.6,14.8,0.48,0,40
5/6/2017,,0.6,6.3,36.8,7.2,8.7,80.5,12.7,0.408,0,36
5/7/2017,,0.2,4.2,22,4.6,8.2,78.4,12.1,0.479,0,40
5/8/2017,,0.2,4.5,27.7,6.2,8.8,74.8,20.5,0.458,0,42
5/9/2017,,0.1,3.8,25.8,5.8,10.9,67.1,25.9,0.465,0,43
5/10/2017,,0,5.1,20.7,4.8,10.6,61.3,30,0.437,0,47
5/11/2017,,0,9.8,24,5.8,6.7,68.2,24.2,0.479,0,43
5/12/2017,,0.1,7.5,21.4,4,7.4,74.5,23.1,0.477,0,48
5/13/2017,,0.4,9.1,26.4,6,6.6,79.7,16.9,0.479,0,49
5/14/2017,,0.3,5,20.1,5.1,7.9,80.4,10.4,0.445,0,46
5/15/2017,,0.3,6,26.8,5.3,8.8,77.7,12.1,0.469,0,39
5/16/2017,,0.2,3.9,115.3,18.4,12.3,69.7,20.4,0.357,0,44
5/17/2017,,0.2,5.4,25.2,5.1,10.3,68.6,18.2,0.487,0,44
5/18/2017,,0.3,5.1,28.6,5.9,10.3,73,13.4,0.466,0,45
5/19/2017,,0.2,8.4,20.5,4.2,8.2,70.7,11.9,0.505,0,41
5/20/2017,,0.1,3.1,20.9,4.6,7.4,72.3,12.7,0.502,0,56
5/21/2017,,0.5,2.5,24,9,7.9,76.7,28.8,0.49,0,49
5/22/2017,,0.5,8.5,26.4,7,7.2,78.7,27.2,0.469,0,44
5/23/2017,,0.6,9.8,29.7,7.4,7.8,74.7,20.8,0.492,0,41
5/24/2017,,0.6,8.6,26.1,6,7.7,77.4,20.7,0.424,0,43
5/25/2017,,0.6,4.6,43.1,8.5,10,83.5,9.2,0.453,0,36
5/26/2017,,0.3,3.9,41,9,9.8,82,13,0.495,0,32
5/27/2017,,0.2,7.7,24.9,7.4,8.8,81.1,13.2,0.502,0,27
5/28/2017,,0.1,1.6,27.8,5.8,9.2,76.8,17.7,0.502,0,46
5/29/2017,,0.1,2.5,25.5,8.2,10.8,76.9,30.2,0.486,0.27,50
5/30/2017,,0.2,6.9,50.4,13.4,8.3,74.6,36.7,0.425,0.02,49
5/31/2017,,-0.1,10.3,27.1,13.3,7.1,74.4,38.4,0.393,0,44
6/1/2017,,0,6.3,20.3,7.9,9.1,74.8,38.7,0.365,0,47
6/2/2017,,0.3,6.8,22.2,8.6,5.9,77.1,30.9,0.462,0,50
6/3/2017,,0.2,4.5,18.1,6.9,6.2,80,28.3,0.399,0,47
6/4/2017,,0.5,11.1,22.2,12.1,4.5,82.8,26.1,0.471,0,47
6/5/2017,,0.7,6.9,26.3,16.9,6.7,86.4,21.3,0.487,0,51
6/6/2017,,0.7,4.3,29.9,10.1,8.9,84.9,26.5,0.445,0,59
6/7/2017,,0.5,4.9,28.6,6.3,7.2,82.1,32.9,0.443,0,53
6/8/2017,,0.5,2.6,22.2,4.6,7.5,80.4,34.9,0.463,0,47
6/9/2017,,0.6,8.5,28,7.8,6.6,86.2,20.7,0.475,0,40
6/10/2017,,0.6,4.9,40.4,11.3,8.6,88.6,12.3,0.475,0,39
6/11/2017,,0,5.4,51.1,10.4,9.4,85.6,10.3,0.474,0,33
6/12/2017,,0.1,9.1,36.2,9.5,7.3,84.3,13.3,0.492,0,30
6/13/2017,,0.1,5.5,25.6,5.8,7.7,84.7,10.7,0.499,0,34
6/14/2017,,0.3,17.1,31.5,7.7,4.4,86,7.2,0.498,0,33
6/15/2017,,0.4,20.5,34.2,8.8,4.2,88.7,6.9,0.47,0,30
6/16/2017,,0.1,13.3,29.4,8.7,7.7,88.9,4.6,0.494,0,39
6/17/2017,,0.2,4.9,24.9,9.2,8.4,89.7,4.9,0.493,0,50
6/18/2017,,0.6,3,34,10.5,9,88.9,13.4,0.482,0,47
6/19/2017,,0.5,5.9,46.7,10.7,8.4,89,30.3,0.426,0,49
6/20/2017,,0.5,7,32.5,9,7.8,91.1,26.5,0.462,0,41
6/21/2017,,0.6,6.3,30.4,8,6.9,90.7,22.4,0.449,0.09,38
6/22/2017,,0.6,9.6,38.5,9.7,6.6,94.3,17,0.469,0,42
6/23/2017,,0.5,5.9,56.1,13.3,9.2,95.4,13.8,0.463,0,48
6/24/2017,,0.4,2.7,43.8,11.4,12.8,85.3,30.5,0.453,0.01,52
6/25/2017,,0.3,4.9,36.4,12.2,7.2,80.4,42.4,0.439,0.26,48
6/26/2017,,0.4,6.1,25.7,9.4,7.2,81.6,39.3,0.445,0,48
6/27/2017,,0.6,10.1,25.6,8,5.9,83,35.9,0.467,0,53
6/28/2017,,0.6,10.1,27.2,7.5,7.6,89.8,16.1,0.48,0,42
6/29/2017,,0.6,5.2,33.3,9.7,8.7,89.2,13.9,0.48,0,39
6/30/2017,,0.6,7.8,38.1,9.1,6.3,89.9,10.9,0.485,0,37
7/1/2017,,0.6,2.7,55.4,12.9,9,86.9,31.3,0.448,0,43
7/2/2017,,0.8,,26.3,9,6.5,86.7,25.4,0.465,0,45
7/3/2017,,0.4,,33.4,10.2,6.6,90.3,19.2,0.426,0,47
7/4/2017,,0.4,,49,12.3,7.2,90.7,18.2,0.477,0,48
7/5/2017,,0.3,5.1,30.7,9.4,7.9,86.4,26.2,0.447,0,49
7/6/2017,,0.2,4.2,20.6,6,8.5,87.2,24.4,0.455,0,57
7/7/2017,,0.1,4,19.1,5.9,8.1,83.6,32,0.443,0,36
7/8/2017,,0.2,4.2,16.1,4.7,6.2,86,28.1,0.477,0,36
7/9/2017,,0.2,-0.1,16.9,3.8,6.5,87.5,22.5,0.444,0,43
7/10/2017,,0.3,3.2,16,3.9,5.9,87.7,23.3,0.432,0,52
7/11/2017,,0.4,3,34.9,5.6,7.6,87.1,28.5,0.481,0,49
7/12/2017,,0.4,5.6,25,,6.8,83.4,35.1,0.472,0,54
7/13/2017,,0.4,4.5,31.3,,8.2,85.4,32.8,0.448,0,39
7/14/2017,,0.3,1.4,19,,8.4,78.8,47,0.284,0,30
7/15/2017,,0.3,0.5,20,,7.7,74.8,64,0.249,0.03,29
7/16/2017,,0.4,,18.1,,6.6,78.7,50.3,0.399,0.01,34
7/17/2017,,0.6,4.1,23.7,,6.2,82.3,41,0.429,0,36
7/18/2017,,0.5,9.4,25.2,,5.2,80.9,45.8,0.398,0,38
7/19/2017,,0.4,4.3,24.4,,8.2,77.1,53.8,0.384,0.41,39
7/20/2017,,0.4,4.1,21,,7.8,78.9,47.7,0.428,0,41
7/21/2017,,0.5,7.8,25.6,,5.2,78.2,53.8,0.342,0.09,39
7/22/2017,,0.6,7.9,24,,4.4,76.2,64.1,0.328,0.39,36
7/23/2017,,0.8,2.3,19,,4.7,77.6,59.8,0.387,0.02,37
7/24/2017,,0.9,8.7,20.7,,4.7,80.7,50.6,0.379,0,39
7/25/2017,,0.8,6.8,16.6,,5.7,81.6,47.5,0.465,0.02,43
7/26/2017,,0.8,9.1,26.4,9.8,6.2,85.1,42.8,0.385,0,34
7/27/2017,,0.9,13.7,24.5,7.2,7.3,79.7,49.7,0.239,0.01,34
7/28/2017,,0.9,10.8,32.3,7,5.5,81.1,44.8,0.448,0.05,44
7/29/2017,,0.4,7,17.5,4.6,6,80.9,48.3,0.441,0.52,
7/30/2017,,,,18.8,5,6.3,83.9,36.4,0.378,0,
7/31/2017,,,3.6,29.1,8.7,6.7,82,47.8,0.297,0.34,39
8/1/2017,,0.2,2.9,16.5,5.5,7.5,77.7,55.2,0.402,0.08,40
8/2/2017,,0.1,3.8,18.1,6.7,6.9,80.9,42.2,0.452,0.01,47
8/3/2017,,0.2,7.8,23.8,6.8,6.1,82.7,31.2,0.437,0,50
8/4/2017,,0.2,7,26,7.5,6.5,83.9,29.7,0.446,0,53
8/5/2017,,0.5,6.5,23.7,7.7,5.5,84,35.6,0.451,0.67,42
8/6/2017,,1.3,5.2,17.5,4.7,6,84,36.5,0.427,0,34
8/7/2017,,1.5,5.6,27.6,8.7,6.3,85,35.6,0.42,0,46
8/8/2017,,1.2,1.3,22.3,7.2,10.2,83,44.2,0.443,0,44
8/9/2017,,1.3,3.8,20.5,5.9,7.1,84.5,38.5,0.444,0,41
8/10/2017,,1.4,3.9,25.2,7.4,7.2,86.9,31.8,0.434,0,37
8/11/2017,,1.5,2.7,24,7.3,9.2,83,42.5,0.378,0.21,34
8/12/2017,,1.2,3.3,16.6,5.1,6,79.4,51.2,0.412,0.06,
8/13/2017,,1.2,,16.6,4.7,7.1,82.2,43.7,0.424,0,
8/14/2017,,1,,19.3,5.1,6.7,82.7,41.8,0.433,0.07,47
8/15/2017,,1.1,5.3,18.2,4.6,7.8,79.5,45.3,0.416,0.1,39
8/16/2017,,1,8.1,21.6,6,6.3,82.6,32.4,0.438,0,31
8/17/2017,,1.2,19.3,35.1,9.1,3.7,84.7,24.9,0.387,0,35
8/18/2017,,0.9,7.7,29.6,6.4,7.4,82.9,38.7,0.422,0,38
8/19/2017,,1.1,7,22.5,5.5,6.4,78.4,46.6,0.258,0.01,37
8/20/2017,,1.3,2.6,15.7,4.8,4.4,72.3,67.9,0.209,0.38,36
8/21/2017,,1.4,10.8,28.7,7.1,4.3,77.1,58.3,0.366,0.19,30
8/22/2017,,1.2,11.6,29.7,8,4.5,83.2,43.7,0.424,0,29
8/23/2017,,1.1,4.8,24.6,6.2,8.6,79.4,49.6,0.372,0.13,37
8/24/2017,,1.5,6.6,20.2,5.4,6,74.9,54.7,0.38,0.13,44
8/25/2017,,1.3,10.2,22.5,7.4,5.8,77.1,54.8,0.342,2.31,34
8/26/2017,,1.3,3.1,20.4,7.2,6.6,80,47.1,0.367,0,45
8/27/2017,,0.9,1.3,19.6,6.8,6.6,81.2,38.4,0.4,0,40
8/28/2017,,1.1,4.9,24.5,9.2,7.6,81,33.5,0.414,0,43
8/29/2017,,1.3,5.8,28.3,10.5,6.7,79.8,35.5,0.364,0,47
8/30/2017,,1.5,11.3,31.7,8.6,5.8,79,27.3,0.416,0,43
8/31/2017,,1.6,11.6,32.5,9.8,5.8,79.4,26,0.406,0,44
9/1/2017,,1.7,15.2,35,9.4,6.2,81,20.4,0.408,0,35
9/2/2017,,1.7,14.9,35.1,11.1,4.4,82.1,21.1,0.295,0,29
9/3/2017,,1.3,8.4,38.9,17.4,5.3,82.5,25,0.387,0,36
9/4/2017,,1.3,8.7,29.9,13.5,6,81.8,26.2,0.399,0,43
9/5/2017,,1.4,5.8,32.9,11.3,7.8,81.5,27.7,0.37,0,42
9/6/2017,,1.6,10.9,43,13,7,79.1,33.8,0.367,0,41
9/7/2017,,1.7,19.2,48.8,15.9,4,82.1,27.9,0.372,0,32
9/8/2017,,1.5,8.7,44.6,16.8,7.2,81.5,28.7,0.352,0,40
9/9/2017,,1.5,4.5,31,14,7.8,79.7,27,0.325,0,46
9/10/2017,,1.1,0.7,25.1,10.1,8.1,79.5,31.4,0.381,0,47
9/11/2017,,1,9.1,29,10.2,6.3,80.6,23.6,0.389,0,39
9/12/2017,,1.4,17.8,42.4,14.7,4,82.6,19.6,0.381,0,40
9/13/2017,,1.2,16.4,43,13.1,6,84.5,19.6,0.379,0,28
9/14/2017,,1,6.7,28.1,8,7.3,83.6,24.6,0.365,0,31
9/15/2017,,1,4.2,31.3,9.3,6.5,82.3,28.9,0.329,0,30
9/16/2017,,0.9,5.4,27.4,9.1,5.5,80.3,36.3,0.362,0,30
9/17/2017,,0.7,2.4,29.5,8.6,5.4,80.7,32.9,0.355,0,38
9/18/2017,,0.5,4,30.6,8.1,7.2,81.9,29.8,0.36,0,35
9/19/2017,,0.7,4.3,33.7,9.3,7.9,82.2,31.3,0.353,0,31
9/20/2017,,0.7,6.8,30.2,8.6,7.2,81.3,27.5,0.37,0,25
9/21/2017,,0.7,6.6,27.4,8.3,6,83.2,25.4,0.368,0,26
9/22/2017,,1.1,9,29.9,8.3,4.7,83.9,21.9,0.355,0,16
9/23/2017,,0.8,3.3,31.5,8.9,6.9,79.4,36.7,0.276,0,29
9/24/2017,,0.6,3.8,20.3,5.8,4.8,76.6,26.8,0.357,0,25
9/25/2017,,0.7,14.7,28.5,7.6,5.9,75.4,25.1,0.364,0,20
9/26/2017,,0.7,10.2,31,9.1,8.8,72.5,43.9,0.29,0,22
9/27/2017,,0.4,2.3,14.4,4.1,10.5,65.7,72.4,0.147,0.83,24
9/28/2017,,0.3,2.7,15.6,3.9,9.5,68.3,68.2,0.243,0.97,21
9/29/2017,,0.2,3.2,16.2,3.7,10.6,71.1,59.5,0.239,0,27
9/30/2017,,0.3,3.8,16.6,3.9,8.8,71.1,62.3,0.27,0,23
10/1/2017,,0.8,8,22.5,5.6,6.1,76.8,46.3,0.342,0,23
10/2/2017,,1,10.2,28.6,7.5,5.5,80.3,23.1,0.344,0,23
10/3/2017,,1,9.3,31.2,10,5.3,78.9,30.8,0.332,0,28
10/4/2017,,0.6,2.7,21.8,8.7,9.2,78.5,52.4,0.27,0,23
10/5/2017,,0.6,3.5,24.3,4.9,7.4,80.9,48.9,0.265,0,19
10/6/2017,,1,8.1,24.6,5.9,6.7,80.5,38.4,0.322,0,22
10/7/2017,,1.1,15.8,38.3,10.1,3.6,70.4,18.8,0.341,0,26
10/8/2017,,1.2,7.4,34.5,7.1,8.1,73,19,0.338,0,26
10/9/2017,,1,6.6,36.3,8.2,9.2,73.2,25.9,0.326,0,29
10/10/2017,,0.8,3,23.4,3.9,10.8,59.3,36.5,0.318,0,29
10/11/2017,,1.1,10.8,28.7,8.1,7.3,67.2,36,0.314,0,28
10/12/2017,,1.4,18.2,40.2,12.1,4.9,75.7,40.5,0.298,0,30
10/13/2017,,1.2,15.9,39,12,4.3,78.9,38.3,0.292,0.01,20
10/14/2017,,0.8,6.1,20.6,5.7,6.9,79.2,32.6,0.27,0,30
10/15/2017,,0.2,2.5,33.5,6.7,10.3,65.9,22.3,0.314,0,38
10/16/2017,,0.3,10.4,24.7,6.5,7.5,67.3,25.9,0.303,0,35
10/17/2017,,0.5,21,37.1,10.1,4.3,71.1,30.5,0.291,0,28
10/18/2017,,0.8,20,46.1,11.7,4.3,72.8,35.8,0.194,0,22
10/19/2017,,0.5,9.6,30.3,6.4,7,72,42.5,0.274,0.01,30
10/20/2017,,0.6,8,26.5,6.6,7.3,71.8,38.8,0.276,0,28
10/21/2017,,0.5,6.1,26.8,6.6,8.9,70.9,28.2,0.294,0,27
10/22/2017,,0.7,10.7,26.6,6.2,3.9,66.3,16.7,0.298,0,25
10/23/2017,,1,14,30,7.1,5.5,68,22.2,0.295,0,19
10/24/2017,,0.4,2.7,35.3,5.6,10.9,63.4,25.7,0.285,0,34
10/25/2017,,1,20.2,40.5,10,4.5,62.3,25.8,0.285,0,25
10/26/2017,,0.9,11.7,47.2,9,9.5,69.8,24.1,0.282,0,28
10/27/2017,,0.6,0.5,58,7.6,11.9,55.5,31.9,0.274,0,31
10/28/2017,,1,4.8,31.1,5.9,7.9,55.3,30.5,0.272,0,31
10/29/2017,,1.5,12.6,32.4,7.9,4.1,61.7,24.8,0.275,0,23
10/30/2017,,1.4,6.5,36.7,7.7,9,65.4,25.6,0.261,0,32
10/31/2017,,1.6,12.5,35.4,7.7,8,57.7,40.6,0.258,0.04,25
11/1/2017,,1.5,10.6,29.7,6.6,8.5,66.2,30.3,0.238,0,26
11/2/2017,,1.5,13.8,28.5,8.6,6.8,65.7,32.5,0.263,0,17
11/3/2017,,1.3,12.3,24.3,7.8,5.8,67.8,31.7,0.225,0,18
11/4/2017,,1.6,13.6,28.7,6,5,64.5,43.5,0.111,0,13
11/5/2017,,1,9.1,21.4,5.8,6.7,69,45.2,0.255,0,18
11/6/2017,,1.1,16.1,25.7,6.7,6.4,68.6,27.7,0.243,0,16
11/7/2017,,1.1,14.1,26,6.6,4.2,68.5,29.5,0.2,0,10
11/8/2017,,1,13,25,5.2,6.6,57.2,70.1,0.177,0.36,15
11/9/2017,,1.2,15.1,23,5,6.8,55.9,62.9,0.236,0,15
11/10/2017,,1.5,21.1,35.4,8.6,4.6,62.5,52.3,0.238,0,14
11/11/2017,,1.3,16.2,25.7,6.7,4.4,67.1,38.3,0.234,0,16
11/12/2017,,1,7.2,25.4,7.1,6.4,64.1,36.7,0.214,0,20
11/13/2017,,1,19.2,39.7,11.1,6.5,62.8,49.1,0.221,0,23
11/14/2017,,1.5,21.2,39.2,10.5,3.9,67.7,38.4,0.235,0,13
11/15/2017,,0.9,13.4,28,6.1,7.2,66.6,20.5,0.236,0,21
11/16/2017,,1.5,27,42.7,10.9,3.7,65.9,23.8,0.23,0,12
11/17/2017,,1.3,14.5,30.9,6.6,7.6,69.8,17.6,0.221,0,18
11/18/2017,,0.7,4.5,25.4,5.4,8.2,59.5,25.9,0.19,0,30
11/19/2017,,0.8,5.6,26,4.7,6.8,52.7,20.4,0.214,0,33
11/20/2017,,1,14.2,32,6.9,5.7,53.8,26.8,0.212,0,19
11/21/2017,,0.9,16.1,37.2,8.2,7.7,60.4,17.6,0.207,0,18
11/22/2017,,0.9,14.9,46.5,10.3,5.8,57.2,26.4,0.214,0,23
11/23/2017,,0.9,13.7,36.9,8.8,3.9,57.8,29.1,0.219,0,21
11/24/2017,,0.7,9.1,26.8,6,7.3,63.3,22.5,0.22,0,25
11/25/2017,,1.1,17.8,40.3,11.5,4,63.1,23.5,0.217,0,15
11/26/2017,,1.7,30,47.9,13.9,3.6,62.2,29.8,0.214,0,21
11/27/2017,,2.5,34.8,59.1,15.4,2.6,61.7,29,0.212,0,9
11/28/2017,,1.1,4.6,34.7,6.5,9.9,65,19.8,0.21,0,35
11/29/2017,,1.4,12.6,35.8,8.3,6.7,52.5,36.8,0.165,0,
11/30/2017,,1.6,17.5,39.2,8.7,5.2,57.4,31.5,0.2,0,21
12/1/2017,,1.7,23.8,48,11.7,3.9,59.3,27.8,0.123,0,11
12/2/2017,,1.5,28.2,53.4,14,3.3,59.9,31.5,0.144,0,9
12/3/2017,,1.2,,38.2,12.3,4.6,61.3,29.9,0.197,0,16
12/4/2017,,1.3,28.4,34.3,9.2,6.1,61.5,31.7,0.18,0,22
12/5/2017,,1,13.3,42.6,8.7,8.1,51.7,29.6,0.102,0,19
12/6/2017,,1,12.5,20.5,5.9,6.9,42.1,78.8,0.026,0.21,16
12/7/2017,,0.7,11.3,17.4,5.9,9.1,34.7,70.9,0.08,0.14,22
12/8/2017,,0.7,13.8,17.6,5.6,7.2,35.3,62.8,0.206,0,19
12/9/2017,,1,22,36,15.2,3.5,42.1,53.9,0.2,0,14
12/10/2017,,1.4,29.8,42.3,15.3,3.3,44.7,45,0.196,0,10
12/11/2017,,1.4,29.6,47.1,13.7,3.9,46,38.6,0.171,0,7
12/12/2017,,1.4,26.1,42.5,11.6,5.5,48,29,0.2,0,14
12/13/2017,,1.5,23.2,35.4,10.3,4.5,47.6,30.9,0.195,0,15
12/14/2017,,1.3,17.5,36.1,11.2,7,50,36.8,0.195,0,22
12/15/2017,,1.1,25.1,42.8,15.9,5.6,44,38.8,0.192,0,20
12/16/2017,,1.6,26.2,41.3,15.7,4.6,43.7,47.2,0.189,0,15
12/17/2017,,0.9,14.7,29.7,15.5,5.5,46.5,65.7,0.076,0.47,14
12/18/2017,,0.4,15.7,16.9,6.7,4.9,48.9,77.1,0.129,0.08,17
12/19/2017,,0.4,11.5,17.9,6.7,7.9,48.2,64.6,0.191,0,20
12/20/2017,,0.5,11.9,18.3,5.8,7.4,52.3,47.7,0.197,0,27
12/21/2017,,0.6,10.8,23.2,5.7,6.9,57.5,27.6,0.125,0,29
12/22/2017,,0.4,5.7,22.7,7.6,9.4,42.4,30.3,0.196,0,34
12/23/2017,,0.4,11,17.5,5.1,7.8,43.9,34.3,0.176,0,25
12/24/2017,,1.3,20.3,31.5,12.2,5.4,52.6,26.3,0.192,0,23
12/25/2017,,1.4,18.2,39.3,16.7,5.5,54.8,25.2,0.198,0,20
12/26/2017,,1,13.2,18.5,5.2,7.3,59.1,17.2,0.186,0,27
12/27/2017,,1.2,21.7,35.3,9.7,5.7,53.6,29.8,0.14,0,14
12/28/2017,,1.4,26.8,39.9,14.6,2.8,50.8,36.3,0.197,0,12
12/29/2017,,1.3,22.9,30.4,9.5,5.4,52.1,29.3,0.202,0,17
12/30/2017,,1.1,15.8,21.6,6.4,6.4,55.4,27.8,0.204,0,23
12/31/2017,,1,8.8,27.1,10,9,55.5,26.3,0.189,0,23
