Bext,Bscat,Babs
0.00800427,2.9164E-10,0.008004269
0.002001068,5.83281E-10,0.002001067
0.000889364,8.74921E-10,0.000889363
0.000500268,1.16656E-09,0.000500267
0.000320172,1.4582E-09,0.000320171
0.000222343,1.74984E-09,0.000222341
0.000163354,2.04148E-09,0.000163352
0.000125069,2.33312E-09,0.000125067
9.88208E-05,2.62476E-09,9.88181E-05
8.00456E-05,2.9164E-09,8.00427E-05
6.61542E-05,3.20804E-09,6.6151E-05
5.55887E-05,3.49968E-09,5.55852E-05
4.73663E-05,3.79132E-09,4.73625E-05
0.006302729,6.29141E-07,0.0063021
0.006305151,7.73925E-07,0.006304377
0.006307744,9.39399E-07,0.006306805
0.006310511,1.12695E-06,0.006309385
0.006313452,1.33798E-06,0.006312114
0.006316568,1.57387E-06,0.006314994
0.006319858,1.83602E-06,0.006318022
0.006323324,2.12583E-06,0.006321198
0.006326967,2.4447E-06,0.006324522
0.006330787,2.79403E-06,0.006327993
0.006334785,3.17523E-06,0.00633161
0.006338962,3.5897E-06,0.006335372
0.006343317,4.03886E-06,0.006339279
0.006347853,4.52411E-06,0.006343329
0.00635257,5.04688E-06,0.006347523
0.006357468,5.60857E-06,0.006351859
0.006362547,6.21062E-06,0.006356337
0.00636781,6.85443E-06,0.006360956
0.006373256,7.54145E-06,0.006365714
0.006378886,8.2731E-06,0.006370613
0.0063847,9.05081E-06,0.00637565
0.0063907,9.87602E-06,0.006380824
0.006396886,1.07502E-05,0.006386136
0.006403259,1.16747E-05,0.006391584
0.006409819,1.2651E-05,0.006397168
0.006416566,1.36806E-05,0.006402886
0.006423503,1.47649E-05,0.006408738
0.006430628,1.59054E-05,0.006414723
0.006437944,1.71035E-05,0.00642084
0.006445449,1.83607E-05,0.006427089
0.006453146,1.96784E-05,0.006433468
0.006461035,2.10581E-05,0.006439977
0.006469116,2.25013E-05,0.006446614
0.006477389,2.40094E-05,0.00645338
0.006485857,2.5584E-05,0.006460273
0.006494518,2.72264E-05,0.006467291
0.006503373,2.89382E-05,0.006474435
0.006512424,3.07209E-05,0.006481703
0.006521671,3.25759E-05,0.006489095
0.006531114,3.45047E-05,0.006496609
0.006540753,3.65088E-05,0.006504244
0.00655059,3.85897E-05,0.006512
0.006560625,4.07488E-05,0.006519876
0.006570858,4.29877E-05,0.00652787
0.006581289,4.5308E-05,0.006535981
0.00659192,4.77109E-05,0.006544209
0.006602751,5.01981E-05,0.006552553
0.006613782,5.27711E-05,0.006561011
0.006625013,5.54314E-05,0.006569582
0.006636446,5.81804E-05,0.006578265
0.00664808,6.10197E-05,0.00658706
0.006659916,6.39507E-05,0.006595965
0.006671954,6.6975E-05,0.006604979
0.006684194,7.00941E-05,0.0066141
0.006696638,7.33095E-05,0.006623328
0.006709285,7.66226E-05,0.006632662
0.006722135,8.00351E-05,0.0066421
0.006735189,8.35483E-05,0.006651641
0.006748448,8.71638E-05,0.006661284
0.00676191,9.08831E-05,0.006671027
0.006775578,9.47077E-05,0.00668087
0.00678945,9.86391E-05,0.006690811
0.006803528,0.000102679,0.006700849
0.00681781,0.000106828,0.006710982
0.006832298,0.000111089,0.006721209
0.006846992,0.000115462,0.006731529
0.006861891,0.00011995,0.006741941
0.006876996,0.000124553,0.006752442
0.006892306,0.000129274,0.006763032
0.006907823,0.000134113,0.006773709
0.006923545,0.000139073,0.006784472
0.006939473,0.000144154,0.006795319
0.006955607,0.000149358,0.006806249
0.006971946,0.000154686,0.00681726
0.006988491,0.000160141,0.006828351
0.007005242,0.000165722,0.006839519
0.007022197,0.000171433,0.006850764
0.007039358,0.000177274,0.006862084
0.007056724,0.000183246,0.006873478
0.007074295,0.000189352,0.006884943
0.007092069,0.000195592,0.006896477
0.007110048,0.000201968,0.00690808
0.00712823,0.000208481,0.00691975
0.007146616,0.000215132,0.006931484
0.007165205,0.000221924,0.006943281
0.007183996,0.000228856,0.006955139
0.007202988,0.000235932,0.006967057
0.007222182,0.000243151,0.006979032
0.007241577,0.000250515,0.006991062
0.007261172,0.000258026,0.007003146
0.007280967,0.000265684,0.007015282
0.00730096,0.000273492,0.007027468
0.007321151,0.00028145,0.007039702
0.00734154,0.000289559,0.007051981
0.007362125,0.00029782,0.007064304
0.007382905,0.000306236,0.007076669
0.007403881,0.000314807,0.007089074
0.00742505,0.000323533,0.007101516
0.007446411,0.000332417,0.007113994
0.007467964,0.000341459,0.007126505
0.007489708,0.000350661,0.007139047
0.007511641,0.000360023,0.007151618
0.007533762,0.000369546,0.007164215
0.00755607,0.000379232,0.007176837
0.007578563,0.000389082,0.007189481
0.007601241,0.000399095,0.007202145
0.007624101,0.000409275,0.007214826
0.007647143,0.00041962,0.007227523
0.007670364,0.000430132,0.007240232
0.007693764,0.000440813,0.007252951
0.00771734,0.000451661,0.007265679
0.007741091,0.00046268,0.007278411
0.007765016,0.000473868,0.007291147
0.007789111,0.000485228,0.007303883
0.007813376,0.000496759,0.007316617
0.007837809,0.000508462,0.007329346
0.007862407,0.000520338,0.007342069
0.007887168,0.000532387,0.007354781
0.007912091,0.00054461,0.007367481
0.007937173,0.000557008,0.007380165
0.007962412,0.00056958,0.007392832
0.007987806,0.000582327,0.007405478
0.008013352,0.00059525,0.007418102
0.008039048,0.000608349,0.007430699
0.008064891,0.000621623,0.007443268
0.008090879,0.000635074,0.007455805
0.00811701,0.000648701,0.007468308
0.008143279,0.000662505,0.007480774
0.008169686,0.000676486,0.0074932
0.008196227,0.000690643,0.007505584
0.008222899,0.000704977,0.007517922
0.008249699,0.000719487,0.007530212
0.008276624,0.000734173,0.00754245
0.008303671,0.000749036,0.007554634
0.008330837,0.000764075,0.007566762
0.008358118,0.00077929,0.007578829
0.008385512,0.000794679,0.007590833
0.008413015,0.000810244,0.007602771
0.008440624,0.000825983,0.007614641
0.008468335,0.000841896,0.007626439
0.008496144,0.000857983,0.007638162
0.008524049,0.000874242,0.007649807
0.008552044,0.000890673,0.007661372
0.008580128,0.000907275,0.007672853
0.008608295,0.000924048,0.007684247
0.008636541,0.00094099,0.007695551
0.008664864,0.0009581,0.007706763
0.008693258,0.000975379,0.00771788
0.00872172,0.000992823,0.007728897
0.008750246,0.001010433,0.007739813
0.008778831,0.001028207,0.007750625
0.008807472,0.001046143,0.007761328
0.008836163,0.001064241,0.007771922
0.0088649,0.001082499,0.007782401
0.00889368,0.001100915,0.007792765
0.008922497,0.001119489,0.007803008
0.008951347,0.001138217,0.00781313
0.008980225,0.001157099,0.007823126
0.009009127,0.001176133,0.007832994
0.009038048,0.001195317,0.007842731
0.009066983,0.001214649,0.007852334
0.009095927,0.001234127,0.0078618
0.009124875,0.001253749,0.007871126
0.009153823,0.001273513,0.00788031
0.009182765,0.001293416,0.007889349
0.009211697,0.001313457,0.00789824
0.009240613,0.001333633,0.00790698
0.009269508,0.001353942,0.007915566
0.009298377,0.001374381,0.007923996
0.009327215,0.001394947,0.007932268
0.009356016,0.001415639,0.007940378
0.009384776,0.001436452,0.007948324
0.009413489,0.001457386,0.007956103
0.00944215,0.001478436,0.007963713
0.009470752,0.0014996,0.007971152
0.009499292,0.001520875,0.007978417
0.009527763,0.001542258,0.007985505
0.00955616,0.001563746,0.007992414
0.009584478,0.001585336,0.007999143
0.009612711,0.001607024,0.008005688
0.009640854,0.001628807,0.008012047
0.0096689,0.001650682,0.008018218
0.009696845,0.001672645,0.0080242
0.009724683,0.001694693,0.00802999
0.009752408,0.001716823,0.008035585
0.009780016,0.001739031,0.008040985
0.0098075,0.001761313,0.008046186
0.009834854,0.001783666,0.008051188
0.009862074,0.001806085,0.008055989
0.009889153,0.001828568,0.008060586
0.009916087,0.00185111,0.008064977
0.00994287,0.001873707,0.008069163
0.009969495,0.001896356,0.00807314
0.009995959,0.001919052,0.008076907
0.010022254,0.001941791,0.008080463
0.010048377,0.00196457,0.008083806
0.010074321,0.001987385,0.008086936
0.010100081,0.00201023,0.00808985
0.010125651,0.002033103,0.008092548
0.010151027,0.002055998,0.008095029
0.010176203,0.002078912,0.008097291
0.010201174,0.002101841,0.008099333
0.010225935,0.002124779,0.008101155
0.01025048,0.002147723,0.008102756
0.010274804,0.002170669,0.008104135
0.010298903,0.002193612,0.008105291
0.010322771,0.002216548,0.008106223
0.010346404,0.002239472,0.008106932
0.010369796,0.00226238,0.008107416
0.010392942,0.002285267,0.008107675
0.010415839,0.00230813,0.008107709
0.010438481,0.002330964,0.008107517
0.010460864,0.002353765,0.008107099
0.010482983,0.002376527,0.008106456
0.010504833,0.002399247,0.008105586
0.010526411,0.00242192,0.00810449
0.010547711,0.002444543,0.008103169
0.010568731,0.002467109,0.008101621
0.010589464,0.002489616,0.008099848
0.010609909,0.002512059,0.008097849
0.010630059,0.002534434,0.008095626
0.010649913,0.002556736,0.008093177
0.010669465,0.00257896,0.008090504
0.010688712,0.002601104,0.008087608
0.010707651,0.002623162,0.008084489
0.010726277,0.00264513,0.008081147
0.010744588,0.002667005,0.008077583
0.01076258,0.002688782,0.008073798
0.010780251,0.002710457,0.008069794
0.010797596,0.002732026,0.00806557
0.010814613,0.002753485,0.008061128
0.010831299,0.002774831,0.008056468
0.010847651,0.002796058,0.008051593
0.010863667,0.002817165,0.008046502
0.010879343,0.002838145,0.008041198
0.010894678,0.002858997,0.00803568
0.010909669,0.002879717,0.008029952
0.010924313,0.0029003,0.008024014
0.01093861,0.002920743,0.008017867
0.010952555,0.002941043,0.008011513
0.010966149,0.002961196,0.008004953
0.010979388,0.002981199,0.007998189
0.010992272,0.003001049,0.007991223
0.011004798,0.003020743,0.007984055
0.011016965,0.003040277,0.007976688
0.011028772,0.003059648,0.007969124
0.011040218,0.003078854,0.007961364
0.0110513,0.003097891,0.007953409
0.01106202,0.003116757,0.007945263
0.011072374,0.003135449,0.007936926
0.011082363,0.003153964,0.0079284
0.011091987,0.003172299,0.007919687
0.011101243,0.003190453,0.00791079
0.011110133,0.003208423,0.00790171
0.011118655,0.003226206,0.007892449
0.011126809,0.0032438,0.007883009
0.011134596,0.003261204,0.007873392
0.011142014,0.003278414,0.0078636
0.011149065,0.003295429,0.007853636
0.011155749,0.003312248,0.007843501
0.011162065,0.003328867,0.007833198
0.011168014,0.003345287,0.007822728
0.011173597,0.003361504,0.007812094
0.011178814,0.003377517,0.007801297
0.011183666,0.003393325,0.007790341
0.011188154,0.003408927,0.007779227
0.011192278,0.003424321,0.007767958
0.01119604,0.003439506,0.007756535
0.011199441,0.00345448,0.007744961
0.011202482,0.003469244,0.007733238
0.011205163,0.003483795,0.007721368
0.011207488,0.003498134,0.007709354
0.011209456,0.003512258,0.007697197
0.01121107,0.003526169,0.007684901
0.011212331,0.003539864,0.007672467
0.011213241,0.003553343,0.007659897
0.011213801,0.003566607,0.007647194
0.011214014,0.003579654,0.007634361
0.011213882,0.003592484,0.007621398
0.011213406,0.003605097,0.007608309
0.01121259,0.003617494,0.007595096
0.011211434,0.003629673,0.007581761
0.011209941,0.003641635,0.007568306
0.011208114,0.00365338,0.007554734
0.011205955,0.003664908,0.007541047
0.011203466,0.003676219,0.007527247
0.01120065,0.003687315,0.007513336
0.011197511,0.003698194,0.007499317
0.011194049,0.003708858,0.007485191
0.011190269,0.003719307,0.007470962
0.011186172,0.003729541,0.007456631
0.011181763,0.003739562,0.007442201
0.011177043,0.003749369,0.007427674
0.011172016,0.003758964,0.007413052
0.011166685,0.003768348,0.007398337
0.011161053,0.003777521,0.007383532
0.011155123,0.003786484,0.007368639
0.011148899,0.003795239,0.00735366
0.011142383,0.003803786,0.007338597
0.011135579,0.003812127,0.007323452
0.01112849,0.003820262,0.007308229
0.01112112,0.003828192,0.007292928
0.011113473,0.00383592,0.007277553
0.011105551,0.003843446,0.007262105
0.011097358,0.003850772,0.007246586
0.011088898,0.003857898,0.007231
0.011080174,0.003864827,0.007215347
0.01107119,0.00387156,0.007199631
0.01106195,0.003878098,0.007183853
0.011052458,0.003884443,0.007168015
0.011042717,0.003890596,0.007152121
0.011032731,0.003896559,0.007136171
0.011022503,0.003902334,0.007120169
0.011012038,0.003907922,0.007104116
0.01100134,0.003913325,0.007088015
0.010990412,0.003918545,0.007071868
0.010979259,0.003923583,0.007055676
0.010967884,0.003928441,0.007039443
0.010956291,0.003933121,0.00702317
0.010944484,0.003937625,0.007006859
0.010932468,0.003941955,0.006990513
0.010920245,0.003946111,0.006974134
0.010907821,0.003950098,0.006957724
0.0108952,0.003953915,0.006941285
0.010882385,0.003957566,0.006924819
0.01086938,0.003961051,0.006908329
0.010856189,0.003964374,0.006891816
0.010842818,0.003967535,0.006875283
0.010829269,0.003970538,0.006858731
0.010815547,0.003973383,0.006842164
0.010801655,0.003976073,0.006825583
0.010787599,0.00397861,0.006808989
0.010773382,0.003980995,0.006792387
0.010759008,0.003983232,0.006775776
0.010744482,0.003985322,0.00675916
0.010729806,0.003987266,0.006742541
0.010714987,0.003989067,0.00672592
0.010700027,0.003990728,0.006709299
0.010684931,0.003992249,0.006692682
0.010669702,0.003993633,0.006676069
0.010654346,0.003994883,0.006659463
0.010638865,0.003995999,0.006642866
0.010623264,0.003996985,0.006626279
0.010607547,0.003997842,0.006609705
0.010591718,0.003998572,0.006593146
0.010575782,0.003999178,0.006576604
0.010559741,0.003999661,0.00656008
0.0105436,0.004000023,0.006543576
0.010527362,0.004000267,0.006527096
0.010511033,0.004000394,0.006510639
0.010494615,0.004000407,0.006494209
0.010478113,0.004000307,0.006477806
0.01046153,0.004000096,0.006461433
0.01044487,0.003999777,0.006445092
0.010428137,0.003999352,0.006428785
0.010411335,0.003998822,0.006412512
0.010394467,0.00399819,0.006396277
0.010377537,0.003997457,0.00638008
0.010360549,0.003996625,0.006363923
0.010343506,0.003995697,0.006347809
0.010326412,0.003994674,0.006331737
0.01030927,0.003993559,0.006315711
0.010292085,0.003992353,0.006299732
0.010274858,0.003991057,0.006283801
0.010257595,0.003989675,0.00626792
0.010240297,0.003988208,0.006252089
0.01022297,0.003986658,0.006236312
0.010205615,0.003985026,0.006220589
0.010188236,0.003983315,0.006204921
0.010170836,0.003981526,0.00618931
0.010153419,0.003979661,0.006173757
0.010135987,0.003977723,0.006158264
0.010118543,0.003975712,0.006142831
0.010101091,0.003973631,0.00612746
0.010083634,0.003971481,0.006112153
0.010066174,0.003969265,0.006096909
0.010048714,0.003966983,0.006081731
0.010031257,0.003964638,0.006066619
0.010013806,0.003962231,0.006051574
0.009996363,0.003959765,0.006036598
0.009978931,0.00395724,0.006021691
0.009961513,0.003954659,0.006006855
0.009944111,0.003952022,0.005992089
0.009926727,0.003949332,0.005977395
0.009909365,0.003946591,0.005962774
0.009892025,0.003943799,0.005948226
0.009874711,0.003940959,0.005933752
0.009857425,0.003938072,0.005919354
0.009840169,0.003935139,0.00590503
0.009822945,0.003932162,0.005890783
0.009805755,0.003929143,0.005876611
0.0097886,0.003926083,0.005862517
0.009771484,0.003922983,0.005848501
0.009754408,0.003919846,0.005834562
0.009737373,0.003916671,0.005820701
0.009720381,0.003913462,0.005806919
0.009703434,0.003910218,0.005793216
0.009686534,0.003906942,0.005779592
0.009669681,0.003903635,0.005766047
0.009652879,0.003900297,0.005752581
0.009636127,0.003896932,0.005739195
0.009619428,0.003893538,0.005725889
0.009602782,0.003890119,0.005712662
0.009586191,0.003886675,0.005699515
0.009569655,0.003883207,0.005686448
0.009553177,0.003879717,0.00567346
0.009536757,0.003876206,0.005660552
0.009520397,0.003872674,0.005647723
0.009504096,0.003869123,0.005634973
0.009487856,0.003865554,0.005622302
0.009471677,0.003861968,0.005609709
0.009455562,0.003858367,0.005597195
0.009439509,0.00385475,0.005584758
0.009423519,0.00385112,0.0055724
0.009407595,0.003847477,0.005560118
0.009391734,0.003843821,0.005547913
0.009375939,0.003840155,0.005535784
0.00936021,0.003836479,0.005523731
0.009344546,0.003832793,0.005511753
0.009328949,0.003829099,0.00549985
0.009313418,0.003825397,0.005488021
0.009297954,0.003821689,0.005476265
0.009282556,0.003817974,0.005464582
0.009267225,0.003814255,0.005452971
0.009251961,0.00381053,0.005441431
0.009236764,0.003806802,0.005429962
0.009221633,0.003803071,0.005418562
0.009206569,0.003799337,0.005407232
0.009191571,0.003795601,0.005395969
0.009176639,0.003791865,0.005384774
0.009161772,0.003788127,0.005373645
0.009146972,0.003784389,0.005362582
0.009132236,0.003780652,0.005351584
0.009117565,0.003776916,0.005340649
0.009102958,0.003773181,0.005329777
0.009088415,0.003769448,0.005318967
0.009073935,0.003765717,0.005308218
0.009059517,0.003761989,0.005297528
0.009045162,0.003758264,0.005286897
0.009030868,0.003754543,0.005276325
0.009016634,0.003750826,0.005265808
0.009002461,0.003747112,0.005255348
0.008988346,0.003743404,0.005244942
0.00897429,0.0037397,0.00523459
0.008960291,0.003736001,0.00522429
0.008946349,0.003732307,0.005214042
0.008932463,0.003728618,0.005203844
0.008918631,0.003724936,0.005193695
0.008904854,0.003721259,0.005183595
0.008891129,0.003717588,0.005173541
0.008877456,0.003713923,0.005163533
0.008863835,0.003710265,0.00515357
0.008850263,0.003706613,0.005143651
0.008836741,0.003702967,0.005133774
0.008823266,0.003699328,0.005123938
0.008809838,0.003695695,0.005114143
0.008796455,0.003692068,0.005104387
0.008783117,0.003688448,0.005094669
0.008769823,0.003684835,0.005084988
0.00875657,0.003681228,0.005075342
0.008743359,0.003677627,0.005065732
0.008730188,0.003674033,0.005056155
0.008717056,0.003670445,0.005046611
0.008703961,0.003666863,0.005037098
0.008690903,0.003663287,0.005027616
0.008677879,0.003659716,0.005018163
0.00866489,0.003656152,0.005008738
0.008651934,0.003652593,0.004999341
0.00863901,0.00364904,0.00498997
0.008626115,0.003645491,0.004980624
0.008613251,0.003641948,0.004971303
0.008600414,0.003638409,0.004962005
0.008587604,0.003634875,0.004952729
0.008574819,0.003631345,0.004943474
0.00856206,0.003627819,0.00493424
0.008549323,0.003624297,0.004925026
0.008536609,0.003620779,0.00491583
0.008523916,0.003617264,0.004906652
0.008511242,0.003613752,0.00489749
0.008498587,0.003610242,0.004888345
0.00848595,0.003606735,0.004879215
0.008473329,0.00360323,0.0048701
0.008460724,0.003599726,0.004860998
0.008448133,0.003596225,0.004851908
0.008435555,0.003592724,0.004842831
0.008422989,0.003589224,0.004833766
0.008410435,0.003585724,0.004824711
0.00839789,0.003582224,0.004815666
0.008385355,0.003578724,0.00480663
0.008372827,0.003575224,0.004797603
0.008360307,0.003571723,0.004788584
0.008347793,0.00356822,0.004779573
0.008335284,0.003564715,0.004770569
0.00832278,0.003561209,0.004761571
0.008310279,0.0035577,0.004752579
0.00829778,0.003554188,0.004743592
0.008285284,0.003550673,0.004734611
0.008272789,0.003547155,0.004725633
0.008260293,0.003543633,0.00471666
0.008247797,0.003540107,0.004707691
0.0082353,0.003536576,0.004698725
0.008222801,0.00353304,0.004689762
0.0082103,0.003529499,0.004680801
0.008197795,0.003525952,0.004671843
0.008185286,0.003522399,0.004662887
0.008172772,0.00351884,0.004653932
0.008160254,0.003515274,0.004644979
0.00814773,0.003511702,0.004636028
0.008135199,0.003508122,0.004627078
0.008122662,0.003504534,0.004618129
0.008110118,0.003500938,0.00460918
0.008097567,0.003497334,0.004600233
0.008085008,0.003493721,0.004591286
0.00807244,0.0034901,0.00458234
0.008059864,0.003486469,0.004573394
0.008047278,0.003482829,0.004564449
0.008034684,0.003479179,0.004555505
0.00802208,0.003475519,0.004546561
0.008009466,0.003471848,0.004537618
0.007996843,0.003468167,0.004528675
0.007984209,0.003464475,0.004519734
0.007971565,0.003460773,0.004510793
0.007958911,0.003457058,0.004501853
0.007946247,0.003453332,0.004492914
0.007933572,0.003449595,0.004483977
0.007920886,0.003445845,0.004475041
0.00790819,0.003442083,0.004466107
0.007895484,0.003438309,0.004457174
0.007882767,0.003434523,0.004448244
0.007870039,0.003430723,0.004439316
0.007857302,0.003426911,0.004430391
0.007844554,0.003423085,0.004421469
0.007831796,0.003419247,0.00441255
0.007819029,0.003415395,0.004403634
0.007806252,0.00341153,0.004394722
0.007793465,0.003407651,0.004385814
0.00778067,0.003403758,0.004376911
0.007767865,0.003399852,0.004368013
0.007755052,0.003395932,0.00435912
0.00774223,0.003391998,0.004350233
0.007729401,0.00338805,0.004341351
0.007716564,0.003384088,0.004332476
0.00770372,0.003380112,0.004323608
0.007690869,0.003376121,0.004314747
0.007678011,0.003372117,0.004305894
0.007665148,0.003368099,0.004297049
0.007652279,0.003364066,0.004288213
0.007639405,0.00336002,0.004279385
0.007626526,0.003355959,0.004270567
0.007613643,0.003351884,0.004261759
0.007600757,0.003347795,0.004252962
0.007587868,0.003343692,0.004244176
0.007574976,0.003339576,0.0042354
0.007562082,0.003335445,0.004226637
0.007549187,0.003331301,0.004217887
0.007536291,0.003327143,0.004209149
0.007523395,0.003322971,0.004200424
0.007510499,0.003318786,0.004191714
0.007497605,0.003314587,0.004183017
0.007484712,0.003310376,0.004174336
0.007471821,0.003306151,0.00416567
0.007458933,0.003301913,0.00415702
0.007446049,0.003297662,0.004148387
0.007433169,0.003293399,0.00413977
0.007420294,0.003289123,0.004131171
0.007407425,0.003284835,0.00412259
0.007394562,0.003280535,0.004114027
0.007381706,0.003276223,0.004105483
0.007368857,0.003271899,0.004096958
0.007356017,0.003267564,0.004088453
0.007343186,0.003263217,0.004079969
0.007330365,0.003258859,0.004071505
0.007317554,0.00325449,0.004063063
0.007304754,0.003250111,0.004054643
0.007291966,0.003245721,0.004046245
0.007279191,0.003241321,0.004037869
0.007266428,0.003236911,0.004029517
0.00725368,0.003232492,0.004021188
0.007240947,0.003228063,0.004012884
0.007228229,0.003223625,0.004004604
0.007215527,0.003219178,0.003996349
0.007202841,0.003214722,0.003988119
0.007190173,0.003210258,0.003979915
0.007177524,0.003205786,0.003971737
0.007164893,0.003201307,0.003963586
0.007152281,0.00319682,0.003955462
0.00713969,0.003192326,0.003947365
0.00712712,0.003187825,0.003939295
0.007114571,0.003183317,0.003931254
0.007102044,0.003178803,0.003923241
0.007089541,0.003174283,0.003915257
0.00707706,0.003169758,0.003907302
0.007064604,0.003165228,0.003899376
0.007052172,0.003160692,0.00389148
0.007039766,0.003156152,0.003883614
0.007027386,0.003151607,0.003875778
0.007015032,0.003147059,0.003867973
0.007002706,0.003142507,0.003860199
0.006990407,0.003137951,0.003852455
0.006978136,0.003133393,0.003844743
0.006965894,0.003128832,0.003837063
0.006953682,0.003124268,0.003829414
0.0069415,0.003119703,0.003821797
0.006929348,0.003115135,0.003814213
0.006917227,0.003110567,0.00380666
0.006905138,0.003105997,0.003799141
0.00689308,0.003101427,0.003791654
0.006881055,0.003096856,0.003784199
0.006869063,0.003092285,0.003776778
0.006857105,0.003087715,0.00376939
0.00684518,0.003083145,0.003762035
0.006833289,0.003078576,0.003754713
0.006821434,0.003074009,0.003747425
0.006809613,0.003069443,0.00374017
0.006797827,0.003064879,0.003732949
0.006786078,0.003060317,0.003725761
0.006774364,0.003055758,0.003718607
0.006762688,0.003051201,0.003711487
0.006751048,0.003046648,0.0037044
0.006739445,0.003042098,0.003697347
0.00672788,0.003037552,0.003690327
0.006716352,0.00303301,0.003683342
0.006704863,0.003028473,0.00367639
0.006693411,0.00302394,0.003669471
0.006681999,0.003019412,0.003662586
0.006670625,0.00301489,0.003655735
0.00665929,0.003010373,0.003648917
0.006647995,0.003005862,0.003642132
0.006636738,0.003001357,0.003635381
0.006625522,0.002996859,0.003628663
0.006614345,0.002992367,0.003621977
0.006603208,0.002987883,0.003615325
0.00659211,0.002983405,0.003608705
0.006581053,0.002978935,0.003602118
0.006570037,0.002974473,0.003595564
0.00655906,0.002970019,0.003589041
0.006548124,0.002965573,0.003582551
0.006537228,0.002961135,0.003576093
0.006526373,0.002956706,0.003569667
0.006515558,0.002952287,0.003563272
0.006504784,0.002947876,0.003556908
0.00649405,0.002943475,0.003550575
0.006483357,0.002939083,0.003544274
0.006472704,0.002934701,0.003538003
0.006462092,0.002930329,0.003531762
0.00645152,0.002925968,0.003525552
0.006440988,0.002921617,0.003519371
0.006430497,0.002917276,0.00351322
0.006420046,0.002912947,0.003507099
0.006409634,0.002908628,0.003501007
0.006399263,0.00290432,0.003494943
0.006388932,0.002900024,0.003488908
0.00637864,0.002895739,0.003482901
0.006368388,0.002891466,0.003476922
0.006358175,0.002887205,0.00347097
0.006348001,0.002882955,0.003465046
0.006337867,0.002878718,0.003459149
0.006327771,0.002874493,0.003453278
0.006317714,0.00287028,0.003447434
0.006307695,0.002866079,0.003441616
0.006297714,0.002861891,0.003435823
0.006287772,0.002857716,0.003430056
0.006277867,0.002853553,0.003424313
0.006267999,0.002849404,0.003418596
0.006258169,0.002845267,0.003412902
0.006248376,0.002841143,0.003407232
0.006238619,0.002837032,0.003401586
0.006228898,0.002832935,0.003395963
0.006219214,0.002828851,0.003390363
0.006209566,0.00282478,0.003384786
0.006199952,0.002820722,0.00337923
0.006190374,0.002816678,0.003373697
0.006180831,0.002812647,0.003368184
0.006171323,0.00280863,0.003362693
0.006161848,0.002804626,0.003357222
0.006152408,0.002800635,0.003351772
0.006143,0.002796659,0.003346342
0.006133626,0.002792695,0.003340931
0.006124285,0.002788746,0.003335539
0.006114976,0.00278481,0.003330166
0.006105699,0.002780887,0.003324812
0.006096454,0.002776978,0.003319476
0.00608724,0.002773083,0.003314157
0.006078057,0.002769201,0.003308856
0.006068905,0.002765333,0.003303572
0.006059782,0.002761478,0.003298305
0.00605069,0.002757636,0.003293053
0.006041627,0.002753808,0.003287818
0.006032593,0.002749994,0.003282599
0.006023587,0.002746193,0.003277395
0.00601461,0.002742405,0.003272206
0.006005661,0.00273863,0.003267031
0.005996739,0.002734868,0.003261871
0.005987844,0.00273112,0.003256725
0.005978976,0.002727384,0.003251592
0.005970134,0.002723662,0.003246473
0.005961319,0.002719952,0.003241366
0.005952528,0.002716255,0.003236273
0.005943763,0.002712571,0.003231192
0.005935022,0.0027089,0.003226122
0.005926306,0.002705241,0.003221065
0.005917614,0.002701595,0.003216019
0.005908946,0.002697961,0.003210985
0.0059003,0.002694339,0.003205961
0.005891678,0.00269073,0.003200948
0.005883078,0.002687132,0.003195945
0.0058745,0.002683547,0.003190953
0.005865943,0.002679973,0.00318597
0.005857408,0.002676411,0.003180997
0.005848895,0.002672861,0.003176034
0.005840401,0.002669322,0.003171079
0.005831928,0.002665795,0.003166134
0.005823476,0.002662278,0.003161197
0.005815042,0.002658773,0.003156269
0.005806628,0.002655279,0.003151349
0.005798233,0.002651796,0.003146437
0.005789857,0.002648324,0.003141532
0.005781498,0.002644863,0.003136636
0.005773158,0.002641411,0.003131747
0.005764836,0.002637971,0.003126865
0.005756531,0.00263454,0.003121991
0.005748243,0.00263112,0.003117123
0.005739972,0.00262771,0.003112262
0.005731717,0.002624309,0.003107408
0.005723478,0.002620918,0.00310256
0.005715256,0.002617537,0.003097719
0.005707049,0.002614165,0.003092884
0.005698857,0.002610803,0.003088055
0.005690681,0.00260745,0.003083232
0.00568252,0.002604105,0.003078415
0.005674373,0.00260077,0.003073603
0.005666241,0.002597443,0.003068798
0.005658123,0.002594125,0.003063998
0.005650019,0.002590816,0.003059203
0.005641929,0.002587515,0.003054414
0.005633853,0.002584222,0.003049631
0.00562579,0.002580937,0.003044852
0.00561774,0.002577661,0.003040079
0.005609703,0.002574392,0.003035311
0.005601679,0.002571131,0.003030549
0.005593668,0.002567877,0.003025791
0.005585669,0.002564631,0.003021039
0.005577683,0.002561392,0.003016291
0.005569709,0.00255816,0.003011549
0.005561747,0.002554936,0.003006812
0.005553798,0.002551718,0.00300208
0.00554586,0.002548507,0.002997352
0.005537933,0.002545303,0.00299263
0.005530019,0.002542106,0.002987913
0.005522116,0.002538915,0.002983201
0.005514224,0.00253573,0.002978494
0.005506344,0.002532552,0.002973793
0.005498475,0.002529379,0.002969096
0.005490618,0.002526213,0.002964405
0.005482771,0.002523053,0.002959718
0.005474936,0.002519899,0.002955038
0.005467112,0.00251675,0.002950362
0.005459299,0.002513607,0.002945692
0.005451496,0.002510469,0.002941027
0.005443705,0.002507337,0.002936368
0.005435925,0.00250421,0.002931714
0.005428155,0.002501089,0.002927066
0.005420397,0.002497973,0.002922424
0.005412649,0.002494861,0.002917788
0.005404913,0.002491755,0.002913157
0.005397187,0.002488654,0.002908533
0.005389472,0.002485557,0.002903915
0.005381768,0.002482466,0.002899302
0.005374075,0.002479379,0.002894696
0.005366393,0.002476296,0.002890097
0.005358722,0.002473218,0.002885504
0.005351062,0.002470145,0.002880917
0.005343414,0.002467076,0.002876337
0.005335776,0.002464012,0.002871764
0.00532815,0.002460951,0.002867198
0.005320535,0.002457895,0.002862639
0.005312931,0.002454844,0.002858087
0.005305339,0.002451796,0.002853543
0.005297758,0.002448753,0.002849005
0.005290189,0.002445713,0.002844475
0.005282631,0.002442678,0.002839953
0.005275085,0.002439646,0.002835439
0.005267551,0.002436619,0.002830932
0.005260029,0.002433595,0.002826434
0.005252519,0.002430576,0.002821943
0.005245021,0.00242756,0.002817461
0.005237535,0.002424548,0.002812987
0.005230062,0.00242154,0.002808522
0.005222601,0.002418536,0.002804065
0.005215152,0.002415535,0.002799617
0.005207716,0.002412538,0.002795178
0.005200293,0.002409545,0.002790748
0.005192883,0.002406556,0.002786327
0.005185485,0.00240357,0.002781915
0.005178101,0.002400588,0.002777513
0.00517073,0.00239761,0.00277312
0.005163372,0.002394635,0.002768737
0.005156028,0.002391664,0.002764364
0.005148697,0.002388697,0.00276
0.00514138,0.002385734,0.002755647
0.005134077,0.002382774,0.002751303
0.005126788,0.002379818,0.00274697
0.005119513,0.002376866,0.002742648
0.005112252,0.002373917,0.002738335
0.005105006,0.002370972,0.002734034
0.005097774,0.002368031,0.002729743
0.005090557,0.002365094,0.002725462
0.005083354,0.002362161,0.002721193
0.005076166,0.002359231,0.002716935
0.005068993,0.002356305,0.002712688
0.005061836,0.002353383,0.002708452
0.005054693,0.002350465,0.002704228
0.005047566,0.002347551,0.002700015
0.005040454,0.002344641,0.002695813
0.005033358,0.002341735,0.002691623
0.005026278,0.002338833,0.002687445
0.005019214,0.002335935,0.002683279
0.005012165,0.002333041,0.002679125
0.005005133,0.002330151,0.002674982
0.004998117,0.002327265,0.002670852
0.004991117,0.002324383,0.002666734
0.004984134,0.002321506,0.002662628
0.004977167,0.002318633,0.002658534
0.004970217,0.002315764,0.002654453
0.004963283,0.0023129,0.002650384
0.004956367,0.00231004,0.002646327
0.004949467,0.002307184,0.002642283
0.004942585,0.002304333,0.002638252
0.00493572,0.002301486,0.002634234
0.004928872,0.002298644,0.002630228
0.004922041,0.002295806,0.002626235
0.004915228,0.002292974,0.002622254
0.004908432,0.002290145,0.002618287
0.004901654,0.002287322,0.002614332
0.004894894,0.002284503,0.002610391
0.004888152,0.00228169,0.002606462
0.004881427,0.002278881,0.002602546
0.00487472,0.002276077,0.002598643
0.004868032,0.002273278,0.002594754
0.004861361,0.002270484,0.002590877
0.004854709,0.002267695,0.002587014
0.004848075,0.002264911,0.002583163
0.004841459,0.002262133,0.002579326
0.004834861,0.00225936,0.002575502
0.004828282,0.002256592,0.00257169
0.004821721,0.002253829,0.002567892
0.004815179,0.002251072,0.002564107
0.004808655,0.00224832,0.002560335
0.00480215,0.002245573,0.002556577
0.004795663,0.002242832,0.002552831
0.004789195,0.002240097,0.002549098
0.004782746,0.002237367,0.002545379
0.004776315,0.002234643,0.002541672
0.004769903,0.002231925,0.002537978
0.00476351,0.002229212,0.002534298
0.004757135,0.002226505,0.00253063
0.004750779,0.002223804,0.002526975
0.004744442,0.002221109,0.002523333
0.004738124,0.00221842,0.002519704
0.004731824,0.002215737,0.002516087
0.004725544,0.00221306,0.002512484
0.004719281,0.002210389,0.002508893
0.004713038,0.002207724,0.002505314
0.004706813,0.002205065,0.002501748
0.004700607,0.002202412,0.002498195
0.00469442,0.002199766,0.002494654
0.004688251,0.002197125,0.002491126
0.004682101,0.002194491,0.00248761
0.00467597,0.002191864,0.002484106
0.004669857,0.002189243,0.002480614
0.004663762,0.002186628,0.002477135
0.004657687,0.002184019,0.002473667
0.004651629,0.002181417,0.002470212
0.00464559,0.002178822,0.002466768
0.004639569,0.002176233,0.002463337
0.004633567,0.00217365,0.002459917
0.004627583,0.002171074,0.002456508
0.004621617,0.002168505,0.002453112
0.004615669,0.002165942,0.002449726
0.004609739,0.002163386,0.002446353
0.004603827,0.002160837,0.00244299
0.004597933,0.002158294,0.002439639
0.004592057,0.002155758,0.002436298
0.004586199,0.002153229,0.002432969
0.004580358,0.002150707,0.002429651
0.004574535,0.002148191,0.002426344
0.004568729,0.002145682,0.002423047
0.004562941,0.00214318,0.002419761
0.00455717,0.002140685,0.002416486
0.004551417,0.002138196,0.002413221
0.004545681,0.002135715,0.002409966
0.004539961,0.00213324,0.002406721
0.004534259,0.002130772,0.002403487
0.004528574,0.002128311,0.002400263
0.004522905,0.002125857,0.002397048
0.004517253,0.002123409,0.002393844
0.004511618,0.002120969,0.002390649
0.004505999,0.002118535,0.002387463
0.004500396,0.002116109,0.002384287
0.00449481,0.002113689,0.002381121
0.00448924,0.002111276,0.002377964
0.004483686,0.00210887,0.002374816
0.004478147,0.002106471,0.002371677
0.004472625,0.002104078,0.002368547
0.004467118,0.002101693,0.002365425
0.004461627,0.002099314,0.002362313
0.004456151,0.002096942,0.002359209
0.004450691,0.002094577,0.002356113
0.004445245,0.002092219,0.002353026
0.004439815,0.002089868,0.002349947
0.0044344,0.002087523,0.002346877
0.004429,0.002085186,0.002343814
0.004423614,0.002082855,0.00234076
0.004418243,0.00208053,0.002337713
0.004412886,0.002078213,0.002334674
0.004407544,0.002075902,0.002331642
0.004402216,0.002073598,0.002328618
0.004396902,0.0020713,0.002325602
0.004391602,0.00206901,0.002322593
0.004386316,0.002066725,0.002319591
0.004381044,0.002064448,0.002316596
0.004375785,0.002062177,0.002313608
0.00437054,0.002059912,0.002310627
0.004365308,0.002057654,0.002307653
0.004360089,0.002055403,0.002304686
0.004354883,0.002053158,0.002301725
0.00434969,0.002050919,0.002298771
0.00434451,0.002048687,0.002295823
0.004339343,0.002046461,0.002292882
0.004334188,0.002044242,0.002289946
0.004329046,0.002042029,0.002287017
0.004323916,0.002039822,0.002284094
0.004318799,0.002037621,0.002281177
0.004313693,0.002035427,0.002278266
0.0043086,0.002033239,0.002275361
0.004303518,0.002031057,0.002272461
0.004298448,0.002028881,0.002269568
0.00429339,0.002026711,0.002266679
0.004288343,0.002024547,0.002263796
0.004283308,0.002022389,0.002260919
0.004278284,0.002020237,0.002258047
0.004273271,0.002018091,0.00225518
0.004268269,0.002015951,0.002252318
0.004263279,0.002013817,0.002249462
0.004258299,0.002011688,0.00224661
0.004253329,0.002009565,0.002243764
0.004248371,0.002007448,0.002240922
0.004243423,0.002005337,0.002238086
0.004238485,0.002003231,0.002235254
0.004233558,0.002001131,0.002232427
0.004228641,0.001999036,0.002229604
0.004223734,0.001996947,0.002226787
0.004218837,0.001994863,0.002223974
0.00421395,0.001992785,0.002221165
0.004209073,0.001990712,0.002218361
0.004204205,0.001988644,0.002215561
0.004199348,0.001986582,0.002212766
0.004194499,0.001984525,0.002209975
0.004189661,0.001982473,0.002207188
0.004184832,0.001980426,0.002204406
0.004180012,0.001978384,0.002201628
0.004175201,0.001976347,0.002198854
0.0041704,0.001974316,0.002196084
0.004165608,0.001972289,0.002193318
0.004160824,0.001970267,0.002190557
0.00415605,0.00196825,0.0021878
0.004151285,0.001966238,0.002185046
0.004146528,0.001964231,0.002182297
0.00414178,0.001962229,0.002179551
0.004137041,0.001960231,0.00217681
0.00413231,0.001958238,0.002174073
0.004127588,0.001956249,0.002171339
0.004122875,0.001954265,0.00216861
0.00411817,0.001952286,0.002165884
0.004113473,0.001950311,0.002163162
0.004108785,0.001948341,0.002160444
0.004104105,0.001946375,0.00215773
0.004099433,0.001944413,0.00215502
0.00409477,0.001942456,0.002152314
0.004090114,0.001940503,0.002149612
0.004085467,0.001938554,0.002146913
0.004080828,0.001936609,0.002144218
0.004076197,0.001934669,0.002141528
0.004071573,0.001932733,0.002138841
0.004066958,0.001930801,0.002136158
0.004062351,0.001928873,0.002133478
0.004057752,0.001926949,0.002130803
0.00405316,0.001925028,0.002128132
0.004048576,0.001923112,0.002125464
0.004044,0.0019212,0.0021228
0.004039432,0.001919292,0.00212014
0.004034872,0.001917387,0.002117485
0.004030319,0.001915487,0.002114833
0.004025774,0.00191359,0.002112185
0.004021237,0.001911697,0.00210954
0.004016708,0.001909807,0.0021069
0.004012186,0.001907922,0.002104264
0.004007672,0.001906039,0.002101632
0.004003165,0.001904161,0.002099004
0.003998666,0.001902286,0.00209638
0.003994175,0.001900415,0.00209376
0.003989691,0.001898547,0.002091144
0.003985215,0.001896683,0.002088533
0.003980747,0.001894822,0.002085925
0.003976286,0.001892964,0.002083321
0.003971833,0.00189111,0.002080722
0.003967387,0.00188926,0.002078127
0.003962949,0.001887413,0.002075536
0.003958518,0.001885569,0.00207295
0.003954096,0.001883728,0.002070367
0.00394968,0.001881891,0.002067789
0.003945273,0.001880057,0.002065216
0.003940873,0.001878226,0.002062646
0.00393648,0.001876399,0.002060081
0.003932096,0.001874575,0.002057521
0.003927719,0.001872754,0.002054965
0.003923349,0.001870936,0.002052413
0.003918987,0.001869121,0.002049866
0.003914633,0.001867309,0.002047324
0.003910287,0.001865501,0.002044786
0.003905948,0.001863696,0.002042252
0.003901617,0.001861893,0.002039724
0.003897294,0.001860094,0.0020372
0.003892978,0.001858298,0.00203468
0.00388867,0.001856505,0.002032166
0.00388437,0.001854715,0.002029656
0.003880078,0.001852927,0.00202715
0.003875793,0.001851143,0.00202465
0.003871517,0.001849362,0.002022155
0.003867248,0.001847584,0.002019664
0.003862987,0.001845809,0.002017178
0.003858734,0.001844036,0.002014697
0.003854489,0.001842267,0.002012222
0.003850251,0.001840501,0.002009751
0.003846022,0.001838737,0.002007285
0.003841801,0.001836977,0.002004824
0.003837587,0.001835219,0.002002368
0.003833382,0.001833464,0.001999918
0.003829184,0.001831712,0.001997472
0.003824995,0.001829963,0.001995032
0.003820814,0.001828217,0.001992596
0.00381664,0.001826474,0.001990166
0.003812475,0.001824734,0.001987741
0.003808318,0.001822996,0.001985322
0.003804169,0.001821262,0.001982908
0.003800028,0.00181953,0.001980499
0.003795896,0.001817801,0.001978095
0.003791771,0.001816075,0.001975696
0.003787655,0.001814351,0.001973303
0.003783547,0.001812631,0.001970916
0.003779447,0.001810913,0.001968533
0.003775355,0.001809199,0.001966157
0.003771272,0.001807487,0.001963785
0.003767197,0.001805778,0.001961419
0.00376313,0.001804072,0.001959059
0.003759072,0.001802368,0.001956704
0.003755022,0.001800668,0.001954354
0.00375098,0.00179897,0.00195201
0.003746947,0.001797275,0.001949672
0.003742922,0.001795583,0.001947339
0.003738905,0.001793894,0.001945011
0.003734897,0.001792208,0.00194269
0.003730897,0.001790524,0.001940373
0.003726906,0.001788843,0.001938063
0.003722923,0.001787166,0.001935758
0.003718949,0.001785491,0.001933458
0.003714983,0.001783819,0.001931164
0.003711025,0.001782149,0.001928876
0.003707076,0.001780483,0.001926593
0.003703136,0.001778819,0.001924316
0.003699204,0.001777159,0.001922045
0.00369528,0.001775501,0.001919779
0.003691365,0.001773846,0.001917519
0.003687459,0.001772194,0.001915265
0.003683561,0.001770545,0.001913016
0.003679672,0.001768899,0.001910773
0.003675791,0.001767256,0.001908535
0.003671918,0.001765615,0.001906303
0.003668054,0.001763978,0.001904077
0.003664199,0.001762343,0.001901856
0.003660352,0.001760711,0.001899641
0.003656514,0.001759082,0.001897432
0.003652684,0.001757456,0.001895228
0.003648863,0.001755834,0.00189303
0.003645051,0.001754214,0.001890837
0.003641246,0.001752596,0.00188865
0.003637451,0.001750982,0.001886469
0.003633664,0.001749371,0.001884293
0.003629885,0.001747763,0.001882122
0.003626115,0.001746157,0.001879957
0.003622353,0.001744555,0.001877798
0.0036186,0.001742956,0.001875644
0.003614855,0.001741359,0.001873496
0.003611119,0.001739766,0.001871353
0.003607391,0.001738175,0.001869216
0.003603672,0.001736588,0.001867084
0.003599961,0.001735003,0.001864958
0.003596258,0.001733422,0.001862837
0.003592564,0.001731843,0.001860721
0.003588878,0.001730268,0.001858611
0.003585201,0.001728695,0.001856506
0.003581532,0.001727126,0.001854406
0.003577871,0.001725559,0.001852312
0.003574218,0.001723995,0.001850223
0.003570574,0.001722435,0.001848139
0.003566938,0.001720877,0.001846061
0.00356331,0.001719323,0.001843987
0.003559691,0.001717771,0.001841919
0.00355608,0.001716223,0.001839856
0.003552476,0.001714678,0.001837799
0.003548881,0.001713135,0.001835746
0.003545294,0.001711596,0.001833699
0.003541716,0.001710059,0.001831656
0.003538145,0.001708526,0.001829619
0.003534582,0.001706996,0.001827586
0.003531027,0.001705469,0.001825559
0.003527481,0.001703944,0.001823536
0.003523942,0.001702423,0.001821519
0.003520411,0.001700905,0.001819506
0.003516888,0.00169939,0.001817498
0.003513373,0.001697878,0.001815495
0.003509866,0.001696369,0.001813497
0.003506366,0.001694863,0.001811503
0.003502874,0.00169336,0.001809514
0.003499391,0.00169186,0.00180753
0.003495914,0.001690363,0.001805551
0.003492446,0.001688869,0.001803576
0.003488985,0.001687379,0.001801606
0.003485531,0.001685891,0.00179964
0.003482085,0.001684406,0.001797679
0.003478647,0.001682924,0.001795723
0.003475216,0.001681446,0.001793771
0.003471793,0.00167997,0.001791823
0.003468377,0.001678497,0.00178988
0.003464969,0.001677028,0.001787941
0.003461567,0.001675561,0.001786006
0.003458174,0.001674097,0.001784076
0.003454787,0.001672637,0.00178215
0.003451407,0.001671179,0.001780228
0.003448035,0.001669724,0.001778311
0.00344467,0.001668273,0.001776397
0.003441312,0.001666824,0.001774488
0.003437961,0.001665378,0.001772583
0.003434618,0.001663936,0.001770682
0.003431281,0.001662496,0.001768785
0.003427951,0.001661059,0.001766892
0.003424628,0.001659625,0.001765003
0.003421312,0.001658194,0.001763117
0.003418002,0.001656766,0.001761236
0.0034147,0.001655341,0.001759359
0.003411404,0.001653919,0.001757485
0.003408115,0.0016525,0.001755615
0.003404833,0.001651084,0.001753749
0.003401557,0.00164967,0.001751887
0.003398288,0.00164826,0.001750028
0.003395025,0.001646852,0.001748173
0.003391769,0.001645448,0.001746322
0.00338852,0.001644046,0.001744474
0.003385276,0.001642647,0.00174263
0.00338204,0.001641251,0.001740789
0.003378809,0.001639857,0.001738952
0.003375585,0.001638467,0.001737118
0.003372367,0.001637079,0.001735288
0.003369155,0.001635695,0.001733461
0.00336595,0.001634313,0.001731637
0.003362751,0.001632933,0.001729817
0.003359558,0.001631557,0.001728001
0.00335637,0.001630183,0.001726187
0.003353189,0.001628812,0.001724377
0.003350014,0.001627444,0.00172257
0.003346845,0.001626079,0.001720766
0.003343682,0.001624716,0.001718966
0.003340525,0.001623356,0.001717168
0.003337373,0.001621999,0.001715374
0.003334227,0.001620644,0.001713583
0.003331087,0.001619293,0.001711795
0.003327953,0.001617943,0.00171001
0.003324825,0.001616597,0.001708228
0.003321702,0.001615253,0.001706449
0.003318585,0.001613912,0.001704673
0.003315473,0.001612573,0.0017029
0.003312367,0.001611237,0.00170113
0.003309267,0.001609904,0.001699363
0.003306172,0.001608573,0.001697599
0.003303082,0.001607245,0.001695838
0.003299998,0.001605919,0.001694079
0.003296919,0.001604596,0.001692324
0.003293846,0.001603275,0.001690571
0.003290778,0.001601957,0.001688821
0.003287715,0.001600641,0.001687074
0.003284658,0.001599328,0.001685329
0.003281605,0.001598018,0.001683588
0.003278558,0.00159671,0.001681849
0.003275517,0.001595404,0.001680113
0.00327248,0.001594101,0.001678379
0.003269448,0.0015928,0.001676648
0.003266422,0.001591502,0.00167492
0.0032634,0.001590206,0.001673195
0.003260384,0.001588912,0.001671472
0.003257373,0.001587621,0.001669752
0.003254366,0.001586332,0.001668034
0.003251365,0.001585045,0.001666319
0.003248368,0.001583761,0.001664607
0.003245377,0.001582479,0.001662897
0.00324239,0.0015812,0.00166119
0.003239408,0.001579923,0.001659485
0.003236431,0.001578648,0.001657783
0.003233459,0.001577375,0.001656084
0.003230492,0.001576105,0.001654387
0.003227529,0.001574837,0.001652693
0.003224571,0.001573571,0.001651001
0.003221618,0.001572307,0.001649311
0.00321867,0.001571046,0.001647624
0.003215726,0.001569786,0.00164594
0.003212787,0.001568529,0.001644258
0.003209853,0.001567274,0.001642579
0.003206923,0.001566021,0.001640902
0.003203998,0.001564771,0.001639228
0.003201078,0.001563522,0.001637556
0.003198162,0.001562276,0.001635886
0.003195251,0.001561032,0.001634219
0.003192344,0.001559789,0.001632555
0.003189442,0.001558549,0.001630893
0.003186545,0.001557311,0.001629233
0.003183652,0.001556075,0.001627576
0.003180763,0.001554841,0.001625922
0.003177879,0.00155361,0.001624269
0.003174999,0.00155238,0.00162262
0.003172124,0.001551152,0.001620972
0.003169254,0.001549926,0.001619328
0.003166388,0.001548702,0.001617685
0.003163526,0.00154748,0.001616045
0.003160668,0.00154626,0.001614408
0.003157816,0.001545042,0.001612773
0.003154967,0.001543826,0.001611141
0.003152123,0.001542612,0.001609511
0.003149283,0.0015414,0.001607883
0.003146448,0.00154019,0.001606258
0.003143617,0.001538982,0.001604635
0.003140791,0.001537775,0.001603015
0.003137969,0.001536571,0.001601398
0.003135151,0.001535368,0.001599782
0.003132337,0.001534167,0.00159817
0.003129528,0.001532969,0.00159656
0.003126723,0.001531771,0.001594952
0.003123923,0.001530576,0.001593347
0.003121127,0.001529383,0.001591744
0.003118335,0.001528191,0.001590144
0.003115548,0.001527001,0.001588546
0.003112764,0.001525813,0.001586951
0.003109986,0.001524627,0.001585358
0.003107211,0.001523443,0.001583768
0.003104441,0.00152226,0.001582181
0.003101675,0.001521079,0.001580596
0.003098913,0.0015199,0.001579013
0.003096156,0.001518723,0.001577433
0.003093403,0.001517547,0.001575856
0.003090655,0.001516374,0.001574281
0.00308791,0.001515202,0.001572709
0.00308517,0.001514031,0.001571139
0.003082434,0.001512863,0.001569572
0.003079703,0.001511696,0.001568007
0.003076975,0.00151053,0.001566445
0.003074252,0.001509367,0.001564886
0.003071534,0.001508205,0.001563329
0.003068819,0.001507045,0.001561775
0.003066109,0.001505886,0.001560223
0.003063404,0.001504729,0.001558674
0.003060702,0.001503574,0.001557128
0.003058005,0.001502421,0.001555584
0.003055312,0.001501269,0.001554043
0.003052623,0.001500119,0.001552504
0.003049939,0.00149897,0.001550969
0.003047259,0.001497823,0.001549435
0.003044583,0.001496678,0.001547905
0.003041912,0.001495535,0.001546377
0.003039244,0.001494393,0.001544852
0.003036582,0.001493252,0.001543329
0.003033923,0.001492114,0.001541809
0.003031269,0.001490976,0.001540292
0.003028619,0.001489841,0.001538778
0.003025973,0.001488707,0.001537266
0.003023331,0.001487575,0.001535757
0.003020694,0.001486444,0.00153425
0.003018061,0.001485315,0.001532747
0.003015433,0.001484187,0.001531246
0.003012809,0.001483061,0.001529747
0.003010189,0.001481937,0.001528252
0.003007573,0.001480814,0.001526759
0.003004962,0.001479693,0.001525269
0.003002355,0.001478573,0.001523781
0.002999752,0.001477455,0.001522297
0.002997153,0.001476339,0.001520815
0.002994559,0.001475224,0.001519335
0.002991969,0.001474111,0.001517859
0.002989384,0.001472999,0.001516385
0.002986803,0.001471889,0.001514914
0.002984226,0.00147078,0.001513446
0.002981653,0.001469673,0.00151198
0.002979085,0.001468567,0.001510517
0.00297652,0.001467463,0.001509057
0.002973961,0.001466361,0.0015076
0.002971405,0.00146526,0.001506145
0.002968854,0.001464161,0.001504693
0.002966307,0.001463063,0.001503244
0.002963764,0.001461967,0.001501798
0.002961226,0.001460872,0.001500354
0.002958692,0.001459779,0.001498914
0.002956162,0.001458687,0.001497475
0.002953637,0.001457597,0.00149604
0.002951116,0.001456508,0.001494608
0.002948599,0.001455421,0.001493178
0.002946086,0.001454336,0.001491751
0.002943578,0.001453252,0.001490326
0.002941074,0.001452169,0.001488905
0.002938574,0.001451088,0.001487486
0.002936079,0.001450009,0.00148607
0.002933587,0.001448931,0.001484656
0.0029311,0.001447855,0.001483246
0.002928618,0.00144678,0.001481838
0.002926139,0.001445707,0.001480432
0.002923665,0.001444635,0.00147903
0.002921195,0.001443565,0.00147763
0.002918729,0.001442496,0.001476233
0.002916268,0.001441429,0.001474839
0.00291381,0.001440363,0.001473447
0.002911357,0.001439299,0.001472058
0.002908909,0.001438237,0.001470672
0.002906464,0.001437176,0.001469288
0.002904024,0.001436116,0.001467908
0.002901587,0.001435058,0.001466529
0.002899155,0.001434002,0.001465154
0.002896728,0.001432947,0.001463781
0.002894304,0.001431893,0.001462411
0.002891884,0.001430841,0.001461043
0.002889469,0.001429791,0.001459679
0.002887058,0.001428742,0.001458316
0.002884651,0.001427694,0.001456957
0.002882248,0.001426649,0.0014556
0.00287985,0.001425604,0.001454246
0.002877455,0.001424561,0.001452894
0.002875065,0.00142352,0.001451545
0.002872679,0.00142248,0.001450198
0.002870296,0.001421442,0.001448854
0.002867918,0.001420405,0.001447513
0.002865544,0.00141937,0.001446174
0.002863174,0.001418336,0.001444838
0.002860809,0.001417304,0.001443505
0.002858447,0.001416273,0.001442174
0.002856089,0.001415244,0.001440845
0.002853735,0.001414216,0.001439519
0.002851386,0.00141319,0.001438196
0.00284904,0.001412166,0.001436875
0.002846699,0.001411142,0.001435556
0.002844361,0.001410121,0.00143424
0.002842028,0.001409101,0.001432927
0.002839698,0.001408082,0.001431616
0.002837372,0.001407065,0.001430307
0.002835051,0.001406049,0.001429001
0.002832733,0.001405035,0.001427698
0.002830419,0.001404022,0.001426397
0.002828109,0.001403011,0.001425098
0.002825803,0.001402002,0.001423802
0.002823501,0.001400994,0.001422508
0.002821203,0.001399987,0.001421216
0.002818909,0.001398982,0.001419927
0.002816618,0.001397978,0.00141864
0.002814332,0.001396976,0.001417356
0.002812049,0.001395976,0.001416074
0.00280977,0.001394976,0.001414794
0.002807495,0.001393979,0.001413517
0.002805224,0.001392983,0.001412241
0.002802957,0.001391988,0.001410969
0.002800693,0.001390995,0.001409698
0.002798433,0.001390003,0.00140843
0.002796177,0.001389013,0.001407164
0.002793924,0.001388024,0.0014059
0.002791676,0.001387037,0.001404639
0.002789431,0.001386051,0.00140338
0.002787189,0.001385067,0.001402123
0.002784952,0.001384084,0.001400868
0.002782718,0.001383103,0.001399615
0.002780488,0.001382123,0.001398365
0.002778261,0.001381144,0.001397117
0.002776038,0.001380168,0.001395871
0.002773819,0.001379192,0.001394627
0.002771603,0.001378218,0.001393385
0.002769391,0.001377246,0.001392145
0.002767182,0.001376274,0.001390908
0.002764977,0.001375305,0.001389672
0.002762776,0.001374337,0.001388439
0.002760578,0.00137337,0.001387208
0.002758383,0.001372405,0.001385979
0.002756192,0.001371441,0.001384751
0.002754005,0.001370478,0.001383526
0.002751821,0.001369518,0.001382303
0.00274964,0.001368558,0.001381082
0.002747463,0.0013676,0.001379863
0.00274529,0.001366643,0.001378646
0.00274312,0.001365688,0.001377431
0.002740953,0.001364734,0.001376219
0.002738789,0.001363782,0.001375007
0.002736629,0.001362831,0.001373798
0.002734473,0.001361881,0.001372591
0.00273232,0.001360933,0.001371386
0.00273017,0.001359987,0.001370183
0.002728023,0.001359041,0.001368982
0.00272588,0.001358097,0.001367782
0.00272374,0.001357155,0.001366585
0.002721603,0.001356214,0.001365389
0.00271947,0.001355274,0.001364195
0.002717339,0.001354336,0.001363003
0.002715212,0.001353399,0.001361813
0.002713089,0.001352463,0.001360625
0.002710968,0.001351529,0.001359439
0.002708851,0.001350597,0.001358254
0.002706737,0.001349665,0.001357072
0.002704626,0.001348735,0.001355891
0.002702518,0.001347806,0.001354712
0.002700414,0.001346879,0.001353535
0.002698312,0.001345953,0.001352359
0.002696214,0.001345029,0.001351185
0.002694119,0.001344105,0.001350014
0.002692027,0.001343183,0.001348843
0.002689938,0.001342263,0.001347675
0.002687852,0.001341344,0.001346508
0.002685769,0.001340426,0.001345343
0.002683689,0.001339509,0.00134418
0.002681612,0.001338594,0.001343019
0.002679539,0.00133768,0.001341859
0.002677468,0.001336767,0.001340701
0.0026754,0.001335856,0.001339544
0.002673336,0.001334946,0.00133839
0.002671274,0.001334037,0.001337237
0.002669215,0.00133313,0.001336085
0.00266716,0.001332224,0.001334936
0.002665107,0.001331319,0.001333788
0.002663057,0.001330416,0.001332641
0.00266101,0.001329514,0.001331496
0.002658966,0.001328613,0.001330353
0.002656925,0.001327713,0.001329212
0.002654887,0.001326815,0.001328072
0.002652852,0.001325918,0.001326934
0.002650819,0.001325022,0.001325797
0.00264879,0.001324127,0.001324663
0.002646763,0.001323234,0.001323529
0.002644739,0.001322342,0.001322397
0.002642718,0.001321451,0.001321267
0.0026407,0.001320561,0.001320139
0.002638685,0.001319673,0.001319012
0.002636672,0.001318786,0.001317887
0.002634663,0.0013179,0.001316763
0.002632656,0.001317015,0.001315641
0.002630652,0.001316132,0.00131452
0.002628651,0.00131525,0.001313401
0.002626652,0.001314369,0.001312283
0.002624656,0.001313489,0.001311167
0.002622663,0.00131261,0.001310053
0.002620673,0.001311733,0.00130894
0.002618686,0.001310857,0.001307829
0.002616701,0.001309982,0.001306719
0.002614719,0.001309108,0.001305611
0.00261274,0.001308235,0.001304504
0.002610763,0.001307364,0.001303399
0.002608789,0.001306494,0.001302296
0.002606818,0.001305624,0.001301194
0.00260485,0.001304757,0.001300093
0.002602884,0.00130389,0.001298994
0.002600921,0.001303024,0.001297897
0.00259896,0.00130216,0.001296801
0.002597003,0.001301296,0.001295706
0.002595048,0.001300434,0.001294614
0.002593095,0.001299573,0.001293522
0.002591145,0.001298713,0.001292432
0.002589198,0.001297854,0.001291344
0.002587254,0.001296997,0.001290257
0.002585312,0.00129614,0.001289172
0.002583373,0.001295285,0.001288088
0.002581436,0.001294431,0.001287006
0.002579502,0.001293578,0.001285925
0.002577571,0.001292725,0.001284846
0.002575642,0.001291875,0.001283768
0.002573716,0.001291025,0.001282692
0.002571793,0.001290176,0.001281617
0.002569872,0.001289328,0.001280543
0.002567953,0.001288482,0.001279472
0.002566038,0.001287636,0.001278401
0.002564125,0.001286792,0.001277333
0.002562214,0.001285949,0.001276265
0.002560306,0.001285106,0.0012752
0.002558401,0.001284265,0.001274135
0.002556498,0.001283425,0.001273073
0.002554598,0.001282586,0.001272011
0.0025527,0.001281748,0.001270952
0.002550805,0.001280911,0.001269893
0.002548912,0.001280076,0.001268837
0.002547022,0.001279241,0.001267781
0.002545135,0.001278407,0.001266727
0.00254325,0.001277575,0.001265675
0.002541367,0.001276743,0.001264624
0.002539488,0.001275912,0.001263575
0.00253761,0.001275083,0.001262527
0.002535735,0.001274254,0.001261481
0.002533863,0.001273427,0.001260436
0.002531993,0.0012726,0.001259393
0.002530126,0.001271775,0.001258351
0.002528262,0.001270951,0.001257311
0.0025264,0.001270127,0.001256272
0.00252454,0.001269305,0.001255235
0.002522683,0.001268484,0.001254199
0.002520828,0.001267663,0.001253165
0.002518976,0.001266844,0.001252132
0.002517127,0.001266026,0.001251101
0.00251528,0.001265208,0.001250071
0.002513435,0.001264392,0.001249043
0.002511593,0.001263577,0.001248016
0.002509754,0.001262762,0.001246991
0.002507917,0.001261949,0.001245967
0.002506082,0.001261137,0.001244945
0.00250425,0.001260325,0.001243925
0.00250242,0.001259515,0.001242905
0.002500593,0.001258706,0.001241888
0.002498769,0.001257897,0.001240871
0.002496947,0.00125709,0.001239857
0.002495127,0.001256284,0.001238844
0.00249331,0.001255478,0.001237832
0.002491496,0.001254674,0.001236822
0.002489683,0.00125387,0.001235813
0.002487874,0.001253068,0.001234806
0.002486067,0.001252266,0.001233801
0.002484262,0.001251465,0.001232796
0.00248246,0.001250666,0.001231794
0.00248066,0.001249867,0.001230793
0.002478863,0.00124907,0.001229793
0.002477068,0.001248273,0.001228795
0.002475276,0.001247477,0.001227799
0.002473486,0.001246682,0.001226804
0.002471698,0.001245888,0.00122581
0.002469913,0.001245095,0.001224818
0.002468131,0.001244303,0.001223827
0.002466351,0.001243512,0.001222838
0.002464573,0.001242722,0.001221851
0.002462798,0.001241933,0.001220865
0.002461026,0.001241145,0.001219881
0.002459255,0.001240358,0.001218898
0.002457488,0.001239571,0.001217916
0.002455722,0.001238786,0.001216936
0.002453959,0.001238002,0.001215958
0.002452199,0.001237218,0.001214981
0.002450441,0.001236436,0.001214005
0.002448685,0.001235654,0.001213031
0.002446932,0.001234873,0.001212059
0.002445182,0.001234093,0.001211088
0.002443433,0.001233315,0.001210119
0.002441688,0.001232537,0.001209151
0.002439944,0.00123176,0.001208184
0.002438203,0.001230984,0.001207219
0.002436465,0.001230209,0.001206256
0.002434728,0.001229434,0.001205294
0.002432995,0.001228661,0.001204334
0.002431263,0.001227889,0.001203375
0.002429535,0.001227117,0.001202417
0.002427808,0.001226347,0.001201461
0.002426084,0.001225577,0.001200507
0.002424362,0.001224809,0.001199554
0.002422643,0.001224041,0.001198602
0.002420926,0.001223274,0.001197652
0.002419212,0.001222508,0.001196704
0.0024175,0.001221743,0.001195757
0.00241579,0.001220979,0.001194811
0.002414083,0.001220216,0.001193867
0.002412378,0.001219453,0.001192924
0.002410675,0.001218692,0.001191983
0.002408975,0.001217932,0.001191044
0.002407277,0.001217172,0.001190105
0.002405582,0.001216413,0.001189168
0.002403889,0.001215656,0.001188233
0.002402198,0.001214899,0.001187299
0.00240051,0.001214143,0.001186367
0.002398824,0.001213388,0.001185436
0.00239714,0.001212634,0.001184507
0.002395459,0.001211881,0.001183578
0.00239378,0.001211128,0.001182652
0.002392103,0.001210377,0.001181727
0.002390429,0.001209626,0.001180803
0.002388757,0.001208877,0.001179881
0.002387088,0.001208128,0.00117896
0.002385421,0.00120738,0.00117804
0.002383756,0.001206633,0.001177122
0.002382093,0.001205887,0.001176206
0.002380433,0.001205142,0.001175291
0.002378775,0.001204398,0.001174377
0.002377119,0.001203654,0.001173465
0.002375466,0.001202912,0.001172554
0.002373815,0.00120217,0.001171644
0.002372166,0.00120143,0.001170736
0.002370519,0.00120069,0.001169829
0.002368875,0.001199951,0.001168924
0.002367233,0.001199213,0.00116802
0.002365594,0.001198476,0.001167118
0.002363956,0.00119774,0.001166216
0.002362321,0.001197005,0.001165317
0.002360688,0.00119627,0.001164418
0.002359058,0.001195537,0.001163521
0.00235743,0.001194804,0.001162626
0.002355803,0.001194072,0.001161731
0.00235418,0.001193341,0.001160838
0.002352558,0.001192611,0.001159947
0.002350939,0.001191882,0.001159057
0.002349322,0.001191154,0.001158168
0.002347707,0.001190426,0.00115728
0.002346094,0.0011897,0.001156394
0.002344483,0.001188974,0.001155509
0.002342875,0.00118825,0.001154626
0.002341269,0.001187526,0.001153743
0.002339665,0.001186803,0.001152863
0.002338064,0.001186081,0.001151983
0.002336464,0.001185359,0.001151105
0.002334867,0.001184639,0.001150228
0.002333272,0.00118392,0.001149352
0.002331679,0.001183201,0.001148478
0.002330088,0.001182483,0.001147605
0.002328499,0.001181766,0.001146733
0.002326913,0.00118105,0.001145863
0.002325329,0.001180335,0.001144993
0.002323746,0.001179621,0.001144125
0.002322166,0.001178908,0.001143259
0.002320588,0.001178195,0.001142393
0.002319013,0.001177483,0.001141529
0.002317439,0.001176773,0.001140667
0.002315868,0.001176063,0.001139805
0.002314298,0.001175353,0.001138945
0.002312731,0.001174645,0.001138086
0.002311166,0.001173938,0.001137228
0.002309602,0.001173231,0.001136371
0.002308041,0.001172526,0.001135516
0.002306482,0.001171821,0.001134662
0.002304926,0.001171117,0.001133809
0.002303371,0.001170414,0.001132957
0.002301818,0.001169712,0.001132106
0.002300267,0.00116901,0.001131257
0.002298719,0.00116831,0.001130409
0.002297172,0.00116761,0.001129562
0.002295628,0.001166911,0.001128716
0.002294085,0.001166213,0.001127872
0.002292545,0.001165516,0.001127029
0.002291006,0.00116482,0.001126187
0.00228947,0.001164124,0.001125346
0.002287936,0.00116343,0.001124506
0.002286403,0.001162736,0.001123667
0.002284873,0.001162043,0.00112283
0.002283344,0.001161351,0.001121993
0.002281818,0.00116066,0.001121158
0.002280294,0.001159969,0.001120324
0.002278771,0.00115928,0.001119492
0.002277251,0.001158591,0.00111866
0.002275732,0.001157903,0.001117829
0.002274216,0.001157216,0.001117
0.002272701,0.00115653,0.001116172
0.002271189,0.001155844,0.001115345
0.002269678,0.001155159,0.001114519
0.002268169,0.001154476,0.001113694
0.002266663,0.001153793,0.00111287
0.002265158,0.001153111,0.001112047
0.002263655,0.001152429,0.001111226
0.002262154,0.001151749,0.001110405
0.002260655,0.001151069,0.001109586
0.002259158,0.00115039,0.001108767
0.002257662,0.001149712,0.00110795
0.002256169,0.001149035,0.001107134
0.002254677,0.001148358,0.001106319
0.002253188,0.001147683,0.001105505
0.0022517,0.001147008,0.001104692
0.002250214,0.001146334,0.001103881
0.00224873,0.001145661,0.00110307
0.002247248,0.001144988,0.00110226
0.002245768,0.001144316,0.001101452
0.00224429,0.001143646,0.001100644
0.002242813,0.001142976,0.001099838
0.002241339,0.001142306,0.001099032
0.002239866,0.001141638,0.001098228
0.002238395,0.00114097,0.001097425
0.002236926,0.001140303,0.001096622
0.002235458,0.001139637,0.001095821
0.002233993,0.001138972,0.001095021
0.002232529,0.001138308,0.001094222
0.002231068,0.001137644,0.001093424
0.002229607,0.001136981,0.001092627
0.002228149,0.001136319,0.00109183
0.002226693,0.001135657,0.001091035
0.002225238,0.001134997,0.001090241
0.002223785,0.001134337,0.001089448
0.002222334,0.001133678,0.001088656
0.002220885,0.00113302,0.001087865
0.002219438,0.001132362,0.001087075
0.002217992,0.001131705,0.001086286
0.002216548,0.001131049,0.001085498
0.002215106,0.001130394,0.001084711
0.002213665,0.00112974,0.001083925
0.002212227,0.001129086,0.00108314
0.00221079,0.001128433,0.001082356
0.002209354,0.001127781,0.001081573
0.002207921,0.00112713,0.001080791
0.002206489,0.001126479,0.00108001
0.002205059,0.001125829,0.00107923
0.002203631,0.00112518,0.001078451
0.002202205,0.001124532,0.001077673
0.00220078,0.001123884,0.001076896
0.002199357,0.001123237,0.00107612
0.002197936,0.001122591,0.001075345
0.002196516,0.001121945,0.001074571
0.002195098,0.001121301,0.001073797
0.002193682,0.001120657,0.001073025
0.002192267,0.001120014,0.001072254
0.002190855,0.001119371,0.001071484
0.002189444,0.001118729,0.001070714
0.002188034,0.001118088,0.001069946
0.002186627,0.001117448,0.001069178
0.002185221,0.001116809,0.001068412
0.002183816,0.00111617,0.001067647
0.002182414,0.001115532,0.001066882
0.002181013,0.001114894,0.001066118
0.002179613,0.001114258,0.001065356
0.002178216,0.001113622,0.001064594
0.00217682,0.001112986,0.001063833
0.002175425,0.001112352,0.001063074
0.002174033,0.001111718,0.001062315
0.002172642,0.001111085,0.001061557
0.002171253,0.001110453,0.0010608
0.002169865,0.001109821,0.001060044
0.002168479,0.00110919,0.001059289
0.002167094,0.00110856,0.001058535
0.002165712,0.00110793,0.001057781
0.002164331,0.001107301,0.001057029
0.002162951,0.001106673,0.001056278
0.002161573,0.001106046,0.001055528
0.002160197,0.001105419,0.001054778
0.002158823,0.001104793,0.00105403
0.00215745,0.001104168,0.001053282
0.002156079,0.001103543,0.001052535
0.002154709,0.001102919,0.00105179
0.002153341,0.001102296,0.001051045
0.002151974,0.001101673,0.001050301
0.00215061,0.001101051,0.001049558
0.002149246,0.00110043,0.001048816
0.002147885,0.00109981,0.001048075
0.002146525,0.00109919,0.001047335
0.002145167,0.001098571,0.001046596
0.00214381,0.001097952,0.001045858
0.002142455,0.001097334,0.001045121
0.002141101,0.001096717,0.001044384
0.002139749,0.001096101,0.001043649
0.002138399,0.001095485,0.001042914
0.00213705,0.00109487,0.001042181
0.002135703,0.001094255,0.001041448
0.002134358,0.001093641,0.001040716
0.002133014,0.001093028,0.001039985
0.002131671,0.001092416,0.001039255
0.00213033,0.001091804,0.001038526
0.002128991,0.001091193,0.001037798
0.002127654,0.001090582,0.001037071
0.002126318,0.001089973,0.001036345
0.002124983,0.001089364,0.00103562
0.00212365,0.001088755,0.001034895
0.002122319,0.001088147,0.001034172
0.002120989,0.00108754,0.001033449
0.002119661,0.001086933,0.001032727
0.002118334,0.001086328,0.001032007
0.002117009,0.001085722,0.001031287
0.002115686,0.001085118,0.001030568
0.002114364,0.001084514,0.00102985
0.002113044,0.001083911,0.001029133
0.002111725,0.001083308,0.001028417
0.002110408,0.001082706,0.001027702
0.002109092,0.001082105,0.001026987
0.002107778,0.001081504,0.001026274
0.002106465,0.001080904,0.001025562
0.002105154,0.001080304,0.00102485
0.002103845,0.001079706,0.001024139
0.002102537,0.001079107,0.00102343
0.002101231,0.00107851,0.001022721
0.002099926,0.001077913,0.001022013
0.002098623,0.001077317,0.001021306
0.002097321,0.001076721,0.0010206
0.002096021,0.001076126,0.001019895
0.002094722,0.001075532,0.00101919
0.002093425,0.001074938,0.001018487
0.002092129,0.001074345,0.001017784
0.002090835,0.001073752,0.001017083
0.002089543,0.001073161,0.001016382
0.002088252,0.001072569,0.001015682
0.002086962,0.001071979,0.001014984
0.002085675,0.001071389,0.001014286
0.002084388,0.0010708,0.001013589
0.002083103,0.001070211,0.001012893
0.00208182,0.001069623,0.001012197
0.002080538,0.001069035,0.001011503
0.002079258,0.001068448,0.00101081
0.002077979,0.001067862,0.001010117
0.002076702,0.001067276,0.001009425
0.002075426,0.001066691,0.001008735
0.002074152,0.001066107,0.001008045
0.002072879,0.001065523,0.001007356
0.002071608,0.00106494,0.001006668
0.002070338,0.001064357,0.001005981
0.00206907,0.001063776,0.001005295
0.002067804,0.001063194,0.001004609
0.002066538,0.001062613,0.001003925
0.002065275,0.001062033,0.001003241
0.002064013,0.001061454,0.001002559
0.002062752,0.001060875,0.001001877
0.002061493,0.001060297,0.001001196
0.002060235,0.001059719,0.001000516
0.002058979,0.001059142,0.000999837
0.002057724,0.001058565,0.000999159
0.002056471,0.001057989,0.000998481
0.002055219,0.001057414,0.000997805
0.002053969,0.001056839,0.000997129
0.00205272,0.001056265,0.000996455
0.002051473,0.001055692,0.000995781
0.002050227,0.001055119,0.000995108
0.002048983,0.001054547,0.000994436
0.00204774,0.001053975,0.000993765
0.002046499,0.001053404,0.000993095
0.002045259,0.001052834,0.000992425
0.00204402,0.001052264,0.000991757
0.002042783,0.001051694,0.000991089
0.002041548,0.001051126,0.000990422
0.002040314,0.001050558,0.000989756
0.002039081,0.00104999,0.000989091
0.00203785,0.001049423,0.000988427
0.002036621,0.001048857,0.000987764
0.002035393,0.001048291,0.000987101
0.002034166,0.001047726,0.00098644
0.002032941,0.001047161,0.000985779
0.002031717,0.001046597,0.000985119
0.002030494,0.001046034,0.00098446
0.002029273,0.001045471,0.000983802
0.002028054,0.001044909,0.000983145
0.002026836,0.001044347,0.000982489
0.002025619,0.001043786,0.000981833
0.002024404,0.001043226,0.000981178
0.002023191,0.001042666,0.000980524
0.002021978,0.001042107,0.000979871
0.002020767,0.001041548,0.000979219
0.002019558,0.00104099,0.000978568
0.00201835,0.001040433,0.000977917
0.002017143,0.001039876,0.000977268
0.002015938,0.001039319,0.000976619
0.002014734,0.001038763,0.000975971
0.002013532,0.001038208,0.000975324
0.002012331,0.001037654,0.000974678
0.002011132,0.0010371,0.000974032
0.002009934,0.001036546,0.000973387
0.002008737,0.001035993,0.000972744
0.002007542,0.001035441,0.000972101
0.002006348,0.001034889,0.000971459
0.002005155,0.001034338,0.000970817
0.002003964,0.001033788,0.000970177
0.002002775,0.001033238,0.000969537
0.002001586,0.001032688,0.000968898
0.0020004,0.001032139,0.00096826
0.001999214,0.001031591,0.000967623
0.00199803,0.001031043,0.000966987
0.001996847,0.001030496,0.000966351
0.001995666,0.00102995,0.000965716
0.001994486,0.001029404,0.000965082
0.001993307,0.001028858,0.000964449
0.00199213,0.001028313,0.000963817
0.001990954,0.001027769,0.000963185
0.00198978,0.001027225,0.000962554
0.001988607,0.001026682,0.000961924
0.001987435,0.00102614,0.000961295
0.001986264,0.001025598,0.000960667
0.001985095,0.001025056,0.000960039
0.001983928,0.001024515,0.000959412
0.001982761,0.001023975,0.000958786
0.001981596,0.001023435,0.000958161
0.001980433,0.001022896,0.000957536
0.00197927,0.001022358,0.000956913
0.001978109,0.001021819,0.00095629
0.00197695,0.001021282,0.000955668
0.001975791,0.001020745,0.000955046
0.001974634,0.001020209,0.000954426
0.001973479,0.001019673,0.000953806
0.001972324,0.001019138,0.000953187
0.001971171,0.001018603,0.000952569
0.00197002,0.001018069,0.000951951
0.001968869,0.001017535,0.000951334
0.00196772,0.001017002,0.000950718
0.001966573,0.00101647,0.000950103
0.001965426,0.001015938,0.000949489
0.001964281,0.001015406,0.000948875
0.001963137,0.001014876,0.000948262
0.001961995,0.001014345,0.00094765
0.001960854,0.001013816,0.000947038
0.001959714,0.001013286,0.000946427
0.001958575,0.001012758,0.000945817
0.001957438,0.00101223,0.000945208
0.001956302,0.001011702,0.0009446
0.001955167,0.001011175,0.000943992
0.001954034,0.001010649,0.000943385
0.001952901,0.001010123,0.000942778
0.001951771,0.001009598,0.000942173
0.001950641,0.001009073,0.000941568
0.001949513,0.001008549,0.000940964
0.001948385,0.001008025,0.00094036
0.00194726,0.001007502,0.000939758
0.001946135,0.001006979,0.000939156
0.001945012,0.001006457,0.000938554
0.00194389,0.001005936,0.000937954
0.001942769,0.001005415,0.000937354
0.001941649,0.001004894,0.000936755
0.001940531,0.001004375,0.000936157
0.001939414,0.001003855,0.000935559
0.001938298,0.001003336,0.000934962
0.001937184,0.001002818,0.000934366
0.00193607,0.0010023,0.00093377
0.001934958,0.001001783,0.000933175
0.001933848,0.001001267,0.000932581
0.001932738,0.00100075,0.000931988
0.00193163,0.001000235,0.000931395
0.001930522,0.00099972,0.000930803
0.001929416,0.000999205,0.000930211
0.001928312,0.000998691,0.000929621
0.001927208,0.000998178,0.000929031
0.001926106,0.000997665,0.000928441
0.001925005,0.000997152,0.000927853
0.001923905,0.00099664,0.000927265
0.001922806,0.000996129,0.000926677
0.001921709,0.000995618,0.000926091
0.001920613,0.000995108,0.000925505
0.001919518,0.000994598,0.00092492
0.001918424,0.000994089,0.000924335
0.001917331,0.00099358,0.000923751
0.00191624,0.000993072,0.000923168
0.001915149,0.000992564,0.000922585
0.00191406,0.000992057,0.000922003
0.001912972,0.00099155,0.000921422
0.001911886,0.000991044,0.000920842
0.0019108,0.000990538,0.000920262
0.001909716,0.000990033,0.000919682
0.001908633,0.000989529,0.000919104
0.001907551,0.000989025,0.000918526
0.00190647,0.000988521,0.000917949
0.00190539,0.000988018,0.000917372
0.001904312,0.000987515,0.000916796
0.001903234,0.000987013,0.000916221
0.001902158,0.000986512,0.000915646
0.001901083,0.000986011,0.000915072
0.001900009,0.00098551,0.000914499
0.001898937,0.00098501,0.000913926
0.001897865,0.000984511,0.000913354
0.001896795,0.000984012,0.000912783
0.001895725,0.000983513,0.000912212
0.001894657,0.000983015,0.000911642
0.00189359,0.000982518,0.000911072
0.001892524,0.000982021,0.000910504
0.00189146,0.000981524,0.000909935
0.001890396,0.000981028,0.000909368
0.001889334,0.000980533,0.000908801
0.001888273,0.000980038,0.000908235
0.001887212,0.000979543,0.000907669
0.001886153,0.000979049,0.000907104
0.001885095,0.000978556,0.00090654
0.001884039,0.000978063,0.000905976
0.001882983,0.00097757,0.000905413
0.001881929,0.000977078,0.00090485
0.001880875,0.000976587,0.000904288
0.001879823,0.000976096,0.000903727
0.001878772,0.000975605,0.000903167
0.001877722,0.000975115,0.000902607
0.001876673,0.000974625,0.000902047
0.001875625,0.000974136,0.000901489
0.001874578,0.000973648,0.00090093
0.001873533,0.00097316,0.000900373
0.001872488,0.000972672,0.000899816
0.001871445,0.000972185,0.00089926
0.001870402,0.000971698,0.000898704
0.001869361,0.000971212,0.000898149
0.001868321,0.000970726,0.000897595
0.001867282,0.000970241,0.000897041
0.001866244,0.000969756,0.000896488
0.001865207,0.000969272,0.000895935
0.001864172,0.000968788,0.000895383
0.001863137,0.000968305,0.000894832
0.001862103,0.000967822,0.000894281
0.001861071,0.00096734,0.000893731
0.00186004,0.000966858,0.000893182
0.001859009,0.000966376,0.000892633
0.00185798,0.000965895,0.000892085
0.001856952,0.000965415,0.000891537
0.001855925,0.000964935,0.00089099
0.001854899,0.000964455,0.000890443
0.001853874,0.000963976,0.000889898
0.00185285,0.000963498,0.000889352
0.001851827,0.00096302,0.000888808
0.001850806,0.000962542,0.000888264
0.001849785,0.000962065,0.00088772
0.001848765,0.000961588,0.000887178
0.001847747,0.000961112,0.000886635
0.001846729,0.000960636,0.000886094
0.001845713,0.00096016,0.000885553
0.001844698,0.000959686,0.000885012
0.001843684,0.000959211,0.000884472
0.00184267,0.000958737,0.000883933
0.001841658,0.000958264,0.000883395
0.001840647,0.000957791,0.000882857
0.001839637,0.000957318,0.000882319
0.001838628,0.000956846,0.000881782
0.00183762,0.000956374,0.000881246
0.001836613,0.000955903,0.000880711
0.001835608,0.000955432,0.000880176
0.001834603,0.000954962,0.000879641
0.001833599,0.000954492,0.000879107
0.001832597,0.000954022,0.000878574
0.001831595,0.000953553,0.000878041
0.001830594,0.000953085,0.000877509
0.001829595,0.000952617,0.000876978
0.001828596,0.000952149,0.000876447
0.001827599,0.000951682,0.000875917
0.001826602,0.000951215,0.000875387
0.001825607,0.000950749,0.000874858
0.001824613,0.000950283,0.00087433
0.001823619,0.000949818,0.000873802
0.001822627,0.000949353,0.000873274
0.001821636,0.000948888,0.000872748
0.001820646,0.000948424,0.000872222
0.001819657,0.000947961,0.000871696
0.001818668,0.000947497,0.000871171
0.001817681,0.000947035,0.000870647
0.001816695,0.000946572,0.000870123
0.00181571,0.00094611,0.0008696
0.001814726,0.000945649,0.000869077
0.001813743,0.000945188,0.000868555
0.001812761,0.000944727,0.000868034
0.00181178,0.000944267,0.000867513
0.0018108,0.000943808,0.000866993
0.001809821,0.000943348,0.000866473
0.001808843,0.000942889,0.000865954
0.001807866,0.000942431,0.000865435
0.00180689,0.000941973,0.000864917
0.001805916,0.000941516,0.0008644
0.001804942,0.000941059,0.000863883
0.001803969,0.000940602,0.000863367
0.001802997,0.000940146,0.000862851
0.001802026,0.00093969,0.000862336
0.001801056,0.000939234,0.000861822
0.001800088,0.000938779,0.000861308
0.00179912,0.000938325,0.000860795
0.001798153,0.000937871,0.000860282
0.001797187,0.000937417,0.00085977
0.001796222,0.000936964,0.000859258
0.001795259,0.000936511,0.000858747
0.001794296,0.000936059,0.000858237
0.001793334,0.000935607,0.000857727
0.001792373,0.000935155,0.000857218
0.001791413,0.000934704,0.000856709
0.001790455,0.000934253,0.000856201
0.001789497,0.000933803,0.000855694
0.00178854,0.000933353,0.000855187
0.001787584,0.000932904,0.00085468
0.001786629,0.000932455,0.000854174
0.001785675,0.000932006,0.000853669
0.001784723,0.000931558,0.000853165
0.001783771,0.00093111,0.00085266
0.00178282,0.000930663,0.000852157
0.00178187,0.000930216,0.000851654
0.001780921,0.00092977,0.000851152
0.001779973,0.000929323,0.00085065
0.001779026,0.000928878,0.000850148
0.00177808,0.000928432,0.000849648
0.001777135,0.000927988,0.000849148
0.001776191,0.000927543,0.000848648
0.001775248,0.000927099,0.000848149
0.001774306,0.000926656,0.000847651
0.001773365,0.000926212,0.000847153
0.001772425,0.00092577,0.000846655
0.001771486,0.000925327,0.000846159
0.001770548,0.000924885,0.000845662
0.00176961,0.000924444,0.000845167
0.001768674,0.000924003,0.000844672
0.001767739,0.000923562,0.000844177
0.001766805,0.000923122,0.000843683
0.001765871,0.000922682,0.00084319
0.001764939,0.000922242,0.000842697
0.001764008,0.000921803,0.000842205
0.001763077,0.000921364,0.000841713
0.001762148,0.000920926,0.000841222
0.001761219,0.000920488,0.000840731
0.001760292,0.000920051,0.000840241
0.001759365,0.000919614,0.000839751
0.001758439,0.000919177,0.000839262
0.001757515,0.000918741,0.000838774
0.001756591,0.000918305,0.000838286
0.001755668,0.00091787,0.000837799
0.001754746,0.000917434,0.000837312
0.001753825,0.000917,0.000836826
0.001752905,0.000916566,0.00083634
0.001751986,0.000916132,0.000835855
0.001751068,0.000915698,0.00083537
0.001750151,0.000915265,0.000834886
0.001749235,0.000914833,0.000834402
0.00174832,0.0009144,0.000833919
0.001747405,0.000913969,0.000833437
0.001746492,0.000913537,0.000832955
0.00174558,0.000913106,0.000832474
0.001744668,0.000912676,0.000831993
0.001743758,0.000912245,0.000831512
0.001742848,0.000911815,0.000831033
0.001741939,0.000911386,0.000830553
0.001741032,0.000910957,0.000830075
0.001740125,0.000910528,0.000829596
0.001739219,0.0009101,0.000829119
0.001738314,0.000909672,0.000828642
0.00173741,0.000909245,0.000828165
0.001736507,0.000908818,0.000827689
0.001735604,0.000908391,0.000827213
0.001734703,0.000907965,0.000826738
0.001733803,0.000907539,0.000826264
0.001732903,0.000907113,0.00082579
0.001732005,0.000906688,0.000825316
0.001731107,0.000906264,0.000824843
0.00173021,0.000905839,0.000824371
0.001729314,0.000905415,0.000823899
0.00172842,0.000904992,0.000823428
0.001727526,0.000904569,0.000822957
0.001726632,0.000904146,0.000822486
0.00172574,0.000903724,0.000822017
0.001724849,0.000903302,0.000821547
0.001723959,0.00090288,0.000821079
0.001723069,0.000902459,0.00082061
0.001722181,0.000902038,0.000820142
0.001721293,0.000901618,0.000819675
0.001720406,0.000901198,0.000819208
0.00171952,0.000900778,0.000818742
0.001718635,0.000900359,0.000818276
0.001717751,0.00089994,0.000817811
0.001716868,0.000899521,0.000817346
0.001715985,0.000899103,0.000816882
0.001715104,0.000898686,0.000816418
0.001714223,0.000898268,0.000815955
0.001713344,0.000897851,0.000815492
0.001712465,0.000897435,0.00081503
0.001711587,0.000897019,0.000814568
0.00171071,0.000896603,0.000814107
0.001709834,0.000896187,0.000813646
0.001708958,0.000895772,0.000813186
0.001708084,0.000895358,0.000812726
0.00170721,0.000894943,0.000812267
0.001706338,0.000894529,0.000811808
0.001705466,0.000894116,0.00081135
0.001704595,0.000893703,0.000810892
0.001703725,0.00089329,0.000810435
0.001702856,0.000892878,0.000809978
0.001701987,0.000892466,0.000809522
0.00170112,0.000892054,0.000809066
0.001700253,0.000891643,0.000808611
0.001699388,0.000891232,0.000808156
0.001698523,0.000890821,0.000807701
0.001697659,0.000890411,0.000807247
0.001696795,0.000890002,0.000806794
0.001695933,0.000889592,0.000806341
0.001695072,0.000889183,0.000805888
0.001694211,0.000888775,0.000805436
0.001693351,0.000888366,0.000804985
0.001692492,0.000887958,0.000804534
0.001691634,0.000887551,0.000804083
0.001690777,0.000887144,0.000803633
0.00168992,0.000886737,0.000803183
0.001689065,0.000886331,0.000802734
0.00168821,0.000885925,0.000802285
0.001687356,0.000885519,0.000801837
0.001686503,0.000885114,0.000801389
0.001685651,0.000884709,0.000800942
0.0016848,0.000884304,0.000800495
0.001683949,0.0008839,0.000800049
0.001683099,0.000883496,0.000799603
0.00168225,0.000883093,0.000799158
0.001681402,0.00088269,0.000798713
0.001680555,0.000882287,0.000798268
0.001679709,0.000881885,0.000797824
0.001678863,0.000881483,0.00079738
0.001678018,0.000881081,0.000796937
0.001677174,0.00088068,0.000796494
0.001676331,0.000880279,0.000796052
0.001675489,0.000879878,0.00079561
0.001674647,0.000879478,0.000795169
0.001673807,0.000879078,0.000794728
0.001672967,0.000878679,0.000794288
0.001672128,0.00087828,0.000793848
0.001671289,0.000877881,0.000793408
0.001670452,0.000877483,0.000792969
0.001669615,0.000877085,0.000792531
0.00166878,0.000876687,0.000792092
0.001667945,0.00087629,0.000791655
0.00166711,0.000875893,0.000791217
0.001666277,0.000875496,0.00079078
0.001665444,0.0008751,0.000790344
0.001664612,0.000874704,0.000789908
0.001663781,0.000874309,0.000789473
0.001662951,0.000873914,0.000789037
0.001662122,0.000873519,0.000788603
0.001661293,0.000873125,0.000788169
0.001660465,0.00087273,0.000787735
0.001659638,0.000872337,0.000787302
0.001658812,0.000871943,0.000786869
0.001657987,0.00087155,0.000786436
0.001657162,0.000871158,0.000786004
0.001656338,0.000870765,0.000785573
0.001655515,0.000870373,0.000785141
0.001654693,0.000869982,0.000784711
0.001653871,0.000869591,0.000784281
0.00165305,0.0008692,0.000783851
0.00165223,0.000868809,0.000783421
0.001651411,0.000868419,0.000782992
0.001650593,0.000868029,0.000782564
0.001649775,0.000867639,0.000782136
0.001648958,0.00086725,0.000781708
0.001648142,0.000866861,0.000781281
0.001647327,0.000866473,0.000780854
0.001646512,0.000866085,0.000780427
0.001645699,0.000865697,0.000780001
0.001644886,0.00086531,0.000779576
0.001644073,0.000864922,0.000779151
0.001643262,0.000864536,0.000778726
0.001642451,0.000864149,0.000778302
0.001641641,0.000863763,0.000777878
0.001640832,0.000863377,0.000777455
0.001640024,0.000862992,0.000777032
0.001639216,0.000862607,0.000776609
0.001638409,0.000862222,0.000776187
0.001637603,0.000861838,0.000775765
0.001636798,0.000861454,0.000775344
0.001635993,0.00086107,0.000774923
0.001635189,0.000860687,0.000774502
0.001634386,0.000860304,0.000774082
0.001633584,0.000859921,0.000773663
0.001632782,0.000859539,0.000773243
0.001631981,0.000859157,0.000772825
0.001631181,0.000858775,0.000772406
0.001630382,0.000858394,0.000771988
0.001629583,0.000858013,0.000771571
0.001628785,0.000857632,0.000771153
0.001627988,0.000857252,0.000770737
0.001627192,0.000856872,0.00077032
0.001626396,0.000856492,0.000769904
0.001625602,0.000856113,0.000769489
0.001624807,0.000855734,0.000769074
0.001624014,0.000855355,0.000768659
0.001623221,0.000854976,0.000768245
0.00162243,0.000854598,0.000767831
0.001621638,0.000854221,0.000767418
0.001620848,0.000853843,0.000767005
0.001620058,0.000853466,0.000766592
0.001619269,0.00085309,0.00076618
0.001618481,0.000852713,0.000765768
0.001617694,0.000852337,0.000765357
0.001616907,0.000851961,0.000764946
0.001616121,0.000851586,0.000764535
0.001615336,0.000851211,0.000764125
0.001614551,0.000850836,0.000763715
0.001613767,0.000850462,0.000763306
0.001612984,0.000850088,0.000762897
0.001612202,0.000849714,0.000762488
0.00161142,0.00084934,0.00076208
0.001610639,0.000848967,0.000761672
0.001609859,0.000848594,0.000761265
0.00160908,0.000848222,0.000760858
0.001608301,0.00084785,0.000760452
0.001607523,0.000847478,0.000760045
0.001606746,0.000847106,0.00075964
0.001605969,0.000846735,0.000759234
0.001605194,0.000846364,0.000758829
0.001604418,0.000845993,0.000758425
0.001603644,0.000845623,0.000758021
0.00160287,0.000845253,0.000757617
0.001602097,0.000844884,0.000757214
0.001601325,0.000844514,0.000756811
0.001600554,0.000844145,0.000756408
0.001599783,0.000843777,0.000756006
0.001599013,0.000843408,0.000755605
0.001598243,0.00084304,0.000755203
0.001597475,0.000842672,0.000754802
0.001596707,0.000842305,0.000754402
0.00159594,0.000841938,0.000754002
0.001595173,0.000841571,0.000753602
0.001594407,0.000841204,0.000753203
0.001593642,0.000840838,0.000752804
0.001592878,0.000840472,0.000752405
0.001592114,0.000840107,0.000752007
0.001591351,0.000839742,0.000751609
0.001590589,0.000839377,0.000751212
0.001589827,0.000839012,0.000750815
0.001589066,0.000838648,0.000750418
0.001588306,0.000838284,0.000750022
0.001587547,0.00083792,0.000749627
0.001586788,0.000837557,0.000749231
0.00158603,0.000837194,0.000748836
0.001585272,0.000836831,0.000748442
0.001584516,0.000836468,0.000748047
0.00158376,0.000836106,0.000747654
0.001583004,0.000835744,0.00074726
0.00158225,0.000835383,0.000746867
0.001581496,0.000835021,0.000746475
0.001580743,0.00083466,0.000746082
0.00157999,0.0008343,0.00074569
0.001579238,0.000833939,0.000745299
0.001578487,0.000833579,0.000744908
0.001577737,0.00083322,0.000744517
0.001576987,0.00083286,0.000744127
0.001576238,0.000832501,0.000743737
0.00157549,0.000832142,0.000743347
0.001574742,0.000831784,0.000742958
0.001573995,0.000831426,0.00074257
0.001573249,0.000831068,0.000742181
0.001572503,0.00083071,0.000741793
0.001571758,0.000830353,0.000741406
0.001571014,0.000829996,0.000741019
0.001570271,0.000829639,0.000740632
0.001569528,0.000829283,0.000740245
0.001568786,0.000828926,0.000739859
0.001568044,0.000828571,0.000739474
0.001567303,0.000828215,0.000739088
0.001566563,0.00082786,0.000738703
0.001565824,0.000827505,0.000738319
0.001565085,0.00082715,0.000737935
0.001564347,0.000826796,0.000737551
0.00156361,0.000826442,0.000737168
0.001562873,0.000826088,0.000736785
0.001562137,0.000825735,0.000736402
0.001561401,0.000825382,0.00073602
0.001560667,0.000825029,0.000735638
0.001559933,0.000824676,0.000735256
0.001559199,0.000824324,0.000734875
0.001558467,0.000823972,0.000734495
0.001557735,0.00082362,0.000734114
0.001557003,0.000823269,0.000733734
0.001556273,0.000822918,0.000733355
0.001555543,0.000822567,0.000732976
0.001554813,0.000822217,0.000732597
0.001554085,0.000821866,0.000732218
0.001553357,0.000821516,0.00073184
0.001552629,0.000821167,0.000731462
0.001551903,0.000820817,0.000731085
0.001551177,0.000820468,0.000730708
0.001550451,0.00082012,0.000730332
0.001549727,0.000819771,0.000729955
0.001549002,0.000819423,0.00072958
0.001548279,0.000819075,0.000729204
0.001547556,0.000818727,0.000728829
0.001546834,0.00081838,0.000728454
0.001546113,0.000818033,0.00072808
0.001545392,0.000817686,0.000727706
0.001544672,0.00081734,0.000727332
0.001543953,0.000816994,0.000726959
0.001543234,0.000816648,0.000726586
0.001542516,0.000816302,0.000726214
0.001541798,0.000815957,0.000725841
0.001541082,0.000815612,0.00072547
0.001540365,0.000815267,0.000725098
0.00153965,0.000814923,0.000724727
0.001538935,0.000814579,0.000724356
0.001538221,0.000814235,0.000723986
0.001537507,0.000813891,0.000723616
0.001536794,0.000813548,0.000723247
0.001536082,0.000813205,0.000722877
0.001535371,0.000812862,0.000722508
0.00153466,0.00081252,0.00072214
0.001533949,0.000812178,0.000721772
0.00153324,0.000811836,0.000721404
0.001532531,0.000811494,0.000721036
0.001531822,0.000811153,0.000720669
0.001531114,0.000810812,0.000720303
0.001530407,0.000810471,0.000719936
0.001529701,0.000810131,0.00071957
0.001528995,0.00080979,0.000719205
0.00152829,0.00080945,0.000718839
0.001527585,0.000809111,0.000718474
0.001526881,0.000808771,0.00071811
0.001526178,0.000808432,0.000717746
0.001525475,0.000808094,0.000717382
0.001524773,0.000807755,0.000717018
0.001524072,0.000807417,0.000716655
0.001523371,0.000807079,0.000716292
0.001522671,0.000806741,0.00071593
0.001521971,0.000806404,0.000715568
0.001521272,0.000806067,0.000715206
0.001520574,0.00080573,0.000714844
0.001519877,0.000805393,0.000714483
0.00151918,0.000805057,0.000714123
0.001518483,0.000804721,0.000713762
0.001517787,0.000804385,0.000713402
0.001517092,0.00080405,0.000713042
0.001516398,0.000803715,0.000712683
0.001515704,0.00080338,0.000712324
0.001515011,0.000803045,0.000711965
0.001514318,0.000802711,0.000711607
0.001513626,0.000802377,0.000711249
0.001512934,0.000802043,0.000710891
0.001512244,0.000801709,0.000710534
0.001511553,0.000801376,0.000710177
0.001510864,0.000801043,0.000709821
0.001510175,0.00080071,0.000709464
0.001509487,0.000800378,0.000709108
0.001508799,0.000800046,0.000708753
0.001508112,0.000799714,0.000708398
0.001507425,0.000799382,0.000708043
0.001506739,0.000799051,0.000707688
0.001506054,0.00079872,0.000707334
0.001505369,0.000798389,0.00070698
0.001504685,0.000798059,0.000706626
0.001504002,0.000797728,0.000706273
0.001503319,0.000797398,0.00070592
0.001502636,0.000797069,0.000705568
0.001501955,0.000796739,0.000705216
0.001501274,0.00079641,0.000704864
0.001500593,0.000796081,0.000704512
0.001499913,0.000795753,0.000704161
0.001499234,0.000795424,0.00070381
0.001498555,0.000795096,0.000703459
0.001497877,0.000794768,0.000703109
0.0014972,0.000794441,0.000702759
0.001496523,0.000794113,0.00070241
0.001495847,0.000793786,0.00070206
0.001495171,0.00079346,0.000701711
0.001494496,0.000793133,0.000701363
0.001493821,0.000792807,0.000701014
0.001493147,0.000792481,0.000700666
0.001492474,0.000792155,0.000700319
0.001491801,0.00079183,0.000699972
0.001491129,0.000791505,0.000699625
0.001490457,0.00079118,0.000699278
0.001489786,0.000790855,0.000698932
0.001489116,0.000790531,0.000698585
0.001488446,0.000790206,0.00069824
0.001487777,0.000789883,0.000697894
0.001487108,0.000789559,0.000697549
0.00148644,0.000789236,0.000697205
0.001485773,0.000788913,0.00069686
0.001485106,0.00078859,0.000696516
0.00148444,0.000788267,0.000696172
0.001483774,0.000787945,0.000695829
0.001483109,0.000787623,0.000695486
0.001482444,0.000787301,0.000695143
0.00148178,0.00078698,0.0006948
0.001481117,0.000786658,0.000694458
0.001480454,0.000786338,0.000694116
0.001479791,0.000786017,0.000693775
0.00147913,0.000785696,0.000693433
0.001478468,0.000785376,0.000693092
0.001477808,0.000785056,0.000692752
0.001477148,0.000784737,0.000692411
0.001476488,0.000784417,0.000692071
0.00147583,0.000784098,0.000691732
0.001475171,0.000783779,0.000691392
0.001474514,0.00078346,0.000691053
0.001473856,0.000783142,0.000690714
0.0014732,0.000782824,0.000690376
0.001472544,0.000782506,0.000690038
0.001471888,0.000782188,0.0006897
0.001471233,0.000781871,0.000689362
0.001470579,0.000781554,0.000689025
0.001469925,0.000781237,0.000688688
0.001469272,0.00078092,0.000688352
0.001468619,0.000780604,0.000688015
0.001467967,0.000780288,0.000687679
0.001467316,0.000779972,0.000687344
0.001466665,0.000779656,0.000687008
0.001466014,0.000779341,0.000686673
0.001465364,0.000779026,0.000686338
0.001464715,0.000778711,0.000686004
0.001464066,0.000778397,0.00068567
0.001463418,0.000778082,0.000685336
0.00146277,0.000777768,0.000685002
0.001462123,0.000777454,0.000684669
0.001461477,0.000777141,0.000684336
0.00146083,0.000776827,0.000684003
0.001460185,0.000776514,0.000683671
0.00145954,0.000776201,0.000683339
0.001458896,0.000775889,0.000683007
0.001458252,0.000775577,0.000682675
0.001457609,0.000775264,0.000682344
0.001456966,0.000774953,0.000682013
0.001456324,0.000774641,0.000681683
0.001455682,0.00077433,0.000681352
