11:00:00 AM,11:35:00 AM,12:16:00 PM,12:51:00 PM,1:26:00 AM,2:00:00 AM
23.76,1.691101,0.42,6.22E+00,2.10E+01,1.04E+00
10.81,5.501526,25.12,7.77E+00,3.08E+01,1.31E+00
11.21,-5.208313,17.38,2.29E+01,3.92E+00,4.86E+00
8.22,-12.00439,3.76,6.28E+00,9.90E+00,4.07E+00
8.14,-12.50427,5.47,4.72E+01,3.67E+01,5.46E+00
3.87,-12.0816,14.18,6.16E+01,6.86E+00,1.62E+00
0.76,-0.1693115,12.54,2.57E+01,5.14E+00,9.84E-01
5.90,-3.17627,6.28,6.95E+00,1.38E+01,7.83E+00
8.67,2.865479,10.43,8.42E+00,3.14E+01,1.18E+01
1.26,-15.48932,1.03,4.98E+01,7.11E+00,4.69E+00
9.07,-8.788147,8.72,1.49E+01,3.17E+01,1.69E+01
1.93,0.7714844,-0.46,5.53E+00,1.09E+01,5.23E+00
7.30,-16.08978,4.99,1.42E+01,1.38E+01,-4.79E-02
2.46,31.13208,13.84,7.45E+00,8.39E+00,9.59E+00
15.42,2.617615,16.93,5.67E+00,1.07E+01,7.66E+00
13.15,48.22888,2.49,2.78E+00,5.05E+00,1.23E+01
3.14,52.46899,5.85,8.92E+00,1.10E+01,4.00E+00
57.18,71.4942,9.62,2.58E+01,1.12E+01,2.84E+00
100.90,-13.88397,77.54,3.71E+00,8.63E+01,9.18E-01
34.14,-11.30408,2.84,7.49E+00,6.38E+00,5.43E+00
5.59,-13.62061,11.22,1.16E+01,1.38E+01,2.13E+00
16.11,90.4635,1.30,1.42E+01,1.36E+00,1.99E+00
27.49,452.0447,1.11,1.12E+01,7.62E+00,2.00E+01
6.45,210.599,19.56,5.04E+00,2.30E+01,3.38E+00
8.50,65.88019,13.99,2.30E+00,2.95E+01,1.30E+00
12.59,12.76459,1.68,4.34E+00,9.15E+00,1.27E+00
1.80,48.14801,14.36,2.18E+00,1.46E+01,3.11E+00
33.40,0.05554199,31.10,1.23E+01,2.58E+01,3.29E+01
3.94,14.0022,24.87,6.29E+00,3.37E+00,2.21E+01
-0.71,10.31104,2.18,2.48E+00,5.12E+01,4.41E+00
28.98,7.195374,7.78,5.37E+00,8.79E+00,3.82E+00
8.16,-6.048401,7.18,2.19E+00,3.59E+01,1.01E+01
22.13,1.542236,13.78,4.73E+00,2.52E+01,9.74E+00
5.65,2.724426,2.91,2.05E+01,7.89E+00,1.96E+00
20.41,-4.446655,26.35,5.22E+00,2.30E+01,2.06E+01
4.85,-8.182068,10.75,3.48E+00,5.29E+00,1.76E+00
30.07,-5.6922,16.22,1.59E+00,1.66E+01,7.29E+00
26.23,-6.671265,39.30,6.34E+00,6.53E+00,1.52E+01
16.24,24.03351,2.35,4.77E+00,5.42E+00,4.51E+00
9.21,-10.19769,3.01,1.31E+01,1.42E+01,1.34E+01
12.18,-2.82489,1.44,8.56E+00,7.45E+00,1.06E+01
6.79,-5.986084,7.64,1.04E+01,3.47E+00,2.46E+00
73.78,2.860046,73.70,3.16E+00,3.32E+01,-8.48E-01
25.62,3.285645,8.00,3.32E+00,4.63E+00,1.84E+01
2.88,-4.233826,3.22,1.35E+01,5.86E+00,5.12E+00
4.86,2.878784,28.31,4.03E+00,1.03E+01,1.27E+01
10.89,49.47968,9.80,8.10E+00,4.40E+00,-1.08E-01
13.61,5.811157,4.31,3.29E+01,5.18E+00,5.96E+00
8.54,4.405457,1.95,1.20E+01,9.17E+00,4.67E+00
0.84,4.579773,9.02,5.50E+00,2.79E+00,8.42E+00
-0.20,40.16614,8.96,3.21E+01,2.67E-01,9.29E+00
38.23,9.898254,2.66,1.29E+01,1.06E+00,5.12E+00
24.29,-1.156311,20.58,3.53E+00,2.17E-01,1.61E+01
49.20,2.66626,39.24,6.40E+00,2.03E+00,2.29E+01
9.06,13.21277,15.37,3.29E+00,1.98E+00,1.98E+00
12.21,-6.982361,18.27,7.35E+00,-3.04E-01,4.44E+00
-1.17,-7.879395,1.52,9.05E+00,1.88E+00,3.28E+01
2.63,-5.345398,14.60,1.95E+01,-8.13E-01,2.18E+00
2.52,-3.92041,3.63,2.31E+01,-1.31E+00,2.47E+00
20.41,22.47418,5.70,1.86E+01,1.55E+00,2.49E+00
3.41,-3.127441,16.98,3.22E+01,6.36E-02,1.15E+01
13.93,25.52167,0.85,2.38E+01,1.66E+00,2.10E-01
6.54,8.217407,1.87,1.12E+01,-1.01E+00,-4.31E-01
28.07,49.51947,31.23,4.58E+01,4.69E+00,1.55E+00
39.08,7.937073,1.02,9.13E+00,-2.24E+00,5.12E+00
5.98,12.86908,5.67,9.84E+00,-3.74E+00,8.14E+00
1.37,5.573303,7.05,6.18E+00,-3.89E+00,7.18E-01
7.37,5.788025,3.05,1.12E+01,-3.14E+00,3.62E+00
3.95,1.055481,2.08,5.93E+00,1.51E+01,9.94E+00
0.48,5.372192,-1.27,7.88E+00,1.52E+00,1.50E+00
16.55,25.93524,10.01,1.95E+01,8.98E+00,2.01E+00
7.50,8.863892,6.08,4.76E+01,-9.60E-01,5.63E+00
0.70,0.9847412,4.10,1.64E+01,2.36E+01,1.90E+01
3.50,-1.088989,-2.10,3.93E+01,-1.59E+00,1.66E+00
12.79,5.347473,16.13,1.48E+01,4.35E+00,-1.71E+00
-1.89,-1.35614,10.45,2.23E+01,2.53E+01,4.75E+00
6.91,-1.828125,3.66,1.45E+01,5.97E+01,-4.06E-01
1.91,-4.638123,-0.43,8.07E+00,1.04E+01,6.82E-01
1.20,13.10864,10.54,3.17E+01,2.97E+00,3.43E+00
29.86,-5.861694,2.23,4.39E+01,1.97E+01,1.21E+01
3.23,23.26923,29.25,5.44E+00,-2.13E+00,4.31E+00
40.43,6.605896,12.84,5.89E+00,-9.23E-01,3.91E+00
4.67,70.33911,1.20,5.13E+00,7.49E+00,1.56E+01
30.10,42.82629,0.35,5.27E+01,1.11E+01,2.34E+00
35.44,-1.515137,1.82,1.08E+01,2.72E+00,3.59E+00
38.93,-3.785095,0.77,6.36E+00,-3.46E+00,5.42E+00
11.37,12.94159,8.62,5.65E+00,7.96E+00,9.06E+00
8.24,15.09009,29.39,1.20E+01,-5.76E+00,1.32E+01
40.82,32.83594,4.95,2.05E+00,-7.83E+00,8.15E+00
16.20,12.26831,7.01,6.92E+00,-6.50E+00,1.13E+01
8.88,36.23596,3.42,5.62E+00,1.40E+01,7.15E+00
1.18,55.3736,2.07,1.04E+01,3.37E+00,3.31E+00
3.58,3.475281,6.43,1.73E+01,4.93E+00,3.01E+01
4.97,10.19531,-0.71,2.42E+00,3.59E+01,2.58E+00
7.17,3.507263,1.46,5.27E+00,-1.76E+00,4.06E+00
10.10,5.16803,0.39,8.01E+00,1.48E+00,1.89E+01
5.18,24.05316,-0.14,2.38E+00,-5.70E+00,1.54E+01
17.67,19.0097,5.04,8.16E+00,2.55E+01,1.20E+01
13.96,1.233459,24.34,1.02E+01,-2.47E+00,4.88E+00
7.70,24.84467,14.18,2.34E+01,-2.34E+00,2.06E+01
4.33,26.07117,0.61,2.34E+01,5.73E+01,4.42E+01
3.11,4.393677,3.93,6.70E+00,1.40E+00,9.57E+00
5.91,0.9151001,27.48,7.12E+00,4.36E+00,6.00E+01
31.04,42.63708,112.73,4.81E+00,7.78E+00,1.32E+01
12.79,-3.55719,4.52,3.26E+00,-2.88E+00,5.83E+00
27.74,-1.012878,28.98,3.47E+00,5.20E+01,2.32E+01
3.14,-4.075806,6.27,4.35E+01,-9.94E-01,5.15E+01
14.02,-2.149048,1.94,3.39E+00,-4.73E+00,3.55E+00
15.67,3.475342,6.90,1.68E+01,4.91E+00,8.42E+00
37.59,7.981628,31.35,2.84E+00,2.13E+00,1.21E+01
5.79,-3.784363,4.72,8.68E+00,-1.03E+00,9.30E+00
-0.37,-0.05444336,4.60,1.00E+01,-5.60E+00,2.13E+01
7.49,-3.555359,0.12,9.05E+00,-1.49E+00,1.59E+02
5.60,-3.600281,2.57,1.44E+01,5.18E+01,3.77E+00
60.49,-1.659302,7.77,6.74E+00,6.52E+00,2.77E+00
5.95,-1.686768,24.39,1.19E+01,4.08E+00,6.05E+00
34.04,43.0412,64.27,1.23E+01,3.24E+01,1.18E+00
14.22,4.064453,40.91,1.31E+01,-4.82E+00,7.60E-01
8.06,-0.6216431,4.93,9.45E+00,-4.11E+00,5.29E+00
3.77,3.286194,0.28,7.41E+00,5.83E-01,4.30E+00
5.61,7.132996,4.07,9.48E+00,2.22E-01,2.66E+01
10.80,0.3085938,34.14,2.39E+01,-3.27E+00,2.16E+01
35.69,0.6207886,6.79,1.21E+01,-3.22E+00,1.56E+00
36.71,4.240601,24.56,7.76E+00,8.28E+00,6.64E+00
18.96,6.873169,0.64,2.40E+01,-2.18E+00,1.48E+01
29.41,-1.69397,12.42,2.54E+01,-8.30E+00,3.68E+01
13.73,2.894531,7.47,1.11E+01,1.48E+01,3.13E+00
9.38,-3.771423,29.22,2.40E+00,-2.79E+00,5.04E+00
2.95,-2.079895,4.50,1.17E+01,5.30E+00,5.57E-01
2.40,2.603455,3.17,2.69E+00,3.56E+01,8.55E+00
38.51,0.8546753,5.54,1.52E+01,-5.40E+00,8.70E+00
3.66,3.063965,1.67,8.65E+00,5.31E+01,-1.69E-01
9.63,30.93286,6.41,1.21E+01,-2.85E+00,2.05E+00
35.32,9.604187,14.31,7.15E+00,9.59E+01,4.51E+00
6.10,3.00293,6.61,1.76E+00,7.44E+00,3.67E+00
2.22,189.0426,46.69,7.85E+00,7.76E+00,-9.67E-01
60.09,8.133301,4.68,4.47E+00,3.95E+01,4.06E+00
30.75,24.62793,10.79,5.81E+00,-3.07E+00,8.82E+00
0.67,6.87323,10.74,4.31E+01,1.20E+01,-5.41E-02
33.30,-3.575439,5.85,1.83E+01,8.84E+00,1.61E+01
16.09,12.16742,4.03,2.32E+01,-1.77E+00,1.12E+00
5.29,4.259705,55.27,8.30E+00,-5.25E+00,6.60E-01
3.85,28.47864,28.11,4.95E+00,4.26E+00,1.45E+01
2.17,2.14563,4.71,1.14E+01,2.60E+01,6.28E+00
16.59,3.994141,8.82,1.33E+01,3.56E+01,6.49E+00
6.56,7.394165,15.80,6.60E+00,-3.26E+00,8.92E+00
24.06,15.88934,19.79,2.43E+01,1.59E+01,1.06E+01
75.29,19.9231,2.70,1.01E+01,1.16E+01,2.85E+01
7.99,9.455017,0.61,1.29E+01,-6.01E-01,1.35E+01
13.56,13.59192,0.51,4.39E+01,4.56E+00,4.53E+00
3.22,17.26672,12.02,1.79E+01,1.11E+01,9.13E+00
5.71,4.509949,0.11,4.46E+00,5.73E+00,5.21E+00
14.45,14.14246,4.06,7.35E+00,8.10E-01,3.06E+00
13.23,21.64081,-2.40,1.04E+01,4.80E+01,2.15E+00
4.84,18.11163,0.32,2.82E+00,-5.02E+00,8.70E+00
4.29,13.57135,0.04,5.50E+00,1.72E+01,1.07E+01
35.44,22.63928,1.66,6.14E+00,2.76E+01,7.13E+00
19.61,10.49164,4.91,2.72E+01,-2.78E-01,1.86E+01
7.29,3.553467,3.60,2.23E+01,-5.38E+00,2.75E-01
12.90,8.102051,5.50,1.84E+01,-5.53E+00,5.74E+00
27.62,6.338745,1.23,3.36E+00,-2.50E+00,2.36E+00
13.16,8.856445,-1.09,5.02E+00,6.22E+01,5.72E+00
5.97,14.00647,2.96,1.08E+02,-2.39E-01,1.53E+01
13.65,6.987488,-0.60,7.06E+00,-3.78E+00,8.17E+01
22.99,7.707214,3.31,6.92E+00,-2.46E+00,6.23E+00
9.45,2.48877,15.96,6.42E+00,-1.78E+00,3.33E+00
14.14,9.548584,2.77,2.44E+01,4.69E+00,2.50E+00
41.35,21.07684,1.76,8.10E+00,-5.94E+00,7.63E-01
76.97,11.83173,7.68,2.00E+01,2.00E+00,-7.74E-01
9.40,30.21899,22.22,6.94E+01,-5.18E+00,1.28E+01
7.39,11.11975,9.91,2.09E+01,-6.24E+00,3.41E-01
8.21,13.04352,16.99,1.89E+01,6.15E+00,8.86E+00
7.48,21.34949,8.95,1.61E+01,2.34E+01,2.26E+01
20.88,32.11853,1.65,1.39E+01,-4.21E+00,7.16E+00
27.51,38.65234,13.11,5.12E+00,8.25E+00,1.36E+00
7.04,14.86053,8.42,1.67E+01,-5.55E+00,3.68E-01
5.91,18.84613,9.57,6.39E+00,-3.42E+00,1.55E-02
5.79,5.627869,-0.70,5.46E+00,-6.71E+00,5.12E+00
15.12,22.16309,5.45,1.39E+01,1.48E+01,1.59E+00
11.15,8.940552,4.38,1.50E+01,3.73E+01,1.71E+00
26.92,8.842834,10.16,1.25E+01,3.90E+01,5.63E+00
0.85,12.0459,20.06,1.25E+01,1.07E+01,-7.26E-01
9.30,18.91626,0.49,8.21E+00,-4.07E+00,6.19E-01
8.01,9.82312,3.42,1.04E+01,1.51E+01,1.48E+00
6.88,5.576965,6.30,9.53E+00,-4.72E+00,2.89E+01
14.78,52.11584,38.05,3.32E+01,7.64E+01,2.30E+01
5.68,9.521606,4.53,2.62E+01,-1.08E+00,3.31E+01
2.83,46.95532,5.60,1.01E+01,-7.45E-01,1.91E+01
8.75,6.457642,5.81,6.85E+00,1.05E+01,1.80E+01
3.96,10.04523,3.17,1.14E+01,2.66E-01,2.21E+00
2.06,18.42194,29.72,3.45E+01,9.42E-01,1.31E+01
5.97,52.70447,3.81,5.38E+01,1.59E+01,5.41E+00
0.28,21.54224,48.43,1.31E+01,-1.02E+00,2.07E+00
1.81,19.93787,4.86,1.25E+01,-5.16E+00,1.14E+01
17.15,20.00336,18.81,7.16E+00,-2.79E+00,2.59E+00
5.73,40.74774,3.80,6.90E+00,3.50E+00,2.52E+00
9.93,39.31769,7.62,2.13E+01,7.19E+00,6.97E+00
2.56,28.30322,0.52,9.98E+00,2.62E+01,4.07E+00
10.39,16.19226,2.00,4.62E+01,8.72E+00,6.27E+00
11.67,18.89197,3.09,2.70E+01,-8.30E+00,9.45E+00
6.66,16.95044,4.75,5.32E+00,7.78E+00,2.93E+00
12.57,28.07526,36.44,7.76E+00,3.53E-01,1.62E+01
5.65,22.86908,23.99,1.70E+01,6.84E+00,9.66E+00
5.73,21.3363,4.26,7.59E+00,-2.69E+00,6.06E+00
8.07,6.208191,9.96,7.70E+00,-3.01E+00,4.98E+00
3.09,48.69421,8.43,2.18E+01,1.03E+01,4.91E+00
11.07,16.77057,5.08,5.60E+00,-3.67E+00,2.31E+00
6.03,25.91718,14.23,1.40E+01,-2.09E+00,2.72E+00
8.93,14.90417,7.71,9.44E+00,1.67E+01,1.02E+01
6.54,21.21045,42.36,3.94E+01,-7.83E+00,2.86E+00
17.26,11.16711,3.20,1.77E+01,-5.55E+00,1.29E+01
57.08,10.22162,24.46,2.38E+01,1.99E+01,8.86E+00
19.13,25.78876,7.68,7.94E+00,-5.58E+00,8.76E+00
23.72,23.03998,12.13,3.77E+00,-6.60E+00,1.36E+01
20.46,47.22522,4.85,1.19E+01,5.17E-01,1.79E+01
3.95,23.9234,12.18,4.22E+01,-1.56E+00,2.27E+01
1.51,64.24817,-0.63,3.18E+01,-3.05E+00,4.32E+00
42.80,71.46411,4.71,8.71E+00,1.60E+00,6.27E+00
4.20,54.00195,14.62,2.30E+01,1.05E+01,2.47E+01
1.72,4.504944,0.01,1.48E+01,-5.17E+00,2.62E+01
10.09,9.221924,6.08,7.41E+00,-4.64E+00,9.83E+00
0.27,26.79614,28.41,7.89E+01,-7.60E+00,1.82E+02
6.93,63.25946,2.95,8.80E+00,-6.77E+00,8.35E+00
9.64,9.53302,2.30,1.87E+01,-3.85E+00,6.50E+00
3.92,60.50635,5.73,8.77E+00,2.34E+01,1.54E+01
13.43,12.52466,5.29,1.31E+01,-4.70E+00,4.88E+01
13.16,20.37622,2.31,2.57E+01,-4.86E+00,5.53E+01
1.84,16.1236,2.07,2.79E+01,5.23E+00,1.73E+01
5.44,8.637573,30.64,4.83E+01,-7.62E+00,1.22E+01
12.88,20.29474,4.32,9.29E+00,5.86E+00,3.24E+00
6.82,60.28778,0.28,2.28E+01,2.03E+00,1.38E+00
19.59,66.73572,43.32,8.22E+00,4.81E+01,6.08E+00
21.20,42.86407,3.74,1.91E+01,5.99E+00,2.61E+00
22.54,17.14709,6.16,1.28E+01,1.02E+01,3.14E+00
14.25,15.51538,24.91,9.75E+00,4.05E+01,1.66E+01
13.43,6.395447,15.16,1.87E+01,1.29E+00,2.82E+00
5.65,18.61053,8.13,4.52E+00,-3.76E+00,1.22E+01
8.94,17.04358,7.16,2.12E+01,4.20E+00,4.73E+00
20.98,36.32648,1.54,1.01E+01,-5.77E-01,3.07E+01
16.44,66.40808,-1.24,2.86E+01,-3.12E+00,1.42E+01
36.47,52.63385,-2.22,2.01E+01,1.82E+01,5.49E+00
6.14,32.09741,-0.30,8.92E+00,-2.87E+00,7.28E+00
11.25,33.07092,5.85,9.79E+00,1.52E+01,7.11E+00
2.41,35.30554,4.44,1.81E+01,-5.87E+00,1.90E+00
3.82,26.87744,-4.55,5.47E+00,-8.18E+00,2.06E+00
83.51,20.07861,-0.03,8.68E+01,-3.28E-01,3.35E+00
20.57,29.70612,-2.17,1.03E+01,-1.39E+00,2.38E+01
4.17,7.684204,4.86,2.75E+01,-3.71E+00,6.93E+00
7.83,23.78894,-2.53,1.19E+01,-3.52E+00,5.23E+01
12.28,70.49713,22.75,8.80E+00,4.71E+00,5.03E+01
1.63,164.189,0.20,1.63E+01,2.56E+01,-1.67E-01
6.66,21.21338,0.07,2.53E+01,4.29E+00,6.24E+00
19.30,32.25281,-0.10,1.91E+01,-2.63E+00,4.86E+00
6.94,32.29279,1.99,1.24E+01,-2.81E+00,1.06E+01
7.49,18.99567,4.33,6.61E+00,-3.07E+00,7.35E+00
1.50,8.346985,0.40,5.51E+00,-1.79E+00,7.41E+01
19.22,15.14203,7.19,1.57E+01,3.04E+00,7.28E+01
2.69,12.49854,-2.37,2.37E+01,-1.97E+00,9.60E+00
14.44,7.38385,0.21,1.83E+01,-2.69E+00,-1.35E-01
11.59,19.10864,4.47,2.58E+01,-2.78E-01,-4.06E-01
4.27,24.92279,13.77,2.11E+01,-1.34E-01,2.02E+01
35.13,7.804688,2.48,2.30E+01,-6.34E+00,1.42E+00
6.30,13.33746,7.89,7.73E+00,-5.64E+00,-6.37E-01
4.76,51.30035,8.74,1.12E+01,3.49E+00,-5.09E-01
13.03,18.23773,9.20,1.55E+01,-3.57E+00,2.00E+01
12.86,14.30249,4.97,8.01E+01,4.02E+00,7.34E+00
9.06,6.480774,2.10,3.79E+01,1.78E+00,1.07E+01
8.07,15.85651,3.10,8.16E+00,-7.23E+00,2.47E+00
11.78,18.28546,0.13,9.92E+00,9.24E+00,1.84E+00
2.06,5.984924,2.72,3.33E+01,1.94E+01,2.52E+00
21.71,21.27704,-0.46,1.67E+01,-2.96E+00,2.04E+00
4.97,27.9566,2.93,7.69E+00,1.38E+00,8.38E+00
16.44,9.637268,-0.88,3.44E+01,-4.46E+00,1.31E+01
33.93,10.15717,37.61,9.08E+00,-6.58E-01,3.21E+00
16.90,6.66449,11.06,8.51E+00,1.78E+00,2.35E+00
33.64,68.55151,8.82,6.50E+00,-6.90E-01,4.36E+00
5.35,9.463074,3.34,1.75E+01,2.96E+01,5.94E+00
3.64,57.12933,3.34,3.13E+01,-1.49E-01,4.70E-01
0.08,11.64868,5.81,1.52E+01,1.07E+00,4.00E+00
20.47,21.13611,6.04,6.78E+00,2.88E+00,3.18E+00
9.20,18.02325,43.68,6.72E+00,1.18E+01,-5.70E-02
15.21,84.51239,12.38,4.11E+01,-2.35E+00,4.02E+00
14.93,21.85626,3.84,1.05E+01,-3.97E-01,3.72E+01
28.30,31.20801,36.13,4.08E+01,7.52E+00,1.72E+00
4.06,4.917114,7.58,8.86E+00,2.81E+01,4.11E+01
20.68,20.38855,3.36,4.16E+00,5.45E+00,2.18E+00
6.26,18.58228,11.27,3.26E+01,1.20E+01,9.49E+00
40.18,30.72754,6.14,2.67E+01,-3.74E+00,2.68E-01
3.48,12.8421,6.58,3.03E+01,1.47E+01,2.18E+00
6.31,9.756714,2.21,3.68E+01,-6.65E+00,3.21E+01
3.34,17.98138,1.99,7.90E+00,-3.14E-01,3.19E+01
7.23,40.31268,11.04,1.48E+01,7.10E+01,1.18E+01
10.12,67.25299,31.09,1.89E+01,1.02E+01,4.94E+00
6.07,21.69769,4.07,1.89E+01,6.31E+00,2.51E+00
7.88,3.280334,8.90,1.24E+01,1.09E+01,-2.04E+00
31.60,8.046875,23.87,5.75E+00,4.22E+00,-6.06E-01
27.68,13.28815,-1.97,2.27E+01,3.77E+00,9.86E+00
37.74,9.324463,12.74,1.73E+01,6.59E+00,3.06E+00
26.69,44.72601,6.45,8.60E+00,4.53E+00,1.37E+01
16.68,14.27362,4.05,1.14E+01,-8.62E-01,2.91E+00
1.88,19.59644,4.92,7.82E+00,4.98E+00,4.14E+00
5.13,9.935547,19.22,4.42E+00,2.25E+01,3.56E-01
22.59,40.47681,12.29,9.75E+00,4.63E+00,3.60E+00
5.68,42.93524,2.45,9.84E+00,2.18E+00,5.77E+00
11.14,12.15222,49.77,8.83E+00,1.15E+01,5.82E+00
6.69,12.97943,2.59,1.25E+01,2.20E+00,5.05E+00
19.72,8.616882,3.26,8.66E+00,3.51E+00,4.87E+01
4.59,9.717529,2.12,2.41E+01,6.21E+00,2.17E+00
17.19,7.58551,4.91,1.82E+01,6.01E+00,1.49E+00
34.76,8.621216,17.93,9.60E+00,1.14E+01,-3.19E-01
6.23,12.5553,10.09,4.94E+00,8.40E-01,7.43E+00
25.28,29.06635,1.50,1.51E+01,9.74E+00,1.67E+00
15.48,15.45282,9.82,6.15E+00,7.17E-02,4.43E+00
8.31,16.41449,4.47,2.92E+01,1.81E+01,2.37E+00
5.04,26.7699,10.00,3.15E+01,5.25E+00,9.02E+01
7.46,10.15387,4.74,6.64E+00,5.78E+01,4.75E+00
4.95,11.11212,1.68,9.79E+00,1.98E+01,1.48E+00
5.83,48.1153,5.67,1.67E+01,1.24E+01,4.79E+00
4.79,25.1051,36.91,1.76E+01,4.48E+01,3.71E+00
4.76,8.507385,8.00,1.06E+01,4.11E+00,1.01E+01
6.91,11.05206,1.45,6.09E+00,4.73E+00,1.50E+01
27.77,17.41559,23.89,9.06E+00,4.00E+00,1.97E+00
27.18,18.42346,2.83,8.84E+00,3.63E+00,2.71E+01
0.56,8.855103,3.22,7.11E+00,1.05E+01,3.45E+00
1.10,54.11694,12.92,8.49E+00,1.91E+01,5.10E+00
37.07,23.82391,70.39,1.49E+01,8.71E+00,6.36E+00
11.94,47.51526,10.56,1.13E+01,1.90E+01,1.35E+00
4.16,28.2243,6.67,1.16E+01,3.57E+00,1.59E+00
-0.55,14.8562,25.05,1.39E+01,2.19E+01,8.58E+00
2.70,21.20148,17.10,2.00E+01,5.29E+00,1.81E+00
76.61,30.89703,2.53,6.50E+01,1.21E+00,1.10E+01
15.24,7.716614,2.33,7.09E+00,7.85E+00,1.43E+00
40.71,8.741028,2.41,2.40E+01,2.17E+01,3.31E+01
12.33,12.88708,2.04,1.47E+01,1.58E+01,1.53E+01
5.86,7.184448,5.15,7.54E+00,3.67E+00,4.62E+00
17.72,26.58813,21.74,1.36E+01,2.04E+01,1.97E+00
175.92,31.10614,1.75,1.73E+01,4.24E+01,6.49E+00
69.33,51.12292,5.91,8.21E+00,1.43E+01,5.46E+00
20.70,17.66125,3.91,2.25E+01,6.26E+00,9.06E+00
89.05,15.85376,22.44,6.19E+00,1.04E+01,5.44E+00
6.00,4.327209,5.84,1.80E+01,2.97E+00,1.60E+00
39.22,71.89368,13.19,1.36E+01,4.71E+00,6.12E+00
9.01,10.41058,3.31,1.60E+01,4.03E-01,2.21E+01
14.46,8.464539,-0.20,2.26E+01,8.13E+00,4.21E+01
3.42,7.824646,43.02,4.33E+00,1.06E+01,1.50E+01
2.89,12.00134,10.66,1.28E+01,6.82E+00,3.19E+01
3.84,23.02979,14.06,1.63E+01,6.26E+00,6.18E+00
46.62,172.7454,19.44,1.87E+01,7.07E+00,5.05E+00
3.72,12.11627,14.03,1.35E+01,8.60E+00,1.04E+01
6.76,16.56683,20.05,2.65E+01,2.16E+00,2.42E+01
15.34,9.913208,2.97,1.20E+01,1.09E+01,1.12E+01
1.46,11.96442,49.73,6.07E+00,1.43E+00,3.04E+00
6.15,21.54602,17.78,1.01E+01,1.34E+00,2.36E+00
113.13,19.04913,8.52,9.51E+00,9.66E+00,1.29E+01
5.93,30.98761,15.39,2.50E+01,7.05E+00,9.08E+00
35.04,9.197571,2.96,2.15E+01,9.37E+00,5.45E+00
14.20,12.36353,7.55,9.66E+00,1.59E+01,1.36E+00
0.57,22.67932,5.70,6.22E+01,7.02E+00,4.68E+01
13.91,12.86475,4.35,1.43E+01,4.72E+00,2.64E+00
7.48,37.06323,1.93,9.08E+00,-1.95E+00,1.17E+01
5.15,4.78363,9.70,3.27E+00,4.37E-01,7.88E+00
44.32,27.69354,2.44,2.80E+01,4.62E+00,7.95E+00
32.46,12.40332,3.80,7.76E+00,2.67E+00,4.53E+00
26.58,11.9527,13.97,9.29E+00,9.48E+00,6.67E+00
1.78,4.964294,1.74,7.45E+01,9.58E+00,2.02E+01
0.50,47.55219,26.86,1.10E+01,8.19E+00,2.64E+01
6.70,12.25562,5.10,3.72E+00,1.73E+02,8.85E+00
8.66,12.68597,2.41,7.21E+00,5.41E+00,5.78E+00
5.39,8.630737,9.43,1.10E+01,9.38E+00,2.94E+00
10.33,11.06274,-0.21,1.69E+01,4.43E+00,4.03E+01
0.80,38.6579,7.15,1.02E+01,4.19E+00,1.43E+01
1.38,14.67688,10.96,9.82E+00,1.64E+00,5.43E+00
0.78,24.01404,6.33,5.21E+00,-1.98E-01,5.59E-01
27.88,7.565247,13.08,2.10E+01,2.81E+00,1.73E+01
14.97,17.89532,7.26,8.87E+00,5.52E-01,8.60E+00
13.56,42.36371,7.36,7.46E+00,2.89E+00,4.77E+00
43.27,28.24713,28.50,1.03E+01,2.58E+00,7.11E+00
11.81,9.794067,4.24,1.56E+01,8.29E+01,8.29E+00
8.12,28.04578,3.77,6.71E+00,2.27E+00,4.73E+00
19.33,37.20483,26.00,7.32E+00,4.69E+01,1.16E+01
107.64,52.95941,9.22,1.51E+01,6.77E+00,4.29E+00
23.65,17.39728,9.68,2.37E+01,1.91E+01,7.38E+00
13.27,32.61169,9.89,1.50E+01,8.69E+00,8.58E+00
2.68,21.27808,8.55,1.67E+01,5.03E+00,5.90E-01
9.76,2.390381,2.99,1.11E+01,1.91E+01,2.08E+00
7.97,36.63397,16.84,1.14E+01,8.43E+00,1.43E+01
21.52,7.857544,9.62,5.81E+00,8.51E-01,1.49E+01
43.28,5.614258,34.32,5.05E+00,4.25E+00,2.15E+00
11.66,13.08215,6.51,8.21E+00,3.52E+01,2.01E+00
5.20,12.6189,11.39,1.34E+01,2.43E+01,6.03E+00
23.67,17.76843,1.83,4.98E+00,2.92E+00,6.63E+01
91.80,14.30371,4.08,9.44E+00,2.23E+01,4.62E+00
3.13,25.12482,4.27,1.07E+01,2.27E+01,-3.15E-01
7.02,50.46637,1.48,1.05E+01,5.93E+00,1.62E+01
11.59,22.62512,2.74,6.07E+00,4.77E+00,1.10E+01
4.00,6.445862,5.09,7.35E+00,5.95E+00,1.12E+01
5.39,30.59662,15.84,2.57E+00,2.54E+00,6.78E+01
11.37,14.00525,5.91,6.28E+00,8.16E-01,2.75E-01
13.42,7.346619,14.84,1.13E+01,4.96E+00,2.00E+01
19.91,9.645203,9.36,9.56E+00,4.74E+01,6.52E+00
5.04,13.08563,0.48,3.22E+00,3.46E+01,8.60E-01
6.53,97.60779,2.81,7.27E+00,1.63E+01,-1.22E-01
8.45,30.54254,9.11,4.55E+00,6.93E+00,6.33E+00
34.70,10.75439,14.03,9.74E+00,4.69E+00,9.18E-01
1.60,47.55566,1.69,5.41E+00,8.99E+00,7.32E-01
4.52,12.01263,29.25,7.01E+00,6.05E+00,-2.17E-01
36.06,21.46393,3.90,8.31E+00,4.76E+00,-1.72E+00
14.18,8.210999,3.92,1.76E+01,3.62E+01,9.32E+00
25.28,18.17767,19.60,9.05E+00,8.57E+00,1.66E-01
7.49,39.59137,8.55,1.44E+01,3.64E+00,2.09E+00
6.38,29.31909,4.01,7.55E+00,8.08E+00,1.82E+01
5.33,12.34259,4.40,6.74E+00,1.09E+01,1.14E+00
0.66,8.019165,4.41,1.17E+01,1.08E+01,1.69E+01
71.84,24.12866,21.68,6.03E+00,1.01E+01,1.86E+00
9.29,21.8623,2.71,4.03E+00,4.57E+00,6.76E+00
14.13,7.837402,11.69,1.15E+01,4.04E+00,2.46E+00
3.42,23.13367,2.26,3.90E+01,3.38E+00,1.74E+01
58.68,11.56073,7.76,7.93E+00,2.09E+01,1.39E+00
44.25,9.692017,8.35,8.81E+00,5.18E+00,2.30E+01
10.82,13.80316,23.69,4.97E+00,4.64E+00,8.05E-01
26.93,47.41406,53.32,3.12E+00,4.82E+00,2.71E+01
19.14,31.21442,4.52,4.20E+00,4.87E+00,3.91E+00
1.18,36.76147,2.51,6.45E+01,9.42E+00,4.23E+00
1.87,22.41364,16.22,5.04E+00,2.88E+00,3.83E+00
-0.07,153.5545,23.82,1.12E+01,1.28E+01,2.46E+00
13.18,19.40253,2.30,8.01E+00,1.16E+01,-2.16E+00
11.82,7.423462,26.20,7.00E+00,3.93E+01,2.98E+00
3.50,4.818848,9.49,9.62E+00,4.30E+00,-8.31E-01
25.08,10.00092,15.56,7.86E+00,1.08E+01,2.38E+00
3.89,18.71826,15.77,8.25E+00,4.66E+00,1.49E+00
17.53,53.26538,11.22,1.18E+01,2.79E+00,8.58E-02
-0.93,52.59454,5.12,3.73E+01,8.58E+00,1.60E+00
5.27,15.24921,7.79,9.53E+00,1.49E+01,1.22E+01
-5.59,15.83093,5.11,3.60E+01,5.46E+00,1.74E+01
-0.01,28.45874,4.26,6.68E+00,3.55E+00,1.39E+01
29.75,46.12378,3.39,7.86E+00,7.50E+00,2.53E+01
17.22,67.51648,6.48,3.96E+00,4.15E+00,9.07E+00
-1.86,15.16681,2.81,7.22E+00,2.15E+01,2.05E+01
-3.35,13.97516,11.25,5.37E+00,1.96E+01,-1.87E+00
0.56,7.463379,12.07,2.86E+00,9.94E+00,4.62E+00
7.51,5.537354,14.87,1.23E+01,3.19E+00,1.14E+00
9.93,16.70007,13.29,1.62E+01,1.58E+01,4.54E+01
-2.49,19.52234,2.05,4.39E+00,6.82E+00,8.53E+00
2.35,16.08142,2.40,2.17E+00,4.12E+00,2.15E+00
-1.78,7.926636,2.73,2.60E+00,1.58E+00,-8.12E-01
-5.11,23.69604,30.50,2.34E+00,1.14E+01,2.42E+00
-1.62,15.76709,3.81,3.88E+01,3.64E+00,-1.34E+00
37.12,14.07208,1.45,1.78E+01,1.11E+01,1.12E+01
2.26,5.618469,7.93,4.73E+00,5.03E+00,1.52E+01
14.57,14.34137,16.91,6.75E+00,3.13E+00,1.57E+01
17.90,22.53619,4.12,6.18E+00,3.16E+01,9.14E+00
35.41,22.69202,6.53,1.43E+01,6.01E+00,1.63E+01
16.30,9.460266,10.76,3.50E+01,7.72E+00,6.68E+00
-3.17,7.205505,27.80,1.25E+01,3.31E+01,5.32E+00
1.58,9.418335,4.54,1.24E+01,7.81E+00,-1.16E+00
-1.01,10.50348,2.90,1.80E+01,5.98E+00,8.98E-01
-3.25,25.6366,4.35,1.26E+01,1.86E+01,2.39E+00
5.64,24.2973,11.13,5.11E+01,7.12E+00,-3.30E-01
0.82,10.48157,1.98,1.44E+01,4.07E+00,-3.05E-01
8.55,5.182251,2.39,1.01E+01,8.15E+00,2.88E-01
-4.35,11.93939,4.04,1.08E+01,5.62E+00,1.36E+00
3.42,16.87885,24.32,3.16E+01,2.05E+01,7.99E+01
-2.69,13.78156,6.78,1.95E+01,6.70E+01,8.90E+00
9.16,17.41846,8.34,1.00E+02,5.74E+01,-2.93E+00
-5.79,43.24548,4.41,3.08E+00,8.05E+00,1.52E+01
-4.87,54.99103,29.83,1.74E+01,6.81E+00,2.94E+01
7.74,56.11945,2.65,3.64E+01,5.67E+00,1.06E+00
-9.00,23.55933,9.36,3.16E+01,4.65E+00,9.32E-02
15.05,5.154663,10.75,8.02E+00,2.42E+00,-7.04E-01
-5.98,6.946167,4.58,1.15E+01,1.01E+00,-1.14E+00
20.50,25.33105,26.30,2.57E+01,1.95E+01,-8.37E-01
0.81,8.720337,11.69,8.22E+00,9.50E+00,9.22E-02
5.33,5.884888,6.52,2.67E+01,7.53E+00,7.02E-01
-8.95,30.2771,14.26,3.58E+01,6.90E+00,-1.71E+00
7.87,8.709595,4.78,9.87E+00,1.06E+01,-2.65E-01
11.58,1.064819,7.00,2.20E+01,4.40E+00,3.85E+00
1.25,4.187866,5.59,1.37E+01,5.38E+00,-2.27E+00
7.29,1.988281,1.75,8.67E+00,9.06E+01,-1.41E+00
13.95,11.19482,20.62,7.77E+00,6.33E+00,2.52E-01
33.36,8.665344,19.41,1.04E+01,5.00E+00,2.28E+00
-0.28,85.25159,51.35,1.51E+01,9.14E+00,1.13E+00
-7.07,55.83563,8.90,1.56E+01,4.83E+01,7.27E+00
-6.39,17.86053,3.56,6.02E+00,8.64E+00,2.74E+00
10.81,19.258,5.61,2.05E+01,4.42E+00,1.11E+00
-1.40,11.85095,4.92,5.95E+01,3.87E+00,4.75E+00
20.44,17.36816,6.06,7.50E+00,3.95E+01,-2.23E+00
6.27,7.303223,12.58,1.82E+01,1.45E+01,-1.41E+00
-5.25,9.570557,4.30,5.88E+00,4.59E+00,5.50E-01
-0.92,16.35376,29.19,1.61E+01,3.16E+00,4.15E+01
-5.93,17.01154,4.59,5.10E+00,6.55E+00,1.37E+02
-4.71,6.371582,18.62,6.60E+00,8.41E+00,3.64E+01
-5.26,18.14758,9.58,1.30E+01,2.55E+01,5.95E+01
0.65,11.0816,18.47,8.52E+00,7.68E+00,4.65E+02
12.00,32.09698,5.12,6.88E+00,3.54E+00,3.69E+01
-8.92,6.932556,10.94,2.01E+01,1.73E+00,2.31E+01
1.45,36.36597,5.81,4.15E+01,2.13E+00,1.85E+01
25.26,137.6339,20.58,2.03E+01,5.25E+00,2.07E+01
6.23,16.77911,6.03,6.53E+01,4.32E+01,1.74E+01
5.69,9.471069,5.09,1.59E+01,1.39E+01,2.28E+01
20.58,9.379395,3.09,2.37E+00,2.20E+01,2.13E+01
-0.17,12.11829,1.95,1.32E+00,4.44E+00,1.13E+01
-7.67,7.128845,41.70,1.86E+01,1.81E+00,9.49E+00
-1.47,39.92847,15.81,4.81E+00,3.16E+00,8.86E+01
5.78,8.623596,1.79,6.10E+00,1.38E+01,2.70E+01
18.40,10.38239,3.41,8.43E+00,1.26E+01,1.44E+00
-4.88,25.27039,3.00,2.06E+00,1.63E+01,1.22E+01
-0.57,23.65222,3.64,6.50E+00,7.44E+00,4.87E-01
-8.28,54.37726,2.46,8.07E+00,3.02E+01,7.75E+00
-6.48,9.102478,5.13,6.32E+00,1.28E+01,4.95E+00
5.14,18.2486,9.98,3.44E+01,9.14E+00,6.25E+00
56.33,9.880371,8.00,2.43E+01,5.08E+00,3.93E+00
-1.51,10.13068,17.62,1.52E+01,4.93E+00,1.11E+00
-0.14,1.148376,26.62,1.77E+01,4.30E+00,4.24E+00
-10.53,20.62256,21.61,4.97E+01,4.01E+01,9.72E+00
-9.62,20.15332,4.49,1.50E+01,3.28E+01,6.20E+00
-3.74,6.147888,7.24,1.38E+01,3.71E+01,9.98E+00
-2.03,13.021,8.15,2.70E+01,3.84E+00,5.48E+00
-7.03,50.96637,16.25,5.72E+00,1.51E+01,8.99E+00
5.59,18.01715,32.12,5.09E+00,3.44E+00,5.00E+00
19.75,17.05884,13.74,1.24E+01,4.80E+00,2.96E+00
109.92,9.988892,1.77,8.12E+00,1.04E+01,8.51E+01
-8.43,23.44971,2.92,1.05E+01,1.36E+01,6.99E+00
-8.02,18.87329,8.96,2.89E+01,2.07E+00,4.06E+01
-7.31,7.824219,9.78,1.23E+01,7.43E+00,3.13E+02
-5.65,8.360046,8.67,7.86E+00,4.82E+00,3.32E+01
-7.06,33.95233,5.11,4.60E+00,2.42E+01,2.23E+01
5.22,16.59912,8.17,9.26E+00,1.87E+01,4.30E+01
-7.55,44.07983,40.22,1.05E+01,3.89E+00,3.95E+00
-8.43,11.76422,5.73,4.89E+00,8.33E+00,6.55E+00
14.24,16.09808,66.79,1.83E+01,4.83E+00,1.69E+00
1.78,31.57312,2.79,5.44E+00,3.90E+00,7.68E+00
14.77,12.34351,1.76,9.68E+00,1.86E+01,6.23E+00
0.27,9.328857,32.37,1.34E+01,1.75E+00,-5.53E-01
3.32,70.75568,7.41,3.82E+00,1.60E+01,1.17E+01
3.26,13.13611,6.30,3.33E+01,2.56E+01,9.75E+00
24.17,19.53662,5.47,5.45E+00,3.78E+00,1.97E+01
18.22,39.59424,9.40,1.64E+01,1.65E+01,2.89E+01
5.60,6.789062,2.47,1.92E+01,1.20E+01,1.73E+01
26.50,16.07739,19.16,1.56E+01,1.72E+01,3.47E+01
15.58,44.89185,12.14,5.72E+00,1.05E+01,5.29E+01
8.15,7.429565,4.00,4.05E+00,2.24E+01,2.09E+01
7.44,19.26324,11.88,2.64E+01,3.42E+00,1.72E+01
24.91,6.235229,19.49,1.20E+01,5.99E+00,2.40E+01
26.53,10.63739,4.50,5.61E+00,2.91E+00,8.33E+00
3.68,25.05731,44.36,9.38E+00,3.14E+00,3.65E+01
28.56,39.84827,10.17,6.09E+00,5.81E+00,3.22E+01
15.09,21.72119,6.20,7.71E+00,6.09E+00,8.90E+00
5.74,9.329224,15.09,6.58E+00,3.70E+00,7.90E+00
12.56,59.70544,8.40,8.52E+00,2.86E+00,2.29E+00
4.57,26.43835,5.07,4.34E+00,2.10E+01,2.58E+00
19.84,59.54395,16.74,8.03E+00,1.02E+01,1.40E+01
26.53,49.42688,4.39,4.46E+00,3.93E+00,2.96E+01
50.72,36.49677,26.97,8.00E+00,7.06E+00,2.32E+01
22.34,9.582397,2.07,1.12E+01,4.67E+00,1.26E+01
5.99,7.007202,5.11,9.40E+00,3.33E+00,3.03E+01
25.83,23.62006,5.42,4.18E+00,9.57E+00,1.53E+01
19.11,10.46033,19.60,5.16E+00,3.19E+01,7.94E+00
31.54,15.67194,21.17,4.38E+00,8.07E+00,3.69E+01
16.10,4.930786,4.88,3.23E+00,2.27E+00,1.16E+01
24.38,11.24341,23.01,7.52E+00,1.24E+01,2.08E+01
14.19,10.82642,2.00,6.34E+00,1.83E+01,6.66E+01
7.16,25.20245,3.31,9.80E+00,6.29E+00,2.39E+01
9.10,13.83588,9.97,4.40E+01,3.62E+00,9.33E+00
6.68,25.47357,7.06,4.66E+01,3.88E+00,9.66E+00
8.69,42.68585,10.35,2.01E+01,1.31E+01,1.63E+01
8.46,22.07233,10.68,1.74E+01,4.61E+00,5.53E+01
4.75,27.01788,2.40,2.95E+01,3.98E+00,4.63E+01
3.84,7.104126,8.11,9.95E+00,2.20E+00,4.54E+00
4.55,10.05658,5.53,1.06E+01,8.77E+00,6.50E+01
19.50,13.89453,14.79,5.38E+01,5.78E+00,3.75E+01
2.45,31.32617,4.67,2.98E+01,8.47E+00,2.16E+01
-0.07,15.5614,9.13,3.50E+01,1.00E+01,2.14E+01
5.07,7.472412,9.88,7.38E+01,5.91E+00,2.30E+01
20.53,25.58191,18.37,1.41E+01,2.19E+00,7.70E+01
6.37,14.07281,122.19,3.57E+01,3.33E+01,1.35E+01
7.09,46.94586,2.95,7.31E+00,1.08E+01,9.95E+00
5.03,13.34595,3.89,1.48E+01,3.99E+00,1.73E+01
2.86,12.37775,2.57,2.02E+01,6.70E+00,7.88E+00
3.94,10.13586,12.41,2.10E+01,9.70E+00,1.77E+01
9.54,14.33978,9.44,1.57E+01,1.37E+01,8.14E+00
3.81,8.201721,24.63,1.34E+01,1.28E+01,5.30E+00
5.52,8.547485,12.17,2.03E+01,1.75E+00,1.82E+01
28.16,38.26575,53.85,1.40E+01,8.61E+00,2.30E+01
7.63,75.91315,10.01,7.03E+00,8.34E+00,1.38E+01
17.56,17.20923,16.74,4.62E+00,6.69E+00,8.63E+00
8.92,27.95697,6.29,5.40E+00,1.51E+00,4.21E+01
14.42,20.30017,24.59,5.95E+00,5.42E+00,1.43E+01
4.07,21.7843,20.86,6.19E+00,5.19E+00,2.48E+01
8.39,48.07526,9.10,1.08E+01,7.25E+00,6.22E+00
35.86,5.849426,4.89,1.78E+01,4.62E+00,7.01E+01
27.18,12.89105,6.19,1.43E+01,4.63E+00,7.55E+00
11.47,44.92365,15.60,7.72E+00,7.03E+00,1.20E+01
9.32,10.12482,5.54,9.76E+00,5.19E+00,2.41E+01
9.48,8.761108,6.36,3.05E+01,4.04E+00,2.03E+01
23.83,5.065552,5.04,5.99E+00,1.83E+01,4.87E+01
11.72,29.11523,6.54,8.93E+00,2.79E+00,2.50E+01
4.14,9.209412,18.23,7.61E+00,3.08E+00,8.02E+00
12.47,5.039001,2.90,1.84E+01,9.12E-01,3.92E+00
19.08,5.190796,3.98,6.14E+00,9.54E+00,1.96E+01
0.91,38.15009,6.19,1.70E+01,1.99E+00,9.15E+00
12.73,8.826172,7.85,5.12E+01,3.09E+00,1.62E+01
9.93,4.302612,7.45,1.70E+01,3.22E+00,8.33E+00
23.32,18.55078,32.53,8.11E+00,5.47E+00,7.76E+00
11.71,8.215698,6.35,2.47E+01,1.91E+01,6.82E+00
26.44,19.52075,18.30,8.70E+00,6.73E+00,8.56E+00
13.86,8.758972,4.16,5.69E+00,5.29E+00,7.70E+00
2.97,11.36279,4.32,5.41E+00,9.60E+00,5.91E+00
19.50,7.386414,14.38,1.59E+01,1.85E+00,8.58E+00
9.35,13.16266,9.09,1.98E+01,1.35E+00,5.14E+00
10.34,12.54309,7.08,6.74E+00,1.13E+01,7.95E+00
11.52,40.06042,4.91,6.81E+00,6.27E+00,1.42E+01
15.01,25.60645,4.85,2.53E+01,1.46E+01,3.38E+01
6.55,14.41797,30.34,9.06E+01,1.98E+01,6.81E+00
11.45,6.227905,18.43,1.49E+01,9.39E+00,4.92E+00
24.32,26.47858,3.05,8.86E+00,2.89E+01,2.02E+01
41.81,8.811462,13.22,6.75E+00,1.10E+01,2.50E+01
2.38,18.72235,5.22,1.87E+01,5.04E+00,5.45E+00
3.80,8.287598,2.47,7.43E+00,2.04E+01,5.87E+00
7.60,10.22748,9.15,1.03E+01,2.36E+00,1.40E+01
12.17,9.502319,4.04,1.72E+01,3.36E+01,8.19E+00
2.76,4.929321,7.75,9.12E+00,5.52E+00,7.69E+00
70.00,40.20593,3.13,2.51E+01,1.07E+01,9.69E+00
32.10,20.51526,3.94,8.40E+00,9.26E+00,8.48E+00
2.79,39.51398,5.55,6.52E+00,3.31E+00,1.46E+01
29.49,92.48584,7.66,1.04E+01,5.89E+00,2.33E+00
6.71,26.91644,8.23,1.04E+01,4.76E+00,4.17E+00
9.41,95.89508,5.64,1.40E+01,3.95E+00,2.07E+01
2.80,58.65338,9.41,9.11E+00,1.18E+01,5.45E+00
3.06,8.119934,7.13,4.42E+00,4.51E+00,1.13E+01
30.57,23.74487,5.47,1.23E+01,5.44E+01,2.99E+00
6.35,13.48395,7.12,1.85E+01,1.20E+01,2.64E+01
18.65,12.35095,9.56,6.14E+00,3.12E+01,1.12E+01
15.01,89.74689,10.90,2.92E+01,9.07E+00,5.27E+00
5.95,13.11121,16.03,1.23E+01,1.02E+02,4.42E+00
18.18,12.24872,8.04,5.77E+00,5.55E+00,9.94E+00
25.82,13.07617,53.46,3.59E+01,1.73E+01,1.34E+01
7.59,6.864502,74.78,2.09E+01,9.88E+00,1.52E+01
14.21,6.914307,5.68,1.22E+01,2.18E+00,1.27E+01
11.18,63.69025,1.85,5.47E+00,2.04E+01,8.49E+00
13.26,44.32318,4.44,9.49E+00,1.64E+01,3.78E+00
9.12,14.21472,7.63,2.14E+01,1.53E+01,1.04E+01
11.89,19.20569,19.68,1.30E+01,3.04E+01,2.53E+01
51.19,5.441772,2.96,8.78E+00,6.84E+00,1.68E+01
9.70,4.44165,14.25,5.42E+00,4.61E+00,9.36E+00
4.50,9.796631,4.61,6.30E+00,4.48E+00,1.51E+01
10.33,11.93365,17.37,1.70E+01,7.50E+00,1.02E+01
3.62,72.06836,5.71,1.30E+01,9.47E+00,4.18E+00
7.32,43.63855,16.95,7.28E+00,4.94E+00,3.47E+01
19.58,8.272888,7.69,4.02E+00,2.90E+00,8.20E+00
7.59,22.79694,41.71,1.48E+01,2.70E+00,6.07E+00
22.63,24.13849,3.74,6.44E+00,1.33E+01,3.01E+00
11.65,12.17316,22.84,8.97E+00,1.24E+01,3.42E+01
17.29,32.68134,32.35,1.62E+01,3.68E+01,6.70E+00
5.74,29.30963,6.65,1.71E+01,7.32E+00,1.28E+01
16.74,7.424744,6.48,7.82E+00,3.14E+00,1.55E+01
14.30,12.77405,7.01,6.46E+01,4.85E+00,4.65E+00
25.88,7.946045,41.96,1.13E+01,5.68E+00,1.04E+01
23.32,8.505249,27.84,2.90E+01,2.72E+01,1.40E+01
8.21,3.566956,12.89,1.92E+01,8.54E+00,2.72E+01
5.75,57.995,13.35,8.93E+00,1.17E+01,9.18E+00
31.38,53.42358,3.57,8.78E+00,2.89E+00,7.10E+00
15.49,10.81116,13.68,2.71E+01,1.51E+01,5.22E+00
9.03,10.6886,6.48,3.56E+01,7.21E+00,3.82E+00
3.90,8.501343,29.62,4.11E+00,3.56E+01,9.17E+00
21.18,3.212646,33.08,9.29E+00,2.53E+01,2.54E+01
3.08,24.01727,6.23,6.62E+00,1.61E+01,2.80E+01
11.87,7.396057,3.59,2.70E+01,8.27E+00,4.60E+00
14.61,3.24823,7.20,8.34E+00,6.13E+00,9.73E+00
5.30,9.346191,6.56,2.88E+01,3.30E+00,4.46E+00
67.06,21.00897,14.20,1.02E+01,7.49E+00,8.39E+00
7.63,11.01813,7.38,1.77E+01,1.59E+01,1.23E+01
22.29,21.03003,7.10,1.52E+01,2.25E+01,8.15E+00
6.03,12.69855,15.94,6.95E+00,1.29E+01,2.86E+01
17.78,7.631531,43.36,3.85E+00,1.03E+01,1.19E+01
3.02,10.0849,7.66,5.73E+00,3.21E+01,9.39E+00
3.84,26.61011,32.86,7.79E+00,7.60E+00,3.37E+01
7.94,8.698242,7.00,5.81E+00,6.94E+00,1.86E+01
18.46,11.0191,5.11,1.86E+01,2.89E+01,3.70E+00
9.28,25.26562,4.54,1.13E+01,7.23E+00,2.55E+01
60.42,19.40186,6.85,9.67E+00,4.97E+00,8.94E+00
99.19,6.881287,5.54,1.04E+01,1.36E+01,1.14E+01
3.63,34.41431,5.33,9.22E+00,7.21E+00,8.86E+00
41.69,16.47119,10.22,1.36E+01,2.24E+01,2.50E+01
31.12,54.25208,8.20,1.21E+01,3.46E+01,1.74E+01
3.91,10.47443,11.93,2.61E+01,5.16E+00,2.68E+01
2.33,104.2247,5.47,6.88E+01,7.69E+00,5.86E+00
1.94,37.48651,3.56,1.81E+01,1.28E+01,8.37E+00
4.90,6.676636,5.66,7.07E+01,4.37E+01,1.05E+01
1.01,9.929443,16.02,5.19E+01,1.39E+01,4.71E+01
6.37,20.53442,33.73,1.06E+01,9.24E+00,1.39E+01
10.65,18.95172,7.70,2.09E+01,2.59E+01,1.30E+01
12.17,22.17859,9.01,6.97E+00,2.73E+00,1.39E+01
3.48,29.18408,6.81,1.76E+01,3.81E+00,3.05E+01
5.77,17.63177,6.98,1.20E+01,2.26E+01,9.55E+00
9.65,25.21643,17.53,1.13E+01,5.81E+01,5.43E+00
11.38,14.29285,9.60,2.27E+01,1.86E+01,6.06E+00
16.97,29.23901,32.22,1.54E+01,4.60E+00,7.36E+00
6.28,24.56567,31.45,1.74E+01,2.07E+00,4.88E+00
12.76,5.009766,6.88,3.39E+01,1.26E+01,2.07E+01
18.83,10.83929,12.58,8.01E+00,5.41E+00,6.16E+00
14.97,37.53809,41.06,5.57E+00,2.37E+01,4.46E+00
5.34,2.377808,4.36,8.68E+00,1.30E+01,3.00E+00
3.89,25.35284,5.17,1.47E+01,7.53E+00,2.71E+01
14.53,9.979248,11.48,1.94E+01,1.74E+01,2.22E+01
3.68,27.45264,12.77,4.70E+00,7.83E+00,5.82E+00
4.98,10.01038,8.63,8.66E+00,3.56E+01,3.40E+00
60.37,14.73511,13.52,1.30E+01,6.46E+00,2.42E+01
17.24,20.38208,7.09,6.53E+00,2.13E+01,1.54E+01
7.13,75.27277,17.79,7.97E+00,9.11E+00,9.51E+00
8.44,28.09454,6.14,1.59E+01,1.73E+01,7.16E+00
32.71,12.52612,98.30,1.49E+01,1.13E+01,9.97E+00
13.67,19.16821,6.90,1.13E+01,7.90E+00,1.38E+01
36.87,50.77808,24.44,3.22E+01,5.01E+00,4.55E+00
1.70,9.192932,14.89,7.06E+00,6.96E+00,1.76E+01
45.60,4.823303,7.11,5.54E+01,7.64E+00,1.49E+01
23.05,7.504456,4.97,2.26E+01,2.24E+00,1.13E+01
13.18,16.3125,15.48,1.05E+01,2.67E+01,1.03E+01
33.24,8.838013,8.87,2.35E+01,2.66E+00,9.27E+00
13.30,8.430115,8.74,7.11E+00,1.17E+01,9.91E+00
23.43,10.09705,2.26,1.86E+01,3.51E+01,7.19E+00
4.35,9.04364,9.30,2.71E+01,7.85E+00,1.25E+01
26.59,67.05206,32.32,2.40E+01,2.90E+00,7.54E+00
68.35,27.87634,66.99,1.54E+01,2.62E+01,5.38E+00
37.06,17.44861,10.81,1.01E+01,4.64E+00,2.26E+01
24.70,22.89349,4.28,5.83E+00,3.30E+01,1.49E+01
7.91,17.56384,15.56,6.63E+00,8.00E+00,1.03E+01
13.57,62.53754,11.75,1.78E+01,2.13E+00,1.13E+01
19.38,49.41382,10.30,4.07E+01,1.38E+01,5.77E+01
24.95,47.66187,3.12,1.04E+01,7.92E+00,1.48E+01
5.37,33.13641,3.91,8.89E+00,1.23E+01,2.11E+01
5.17,14.70984,2.78,8.17E+00,1.97E+01,4.49E+01
7.21,9.64679,4.75,1.58E+01,1.57E+01,9.53E+00
7.01,77.48602,11.69,1.47E+01,2.63E+00,6.49E+00
172.91,27.7749,6.31,2.87E+01,3.48E+00,9.35E+00
8.13,34.46582,5.84,8.36E+01,5.59E+00,1.66E+01
2.40,12.51068,3.55,7.36E+00,2.28E+00,1.02E+01
4.67,55.19141,24.77,1.52E+01,1.21E+01,2.08E+01
7.08,26.81665,11.10,1.52E+01,3.25E+01,2.10E+01
27.80,17.03992,12.48,8.62E+00,9.70E+00,8.02E+00
14.44,7.197449,9.15,1.21E+01,4.35E+00,6.60E+00
32.61,14.02722,54.94,4.15E+01,7.36E+00,9.41E+00
18.06,29.9519,20.58,1.03E+01,3.42E+01,6.17E+00
16.27,157.4678,2.57,8.55E+00,6.98E+00,2.34E+01
5.17,13.38605,5.01,3.07E+01,4.88E+00,5.83E+00
8.06,8.997131,6.35,1.70E+01,7.71E-02,1.06E+01
10.24,10.81488,7.82,1.86E+01,5.91E+01,1.12E+01
17.47,3.566956,4.78,5.17E+00,1.90E+00,1.07E+01
45.83,40.29242,11.70,7.44E+00,6.22E+00,1.36E+01
5.49,25.54773,4.16,3.03E+01,4.39E+01,6.83E+00
12.34,15.12701,14.39,1.41E+01,2.12E+01,1.14E+01
40.20,7.497009,10.56,7.45E+00,2.66E+01,2.33E+01
23.01,28.31561,9.19,1.72E+01,6.54E+00,2.71E+01
18.86,21.0061,1.92,1.14E+01,8.79E+00,1.83E+01
30.92,12.49738,10.04,1.08E+01,1.61E+01,6.07E+00
34.44,22.24762,10.41,9.04E+00,7.47E+00,8.45E+00
21.80,29.39642,31.13,5.21E+00,1.35E+01,6.17E+00
7.26,12.82745,33.02,1.33E+01,6.45E+01,1.06E+01
18.76,16.82739,4.10,4.76E+00,3.98E+00,3.88E+00
6.95,9.828796,3.44,1.15E+01,4.46E+00,9.17E+00
13.39,13.30682,9.92,1.22E+01,1.06E+01,4.23E+01
27.95,11.40875,25.56,8.93E+00,5.23E+00,6.85E+00
41.95,10.85376,7.77,9.37E+00,5.95E+00,5.51E+00
9.54,12.87372,8.15,1.67E+01,3.93E+00,1.39E+01
12.74,45.06342,8.83,2.85E+01,7.85E+00,1.59E+01
8.45,8.048035,3.68,5.79E+00,7.51E+00,1.05E+01
12.54,7.436951,5.99,4.26E+00,4.17E+00,7.08E+00
102.32,180.8131,7.90,5.24E+00,6.48E+00,1.16E+01
6.73,18.6355,8.93,2.05E+01,1.56E+01,2.96E+01
11.60,11.39368,61.42,1.61E+01,3.13E+01,3.85E+01
12.40,15.65314,6.55,2.38E+01,3.22E+01,1.07E+01
16.41,6.82428,3.77,9.04E+00,9.07E+00,5.24E+01
14.77,19.15454,5.16,5.43E+00,2.81E+00,1.05E+01
8.30,21.04755,9.89,3.43E+01,2.97E+00,7.68E+00
3.28,17.00739,18.29,1.06E+01,3.21E+01,5.63E+00
12.32,25.96136,33.35,7.81E+00,1.02E+00,2.72E+01
11.93,7.074646,9.90,7.39E+00,4.05E+00,1.99E+01
16.69,21.78857,2.02,1.03E+01,1.35E+00,1.36E+01
8.39,14.77258,3.84,2.88E+01,3.43E+00,1.59E+01
28.20,5.574951,1.08,1.71E+01,1.13E+01,1.20E+01
9.01,14.2948,5.96,2.20E+01,6.87E+00,1.79E+01
4.75,7.391174,100.66,2.74E+01,2.64E+00,2.70E+01
4.39,34.05151,8.63,1.25E+02,8.65E+00,1.62E+01
11.53,11.20081,27.53,9.46E+00,2.86E+00,1.11E+01
8.49,20.01288,4.65,1.34E+01,7.89E-01,1.76E+01
6.02,15.12579,4.78,4.88E+01,1.09E+01,5.09E+01
6.58,22.18329,5.55,8.72E+00,7.68E+00,6.68E+00
30.73,17.69983,2.03,1.73E+01,5.18E+00,9.14E+00
22.40,10.17816,2.25,4.74E+01,7.37E+00,3.86E+01
26.42,46.15973,13.23,5.91E+00,4.69E+00,2.83E+01
11.00,46.36237,3.56,6.20E+00,1.24E+01,7.43E+00
13.38,11.17004,22.50,1.88E+01,6.18E+01,7.87E+00
6.22,7.675781,8.10,8.90E+01,5.88E+00,3.19E+01
12.87,26.06262,10.45,2.11E+01,2.40E+00,3.76E+00
16.74,15.55023,4.38,7.30E+00,6.35E+00,1.17E+01
6.06,19.62134,6.94,5.22E+00,2.78E+01,5.91E+00
8.74,14.80707,6.15,7.69E+00,1.23E+01,1.85E+01
14.64,16.09015,20.04,4.61E+01,1.53E+01,2.63E+01
11.06,40.55023,18.58,7.06E+00,1.79E+01,5.75E+01
11.02,26.92517,10.92,1.68E+01,9.32E-01,4.42E+00
14.15,9.052246,18.12,1.60E+01,6.04E+00,9.80E+00
21.17,42.9519,7.26,1.01E+01,6.00E+00,1.78E+01
30.49,22.38428,1.77,2.02E+00,4.39E+00,5.01E+00
5.58,15.49213,4.02,6.31E+00,2.69E+00,2.65E+00
8.37,31.341,6.45,1.07E+01,3.94E+00,5.18E+00
63.95,17.69116,7.46,7.43E+01,6.63E+00,5.59E+01
25.82,10.59247,7.46,5.59E+01,2.14E+00,2.78E+00
11.09,7.268494,25.86,8.02E+01,1.99E+00,1.96E+01
9.55,3.838501,10.03,1.26E+01,4.66E+00,7.77E+00
3.36,12.27734,35.59,5.35E+00,9.39E+00,8.64E+00
28.53,20.38751,5.09,6.87E+00,2.63E+00,1.20E+01
33.51,69.65454,4.20,1.11E+01,9.78E-01,3.00E+00
10.19,15.56573,3.15,5.54E+00,6.25E+00,8.14E+00
11.86,11.96704,5.33,9.35E+00,1.19E+01,4.11E+01
31.93,14.80176,6.47,3.10E+01,1.84E+01,7.17E+00
13.19,10.54144,10.64,8.88E+00,6.02E+00,1.00E+02
69.14,10.96448,34.66,1.35E+01,8.74E+00,2.72E+01
55.31,18.95892,5.75,8.51E+01,2.54E+00,1.83E+01
15.30,40.59778,12.03,1.39E+01,1.72E+00,4.42E+01
44.70,5.795898,8.26,1.21E+01,4.94E+00,2.39E+01
11.56,14.79724,27.99,3.54E+01,5.17E+00,2.04E+01
5.89,16.39862,4.44,3.34E+01,8.85E+00,1.74E+01
26.91,5.53241,14.72,1.14E+01,1.70E+01,2.18E+01
7.39,13.32806,81.14,1.85E+01,1.96E+01,6.13E+00
12.20,8.675171,13.63,1.92E+01,2.90E+01,6.30E+00
8.49,32.41681,9.62,7.10E+01,5.69E+00,9.10E+00
24.61,49.39154,7.86,6.54E+01,6.39E+00,1.04E+01
11.13,27.78308,5.62,6.89E+00,1.46E+00,8.78E+00
11.15,6.977783,35.83,8.36E+00,3.42E+00,1.72E+01
9.21,9.840942,15.98,2.73E+00,2.87E-01,6.45E+00
3.94,4.662537,5.31,2.11E+01,2.14E+00,1.07E+01
9.55,13.8222,3.16,1.25E+01,8.89E+00,6.81E+00
10.04,12.89001,51.03,1.57E+01,1.29E+01,7.75E+00
12.15,14.94525,4.07,1.26E+01,4.64E+00,8.05E+00
18.09,6.59436,4.46,2.56E+01,3.07E+00,1.59E+01
25.12,7.144531,26.99,2.03E+01,1.60E+01,2.57E+01
18.41,9.676392,7.07,5.21E+00,3.63E+00,7.81E+00
22.85,7.143738,23.67,1.33E+01,7.31E+00,5.78E+00
9.93,20.89441,10.49,1.96E+01,7.52E+01,8.12E+00
12.49,36.44366,10.00,3.30E+01,1.24E+00,9.07E+00
10.82,27.48187,5.78,1.31E+01,4.70E+00,4.23E+00
33.44,26.55798,2.91,5.47E+00,1.97E+01,1.31E+01
10.12,16.95172,34.03,4.76E+00,2.14E+00,1.36E+01
19.51,7.265442,6.31,1.52E+01,2.17E+01,4.44E+01
17.76,15.49078,7.47,1.07E+01,3.32E+00,4.10E+01
14.22,30.92365,2.53,9.68E+00,5.22E+00,5.96E+00
9.68,37.84088,31.32,1.99E+01,7.39E+00,4.88E+01
11.81,22.56384,84.06,6.81E+00,3.10E+00,2.75E+01
5.74,4.957581,14.26,7.30E+00,1.11E+01,6.88E+00
21.79,10.97504,61.96,4.00E+01,8.36E+00,6.60E+00
28.54,8.982056,19.94,1.38E+01,7.83E+00,6.47E+01
24.85,32.68225,4.79,1.10E+00,7.57E+00,1.72E+01
67.02,5.564758,4.18,8.32E+00,2.18E+00,4.16E+00
40.50,6.981812,5.00,9.23E+00,4.41E+00,9.76E+00
12.84,5.901855,7.56,4.31E+00,4.85E+00,5.02E+00
13.24,5.78125,5.20,3.96E+00,1.65E+00,3.95E+01
6.74,20.73187,9.72,3.34E+01,-3.90E-01,1.64E+01
5.57,20.99329,19.03,8.64E+00,1.99E-01,8.82E+00
12.66,9.637329,5.12,6.19E+01,-4.28E-01,8.57E+00
8.11,14.39746,3.91,9.92E+00,-7.87E-01,1.57E+01
12.23,16.18988,4.27,5.07E+00,3.32E+00,4.40E+00
9.57,11.17419,3.62,1.33E+01,1.42E+00,8.51E+00
18.18,10.43665,16.72,3.24E+00,1.86E+01,7.29E+00
10.36,13.26459,0.11,2.40E+01,3.84E+00,1.06E+01
10.02,23.24988,36.31,1.21E+01,3.70E+01,3.55E+00
52.34,20.86908,10.29,1.64E+01,2.45E+01,3.11E+01
30.34,5.831726,4.12,4.66E+01,1.58E+01,3.83E+01
11.61,6.470398,4.05,2.25E+01,2.73E+01,1.40E+01
8.02,106.7591,5.51,3.41E+01,1.64E+01,2.59E+01
15.26,39.31714,5.67,1.34E+01,7.28E+00,1.52E+01
17.58,21.79706,27.90,4.81E+00,-2.88E-01,3.62E+01
17.00,7.365845,7.93,1.37E+01,1.04E+01,2.04E+01
12.44,29.76715,37.85,8.09E+00,-4.30E-01,6.48E+01
16.40,12.12628,2.35,9.66E+00,2.08E+00,2.89E+00
7.63,4.15686,3.03,2.25E+01,6.52E+00,4.20E+00
13.61,9.99884,28.26,4.28E+01,1.34E+01,2.37E+00
18.98,9.304749,2.94,4.89E+00,1.65E+01,7.03E+00
5.85,5.316467,4.93,1.04E+01,5.10E+00,6.53E+00
21.54,23.65179,1.39,1.16E+01,1.92E+00,5.96E+00
16.66,10.47406,37.75,1.11E+02,1.18E-01,4.21E+01
15.20,15.96228,11.09,2.45E+01,4.08E+00,5.28E+01
12.42,4.843933,2.44,1.94E+01,6.90E+00,4.22E+00
25.89,13.49786,8.79,1.50E+01,2.44E+01,2.24E+01
17.99,11.50336,8.00,3.04E+01,1.42E+00,5.85E+00
23.51,51.18646,13.43,6.42E+01,1.18E+01,6.19E+00
28.85,8.026245,17.35,3.33E+01,1.58E+00,3.41E+00
9.02,7.041016,12.52,7.47E+00,2.61E+00,3.77E+00
7.51,22.02484,3.96,6.00E+00,1.61E+00,2.65E+01
31.17,13.05054,3.17,6.09E+00,1.78E+00,1.14E+01
21.56,14.69879,7.31,7.94E+00,1.20E+00,1.41E+01
65.31,11.96179,2.90,4.12E+01,2.63E+00,2.74E+00
27.48,6.908691,12.13,9.83E+00,8.71E+00,5.36E+00
11.63,16.11914,10.98,6.55E+00,5.36E+00,5.93E+00
13.06,19.34619,17.89,1.53E+01,8.92E+00,3.33E+00
17.48,30.47278,6.07,6.34E+00,1.18E+01,8.21E+00
39.66,8.154358,3.32,5.05E+00,-1.81E-01,7.86E+00
7.55,9.310303,22.80,2.05E+01,1.27E+01,3.37E+01
35.03,17.14081,3.76,8.54E+00,4.06E+00,4.38E+01
8.36,17.57513,2.72,7.25E+00,2.97E+01,2.99E+00
8.22,8.120972,5.06,6.42E+00,3.50E+00,6.94E+00
27.16,21.27643,9.69,5.49E+00,1.40E+00,6.08E+00
14.89,31.34601,44.15,7.85E+00,9.16E-01,6.72E+00
38.80,11.43256,13.73,1.87E+01,5.98E-01,3.07E+01
18.61,32.49445,3.86,2.49E+01,1.22E+01,5.65E+01
10.23,14.5177,2.01,5.99E+00,3.55E-01,9.91E+00
23.12,19.1203,3.11,8.93E+00,9.98E+00,8.44E+00
24.73,24.11835,1.37,1.07E+01,1.63E+01,2.47E+01
33.96,13.02258,2.42,9.45E+00,2.15E-01,5.27E+00
11.74,20.75299,35.47,2.85E+01,6.83E+00,1.73E+01
8.67,6.174438,4.38,5.89E+00,6.67E+01,8.97E+00
60.76,6.864807,6.88,9.35E+00,6.40E+00,5.84E+00
39.01,30.27136,3.80,5.16E+00,5.73E+00,4.35E+00
17.09,9.579651,0.63,1.78E+01,1.39E+01,3.77E+00
8.43,24.26166,2.64,2.50E+01,3.05E+01,9.59E+00
10.43,12.49835,17.00,7.40E+00,-2.76E-01,4.90E+00
60.03,12.4776,6.93,1.01E+01,6.94E+00,5.42E+01
45.24,6.790527,14.85,2.33E+01,9.02E+00,1.30E+01
23.40,12.14801,2.23,1.17E+01,2.39E+00,2.82E+01
29.51,11.57214,8.50,1.02E+01,3.33E+00,8.45E+00
33.63,38.08411,46.00,4.00E+00,5.30E+00,9.31E+00
24.93,67.01001,6.61,1.34E+01,1.08E+00,6.49E+00
18.55,28.67609,4.57,2.00E+01,4.53E+01,6.94E+00
21.20,17.15295,1.08,2.03E+01,7.93E+00,1.89E+01
18.05,8.603638,1.29,3.09E+01,2.90E+00,3.59E+00
19.94,31.46356,1.22,7.00E+00,2.29E+01,3.21E+00
4.65,22.12238,42.92,1.69E+01,-7.71E-01,3.66E+00
42.02,7.740967,3.89,3.79E+00,9.58E-01,1.13E+00
9.51,9.051392,4.94,7.41E+00,1.13E+01,1.41E+01
13.82,4.71875,5.60,3.36E+00,3.04E+01,1.36E+01
27.96,7.176575,16.19,7.08E+00,5.89E+00,9.26E+00
11.09,8.429871,4.04,2.11E+01,1.33E+01,1.20E+01
7.00,23.16772,-0.92,1.37E+01,6.70E-01,3.54E+01
25.11,7.44574,10.85,7.42E+00,3.25E+00,6.66E+00
7.81,28.18054,5.84,2.15E+00,9.13E+00,2.60E+01
9.43,20.4939,10.79,1.07E+01,2.41E+00,1.22E+01
7.38,33.49475,4.46,3.78E+01,2.23E+01,6.61E+00
6.92,25.88171,15.96,2.13E+01,1.10E+01,6.90E+00
10.45,19.22803,8.30,2.94E+01,7.56E+00,3.77E+00
14.52,11.75659,13.51,7.84E+00,1.24E+01,1.04E+00
13.88,6.19104,5.65,7.74E+00,1.40E+00,2.84E+01
37.86,38.42694,6.82,5.93E+00,2.64E+00,1.67E+01
16.58,5.579346,0.48,1.64E+01,2.95E+00,4.56E+00
69.23,9.286682,37.40,3.54E+00,1.75E+00,2.42E+01
14.18,13.86163,3.23,7.02E+00,8.37E-01,9.63E+00
9.29,66.10071,4.54,6.65E+00,3.65E-01,6.50E+00
11.82,11.09924,2.54,3.33E+00,9.05E+00,3.99E+00
11.29,13.44299,5.39,6.42E+01,1.05E+01,1.32E+01
8.24,42.95654,5.70,1.99E+00,4.67E+00,1.29E+01
12.94,6.061768,8.73,6.12E+00,8.42E+00,7.62E+00
13.12,13.31104,28.10,1.56E+01,5.78E+01,4.60E+00
20.28,45.6524,2.25,2.46E+01,1.71E+01,1.50E+01
9.76,30.32483,9.11,4.31E+00,1.13E+00,1.97E+01
44.08,11.74786,2.70,4.94E+00,1.64E+01,5.37E+00
11.54,12.83783,20.75,6.34E+00,2.76E+00,7.11E+00
46.42,5.566101,8.58,5.60E+00,2.64E+00,1.58E+01
16.74,14.77289,3.59,2.19E+00,1.53E+01,3.31E+00
10.52,34.2796,3.25,5.89E+01,1.84E+00,3.34E+01
16.91,18.75476,17.07,9.91E+00,5.02E+00,2.33E+01
35.49,44.38855,2.08,1.82E+01,2.06E+00,9.27E+00
10.96,30.48651,19.60,1.65E+01,8.09E+00,6.33E+00
26.18,23.45111,22.17,4.63E+00,1.97E+00,1.03E+01
69.57,13.30579,12.00,3.14E+00,4.39E+00,1.57E+01
16.56,6.785706,2.67,5.33E+00,2.39E+00,1.10E+01
41.00,26.68866,22.24,1.90E+01,3.77E+00,1.20E+01
14.73,41.48334,11.41,1.20E+01,5.49E+00,8.97E+00
22.76,27.22772,5.79,1.10E+01,4.62E+01,4.25E+00
20.11,11.71838,4.32,2.03E+01,5.67E+00,4.88E+00
10.45,17.5545,20.25,1.12E+01,2.83E+01,4.66E+00
9.72,6.203491,-1.64,7.35E+01,2.38E+00,3.11E+00
8.62,12.69879,0.01,1.66E+01,1.32E+01,4.10E+00
10.14,10.69617,16.72,1.15E+01,-6.50E-01,1.87E+01
6.65,49.39032,8.99,1.22E+01,-2.67E+00,7.76E+00
9.70,3.630554,30.27,5.52E+00,1.24E+01,7.52E+00
5.99,96.02386,35.17,1.69E+01,6.55E+00,5.93E+00
20.14,31.40271,42.22,2.03E+01,4.20E+00,1.51E+00
9.05,14.9776,9.80,7.04E+00,2.42E+00,2.46E+01
20.23,7.976929,3.39,1.56E+00,1.26E+01,1.50E+01
8.76,8.421326,6.02,5.48E+01,8.01E-01,2.08E+00
15.38,35.24902,17.31,5.79E+00,4.29E+00,5.42E+00
8.97,8.964233,39.23,9.72E-01,3.39E+00,6.89E+00
21.49,30.39337,1.54,7.28E+00,6.99E+01,2.33E+00
18.59,36.62537,3.42,8.69E+00,5.23E+00,4.37E+01
8.50,4.617798,17.11,1.75E+00,4.22E+01,3.33E+01
13.76,16.21057,11.52,1.46E+01,2.22E+01,1.12E+01
25.36,7.936157,17.64,5.79E+00,1.48E+00,9.72E+00
23.26,8.2323,17.09,2.15E+01,7.78E+00,1.04E+01
9.19,8.182373,1.53,7.27E+00,9.68E+00,7.53E+00
7.93,18.73151,12.54,7.07E+00,1.10E+01,2.90E+01
9.81,18.76434,-0.16,1.69E+01,1.08E+01,3.99E+01
8.55,25.75146,2.62,5.70E+00,2.45E+01,1.25E+01
36.39,13.78436,6.26,9.30E+00,9.77E+00,1.60E+01
9.91,10.5188,0.61,6.18E+00,1.69E+01,5.64E+00
8.09,12.52319,5.48,1.28E+01,1.94E+00,2.82E+01
29.58,12.6593,7.58,2.00E+01,-7.58E-01,6.96E+00
27.32,14.7998,13.57,1.06E+01,2.76E+00,3.51E+00
26.71,11.10199,8.75,2.88E+01,-2.51E-01,1.49E+01
7.54,5.765808,8.26,2.20E+01,2.77E+00,9.31E+00
6.23,37.22247,14.91,1.79E-01,2.74E+00,1.29E+01
19.88,15.93121,42.50,1.74E+00,5.09E+00,1.28E+01
56.27,12.70093,34.07,7.27E+00,3.39E+00,1.61E+01
9.10,7.991028,8.37,2.73E+01,2.85E+01,6.28E+00
7.13,6.891113,0.83,1.16E+01,6.36E+00,7.18E+00
17.53,16.29419,0.80,1.99E+01,2.21E+00,5.14E+00
11.18,17.77863,5.36,3.46E+01,7.45E+00,5.66E+00
6.97,7.860779,4.56,1.39E+01,5.11E+00,1.65E+00
13.78,29.57886,1.66,1.52E+01,1.36E+01,4.52E+00
8.51,29.35419,0.60,5.51E+01,7.61E+00,7.60E+00
10.88,41.401,41.51,8.65E+00,5.27E+00,5.62E+00
15.80,4.946655,1.00,7.39E+01,5.25E+00,7.84E+00
17.09,16.33179,6.35,1.65E+01,8.02E+00,1.45E+01
23.24,5.765381,2.77,1.40E+01,4.98E+00,2.85E+01
68.47,9.018127,2.18,4.16E+00,4.29E+01,5.84E+00
15.88,11.31171,26.39,2.97E+01,1.01E+01,3.25E+00
9.42,15.62585,11.39,6.65E+00,7.22E+00,2.01E+01
33.36,14.19873,8.96,9.50E+00,2.24E+01,1.74E+01
6.45,16.65863,2.49,8.01E-01,7.13E+00,8.25E+00
21.75,31.72778,1.97,3.38E+00,3.18E+00,2.01E+00
12.08,13.44238,4.29,3.89E+00,1.64E+00,3.94E+00
10.08,11.54364,1.34,7.31E+00,5.29E+00,5.99E+00
14.68,5.562988,6.05,4.58E+00,8.53E+00,3.31E+01
33.84,11.61047,13.69,2.62E+01,4.64E+00,2.59E+01
7.50,45.21124,15.64,4.28E-01,4.01E+01,7.60E+00
9.79,8.191772,2.25,2.63E+00,1.77E+01,1.92E+01
23.48,16.54309,2.23,4.75E+00,7.85E+00,5.20E+01
20.41,6.670837,11.38,9.26E-01,4.69E+00,9.88E+00
16.77,8.688782,2.36,2.22E+00,3.35E+00,5.81E+00
12.91,12.61053,-1.63,6.18E+00,5.51E-01,3.74E+01
15.04,19.67664,14.30,6.16E+00,-3.11E+00,4.58E+01
6.93,30.31842,12.88,4.50E+00,-7.26E-01,1.69E+01
6.36,29.06305,8.87,4.89E+01,1.11E+01,4.04E-01
6.65,11.75385,2.39,4.70E+01,5.59E+00,7.87E+00
12.94,9.077698,1.83,2.57E+01,1.91E+01,5.93E+00
3.25,7.147156,3.75,2.27E+00,2.74E+01,1.97E+01
27.72,10.48438,-1.23,8.21E+00,1.27E+01,1.36E+01
11.10,23.47766,0.85,2.57E+01,2.34E-01,1.07E+01
46.20,36.29102,6.67,3.87E+00,1.58E+01,8.33E+00
31.69,14.24939,2.16,4.87E+00,2.87E-01,3.51E+00
8.61,20.05048,9.10,1.54E+01,1.23E+01,9.68E+00
8.90,25.13824,4.87,6.15E+00,5.44E+00,7.77E+00
8.35,9.925354,6.54,7.42E+00,1.33E+00,9.94E+00
9.57,44.76031,8.88,5.68E+00,1.78E+01,1.52E+01
20.33,22.85699,3.17,1.95E+01,1.06E+01,4.79E+01
11.71,40.26575,5.86,7.81E+00,3.90E+00,9.44E+00
58.34,9.134644,25.46,6.96E+00,8.03E+00,1.55E+00
26.83,56.63275,3.85,2.94E+01,3.82E+01,2.75E+01
26.98,18.17303,11.14,9.65E+00,5.14E-01,1.63E+01
12.37,16.41077,18.50,3.79E+00,4.77E+00,2.48E+01
36.12,23.64246,8.29,8.54E+00,3.54E+01,2.08E+01
26.35,12.67926,15.01,1.54E+01,8.24E+00,1.68E+00
17.27,22.53674,2.36,4.14E+00,3.41E+00,2.10E+01
10.60,8.893494,5.23,5.32E+00,2.26E+00,1.06E+01
9.07,35.02386,6.32,1.75E+01,2.21E-01,1.98E+01
11.51,11.59601,3.44,1.79E+01,1.73E+01,2.11E+01
11.24,28.49323,8.89,2.01E+01,2.67E+00,9.14E+00
8.67,21.19678,1.36,5.32E+00,9.89E+00,6.45E+00
14.74,42.34546,13.34,4.97E+00,3.23E+00,7.55E+00
22.07,19.84155,14.71,1.04E+01,3.38E+01,1.55E+01
8.72,29.46863,48.22,6.62E+00,3.20E+01,4.23E+00
48.54,14.22321,21.34,1.36E+01,6.55E+00,1.63E+01
7.98,32.10754,13.20,9.83E+00,4.38E+00,1.49E+01
22.14,14.58142,4.83,2.86E+01,-3.20E-01,5.75E+01
33.23,6.635071,40.80,7.14E+00,5.19E+00,1.06E+02
33.98,24.49841,21.94,1.84E+00,1.23E+00,2.88E+01
8.74,13.64056,18.43,1.37E+01,3.68E-01,5.32E+00
3.88,28.82446,2.76,3.08E+02,4.44E-02,3.19E+00
1.08,11.69458,30.24,4.79E+01,4.38E+00,8.87E+00
7.54,11.33942,4.03,4.78E+00,1.44E+01,4.67E+00
10.74,19.84735,3.06,2.35E+01,3.30E+00,3.38E+01
16.24,111.1105,12.49,4.16E+00,1.55E+01,5.02E+00
2.23,38.70868,5.47,2.70E+01,3.72E-01,7.65E+00
22.28,31.18579,2.13,7.99E+00,7.30E+00,8.71E+00
8.57,13.87134,7.63,2.88E+01,3.96E+00,3.37E+00
15.26,7.905334,0.80,2.82E+01,1.84E+00,1.10E+01
6.26,15.93378,15.30,1.92E+01,-9.47E-01,4.10E+00
19.00,43.09308,20.43,2.69E+00,-5.89E-01,7.01E+00
5.34,18.42419,0.99,5.75E+00,9.59E+00,3.33E+00
104.01,8.696045,0.26,2.24E+01,7.18E+00,2.54E+01
85.16,21.63116,20.64,1.20E+01,3.31E-01,2.19E+01
3.81,10.39423,9.60,3.61E+00,1.68E+00,5.61E+00
6.35,18.42084,13.10,2.68E+00,3.51E+00,1.32E+01
1.70,33.04633,0.53,2.79E+00,-9.91E-02,3.86E+01
16.85,26.31073,14.71,6.90E+01,8.68E-01,8.25E+00
24.99,13.18256,7.50,8.24E+00,-1.76E+00,1.28E+01
5.86,15.44592,7.31,2.19E+01,1.21E+00,4.74E+00
21.97,15.84222,11.37,2.35E+00,-1.58E-02,8.00E+00
3.25,15.22998,7.37,2.79E+01,6.32E+00,1.03E+01
7.87,9.116394,10.50,1.24E+01,3.26E+00,6.17E+00
3.22,17.72913,5.99,4.85E+00,1.23E+01,6.17E+00
8.60,7.440979,15.58,1.02E+02,-8.64E-01,1.84E+01
17.53,14.63922,23.30,8.38E+00,2.59E+00,1.92E+01
20.58,13.82477,5.37,9.23E+00,5.78E+00,6.95E+00
7.94,6.828125,0.22,1.06E+01,5.85E+00,3.47E+00
10.74,7.245728,-0.73,4.18E+00,6.44E+00,1.41E+01
8.52,13.04382,13.88,1.13E+01,3.97E+00,5.86E+00
50.27,6.260132,3.59,4.15E+00,6.93E+01,8.23E+00
1.47,24.37225,53.05,7.73E+00,5.71E+00,1.06E+01
28.19,10.67987,4.45,8.99E+00,3.65E-01,9.16E+00
16.07,7.317017,9.28,9.10E+00,3.88E+00,1.63E+01
23.60,39.6972,19.21,1.03E+01,1.22E+00,7.46E+00
7.39,54.32312,0.76,4.01E+00,2.67E+00,2.16E+00
10.26,25.44763,4.87,1.16E+01,-1.06E+00,7.88E+00
66.07,41.30603,3.88,5.01E+01,9.22E-01,1.37E+01
9.35,98.00885,2.90,3.84E+01,5.75E+00,6.42E+00
0.83,12.57001,13.48,4.74E+01,5.64E+00,2.42E+01
9.93,29.93341,87.01,4.34E+01,4.05E+00,9.33E+00
3.24,26.4281,4.62,2.59E+01,6.88E+00,1.54E+01
9.08,12.20892,4.38,5.60E+00,1.99E+00,6.71E+00
19.30,15.00793,2.11,5.00E+00,4.96E+01,2.71E+01
4.37,9.89978,4.14,5.20E+00,8.47E+00,1.82E+01
0.91,8.990662,3.97,4.11E+00,2.48E+01,3.40E+01
3.68,8.582214,6.68,1.03E+01,7.69E+00,7.75E+01
7.93,15.44019,17.12,1.47E+01,9.77E+00,9.54E+00
1.04,14.24615,3.30,1.29E+01,1.44E+01,1.48E+01
2.32,21.32373,8.20,1.67E+01,5.19E+00,1.04E+01
0.05,22.04681,40.35,5.89E+00,3.10E+00,2.43E+01
-1.17,59.55328,16.49,1.56E+01,9.93E+00,1.00E+01
1.63,23.01349,3.48,1.32E+01,4.51E+00,4.39E+00
11.30,31.43909,7.66,6.19E+00,1.58E+01,1.47E+01
20.12,11.21393,84.03,8.44E+00,8.35E+00,1.85E+00
7.65,21.62054,1.84,5.63E+01,7.56E+00,1.14E+01
6.39,35.57764,13.33,9.06E+00,3.86E+00,1.88E+01
11.69,26.17505,17.61,2.99E+00,1.40E+00,4.97E+00
10.64,9.582703,5.10,2.87E+00,7.95E+00,2.13E+01
0.96,13.8443,5.58,7.31E+00,3.25E+01,1.60E+01
4.11,12.33551,5.80,3.12E+00,1.09E+01,8.04E+00
1.62,13.29932,3.06,7.92E+00,4.33E+00,6.24E+00
2.77,9.768677,4.91,6.22E+01,1.94E+00,3.36E+00
27.05,19.57147,0.78,9.26E+00,7.28E+00,1.63E+01
10.64,17.65796,1.51,3.94E+01,2.72E+01,6.56E+00
16.21,15.62756,80.01,2.40E+01,-9.27E-01,1.09E+01
6.51,9.271851,5.16,4.36E+01,3.47E+00,1.51E+01
6.38,45.67621,20.19,9.65E+00,5.46E+00,4.92E+00
4.42,37.49152,8.94,8.12E+01,-6.12E-01,2.01E+01
11.36,12.57019,17.54,2.03E+01,1.15E+01,3.20E+00
3.23,12.77875,65.64,2.51E+01,2.44E+00,1.55E+01
8.11,14.85492,26.02,1.72E+01,1.40E+00,3.71E+00
5.08,23.14661,7.15,1.14E+01,4.33E-01,1.20E+01
-0.10,11.32922,33.13,6.50E+00,-3.22E+00,1.30E+01
13.34,20.01971,0.88,4.55E+00,2.89E+01,1.26E+01
11.62,17.25629,12.48,4.43E+01,1.84E+01,1.60E+01
48.18,22.43268,6.52,3.00E+01,5.07E+00,1.19E+01
12.24,16.44159,5.29,5.78E+00,3.33E+00,6.99E+00
9.06,10.21191,-1.84,1.75E+01,3.44E+00,1.37E+01
5.83,15.47601,1.97,3.17E+01,1.03E+01,4.64E+01
6.80,16.6712,3.03,7.89E+00,1.21E+01,1.46E+01
2.13,50.27179,21.50,1.62E+01,1.11E+00,1.09E+01
11.76,11.90955,2.50,8.34E+00,3.58E+01,6.74E+00
5.80,12.53656,8.51,4.51E+01,1.48E+01,1.11E+01
4.82,34.76636,10.54,7.92E+00,4.10E+00,2.20E+01
16.67,40.28052,5.49,2.97E+00,3.99E+01,9.06E+00
4.70,10.74805,3.98,6.70E+00,1.41E+01,1.29E+01
40.24,4.292419,5.00,2.44E+01,1.32E+00,2.59E+01
13.35,14.58881,4.57,1.22E+01,1.47E+00,1.04E+01
2.40,18.96033,1.53,1.00E+01,5.06E+00,1.17E+01
8.65,26.57574,5.19,7.10E+00,3.39E+00,1.73E+01
10.26,30.83997,7.46,1.15E+01,7.25E+00,4.49E+01
11.86,24.82849,2.79,9.36E+00,8.23E-01,1.49E+01
35.34,7.304016,15.24,3.66E+01,1.77E+01,1.26E+01
9.86,58.72717,4.44,4.23E+01,4.23E+00,1.16E+01
13.66,14.00055,3.89,1.37E+02,8.70E+00,1.59E+01
6.39,10.9032,0.67,1.48E+01,4.65E+00,1.04E+01
14.16,20.19989,9.58,8.32E+00,4.33E+00,8.83E+00
6.47,9.701599,12.48,9.78E+00,4.53E+01,9.12E+00
5.28,28.56659,11.85,3.09E+01,5.62E-01,3.81E+01
18.67,63.47034,14.07,3.28E+01,4.28E-01,2.49E+01
27.24,23.72601,5.45,6.53E+00,7.35E-01,3.01E+01
8.10,7.646423,2.90,1.06E+01,1.11E+01,1.22E+01
5.85,7.044617,23.62,2.27E+00,-9.39E-01,1.28E+01
15.00,24.46899,1.99,5.71E+00,9.23E+00,1.66E+01
25.26,12.99463,4.28,4.84E+00,1.90E+00,1.26E+01
47.30,9.885986,6.64,7.36E+01,2.03E+01,2.90E+01
4.33,15.08936,17.05,3.85E+00,3.93E+00,1.43E+01
7.08,21.24176,9.02,2.67E+01,3.01E+00,1.68E+01
8.37,8.723999,2.65,5.80E+00,1.84E+00,1.51E+01
13.10,16.7652,2.55,7.40E+00,2.13E+01,1.08E+01
33.77,25.32855,-0.32,1.32E+01,1.01E+02,2.93E+01
19.19,13.73315,15.24,2.44E+01,2.38E+01,1.70E+01
11.51,29.71509,4.07,9.69E+00,2.87E+00,1.14E+01
10.81,11.08319,0.75,2.22E+01,2.79E+01,1.68E+01
15.18,32.55292,2.57,1.48E+01,7.15E+00,2.35E+01
8.48,8.072998,7.06,8.50E+00,1.59E+00,4.26E+01
21.08,17.91528,8.97,1.05E+01,-1.03E+00,4.06E+01
14.80,63.00397,0.73,6.30E+00,2.32E+00,4.82E+01
2.13,13.84436,8.27,2.14E+01,6.28E+00,2.08E+01
1.68,12.49689,3.41,4.17E+01,4.51E+00,1.08E+01
5.58,12.22021,2.85,9.82E+00,9.52E+00,1.24E+01
2.09,33.78729,35.24,1.78E+01,4.17E+00,1.14E+01
1.04,19.83636,16.36,2.44E+01,1.24E+00,1.89E+01
8.35,28.86816,12.71,7.91E+00,1.50E+01,2.36E+01
10.50,13.46497,2.63,1.44E+01,1.60E+00,3.47E+01
4.80,9.769592,2.29,2.04E+01,2.61E+01,1.19E+01
2.07,24.36615,12.91,3.21E+01,1.48E+01,9.48E+00
8.73,10.74384,8.88,3.84E+01,7.67E+00,1.78E+01
3.36,21.91211,3.51,4.92E+01,2.83E+00,4.05E+01
6.22,8.684265,21.66,1.43E+01,1.48E+01,3.05E+01
4.93,21.41425,21.88,1.99E+01,2.56E+01,1.29E+01
6.94,36.51215,0.30,1.06E+01,2.01E+01,2.35E+01
10.59,43.86523,1.22,4.27E+01,3.62E+00,1.22E+01
21.98,42.12604,0.37,1.05E+01,1.35E+00,1.20E+01
8.29,9.236938,3.12,1.01E+01,4.68E-01,3.70E+01
3.13,68.46558,0.43,2.54E+01,2.68E+00,1.28E+01
7.15,12.31787,4.80,1.35E+01,1.68E+00,8.91E+00
7.80,8.779236,5.25,2.40E+01,8.07E+00,9.06E+00
5.32,52.47382,16.64,1.52E+01,7.19E+00,1.37E+01
1.48,31.60217,27.45,5.55E+01,1.60E+01,3.35E+01
1.11,15.3197,51.36,1.84E+01,1.79E+01,1.03E+01
4.72,17.17432,26.71,4.54E+01,1.36E+01,1.04E+01
1.05,11.51886,4.08,2.12E+01,6.21E+00,2.03E+01
15.22,25.11603,7.41,6.35E+00,8.62E-01,1.90E+01
3.90,28.46338,5.34,2.52E+01,7.48E+00,3.68E+01
6.24,12.53497,24.66,1.96E+01,7.04E+01,3.22E+01
23.97,20.66254,7.04,2.65E+01,1.07E+02,1.83E+01
38.50,33.80841,2.86,5.31E+01,1.00E+01,1.99E+01
11.86,23.66479,0.61,2.21E+01,1.12E+01,3.06E+01
31.09,20.1095,3.05,1.05E+01,8.12E+00,2.59E+01
15.70,44.14789,2.18,1.72E+01,4.38E+00,1.23E+01
22.29,21.3219,3.91,1.52E+01,3.81E+00,3.24E+01
46.57,20.8681,10.51,1.98E+01,4.67E+00,4.98E+01
4.14,14.51312,26.20,1.28E+01,5.38E+00,3.09E+01
3.99,12.82471,9.93,7.56E+00,2.88E+00,1.85E+01
16.29,49.41675,18.60,8.16E+00,3.05E+00,3.25E+01
26.87,19.32343,5.54,3.56E+00,-1.09E+00,9.24E+00
1.91,24.5899,6.77,8.13E+00,4.49E+00,1.97E+01
8.41,9.983093,7.27,1.13E+01,1.07E+01,1.10E+01
4.94,61.02826,54.71,8.34E+00,5.80E-01,9.06E+00
7.75,38.28802,7.76,9.52E+00,1.49E+00,1.56E+01
5.49,16.46808,6.79,3.27E+01,7.93E+00,1.11E+01
1.45,23.85516,4.13,2.98E+01,2.69E+01,1.33E+01
9.92,16.99384,4.22,4.86E+00,7.04E+01,1.65E+01
45.22,5.773865,1.32,2.16E+01,1.14E+01,2.89E+01
37.13,19.45685,4.51,1.10E+01,-8.26E-01,2.01E+01
15.70,34.22485,19.44,6.52E+00,-1.08E+00,4.14E+01
23.78,12.95667,13.33,1.72E+01,-1.11E+00,1.09E+01
27.39,18.42554,9.62,2.86E+01,3.88E+00,1.69E+01
22.62,10.72021,2.97,1.72E+01,4.40E+01,1.01E+01
7.42,7.740479,4.08,3.85E+01,1.26E+00,1.90E+01
22.14,10.50031,8.41,1.25E+01,9.43E+00,1.64E+01
3.36,5.185364,21.02,1.84E+01,8.66E+00,9.91E+00
8.28,14.02783,1.13,1.00E+01,3.67E+00,9.06E+00
4.96,11.99933,6.05,1.83E+01,1.95E-03,2.89E+01
6.35,9.182129,16.18,1.24E+01,-1.65E+00,1.10E+01
27.93,17.51123,6.30,1.06E+01,8.55E-01,1.47E+01
25.28,5.598083,3.16,1.18E+01,1.62E+01,1.23E+01
13.86,14.56226,1.72,1.62E+01,1.72E+01,5.92E+01
42.32,7.171082,9.86,2.50E+01,1.59E+00,9.29E+00
1.55,16.00879,24.27,1.32E+01,6.58E+00,1.71E+01
7.34,45.5271,9.29,6.28E+00,-2.20E+00,9.95E+00
38.37,15.10535,4.01,1.02E+01,3.10E+00,6.75E+00
25.89,6.176453,4.57,6.30E+01,3.72E+00,8.42E+00
6.79,10.992,8.54,1.99E+01,3.91E+00,3.11E+00
4.78,15.13751,3.18,1.24E+01,-1.35E+00,1.67E+01
2.09,11.74634,10.88,9.43E+00,4.04E+00,3.96E+00
3.88,34.5072,10.59,3.83E+01,2.90E+00,3.90E+01
9.22,35.34393,3.19,1.89E+01,3.61E+01,1.10E+01
18.29,27.83441,2.56,1.83E+01,1.65E+01,1.20E+01
4.48,24.31549,8.77,2.85E+01,2.29E-01,2.03E+01
13.85,10.41559,2.23,9.80E+00,9.64E-01,2.75E+00
6.42,10.00494,1.23,4.08E+01,6.60E+01,3.47E+00
32.84,11.01508,4.99,1.24E+01,3.48E+00,-1.92E-01
21.26,18.85193,2.85,4.56E+01,2.78E+00,3.05E+01
5.44,7.999084,32.31,2.83E+01,1.30E+01,3.29E+00
16.75,12.62421,15.41,1.13E+01,-5.47E-01,1.06E+01
15.12,14.14282,25.03,1.31E+01,1.66E+01,9.20E+00
16.08,29.15894,3.97,1.22E+01,6.30E-01,5.57E-01
13.33,23.43396,5.20,2.60E+01,3.66E+00,5.68E-01
26.61,8.870911,1.84,1.92E+01,2.98E+01,2.00E+01
4.66,27.58325,4.77,1.47E+01,-2.93E-01,3.39E+01
4.87,7.639465,-0.57,9.21E+00,4.36E+00,5.83E+00
22.19,11.87561,5.82,4.08E+01,-3.81E-01,1.00E+00
9.79,17.58154,15.26,5.72E+00,1.24E+01,6.21E+00
17.43,10.50818,27.21,7.36E+01,2.99E+00,3.89E+00
2.31,27.57074,2.56,8.78E+01,6.45E+00,2.14E+01
15.21,26.8645,2.57,2.19E+01,1.83E+01,4.57E+00
37.29,11.35388,4.66,2.19E+01,2.72E+00,7.80E+00
7.55,16.27893,0.48,1.47E+01,1.84E+00,2.89E+00
11.19,7.737854,0.93,2.15E+01,7.02E+00,3.56E+00
7.03,16.4043,32.13,1.05E+01,1.33E+01,6.40E+00
9.79,21.39294,6.51,2.33E+01,5.31E+01,4.55E+00
7.47,14.2912,12.99,1.59E+01,1.31E+01,4.79E-01
27.36,21.95514,25.81,1.02E+01,5.25E+00,1.11E+01
7.36,13.14838,4.18,7.54E+01,2.79E+00,4.96E+00
7.72,13.81073,6.49,3.54E+01,1.16E+00,5.33E+00
6.65,25.24408,0.99,2.20E+01,3.96E+00,2.37E+00
10.57,22.13977,9.09,2.34E+01,4.34E+00,2.07E+01
6.68,9.701782,-0.21,1.91E+01,8.08E+00,6.14E+00
16.74,11.53369,7.37,1.28E+01,1.41E+00,6.50E+00
16.80,32.17023,12.97,4.04E+01,1.54E+00,3.54E+00
7.05,13.71692,9.49,1.87E+01,6.84E+00,8.31E+00
4.85,30.05963,3.04,1.13E+01,-9.09E-01,1.56E+01
20.83,29.88715,3.24,9.30E+00,2.04E+00,1.34E+01
6.49,26.54407,1.18,1.31E+01,1.22E+00,5.18E+00
13.23,51.67914,30.65,1.60E+01,3.50E+00,1.56E+00
12.58,2.658325,7.04,1.36E+01,3.01E+01,1.33E+01
18.00,21.24982,80.11,1.55E+01,8.44E+00,-2.17E-01
4.07,16.3949,49.02,1.12E+01,2.96E+00,9.33E+00
7.34,25.04736,7.60,2.72E+01,1.10E+00,4.19E+00
9.95,27.18988,47.31,3.52E+01,4.58E+00,2.72E+00
5.57,9.118103,15.67,2.48E+01,9.19E-01,1.36E+01
7.19,15.53937,0.60,2.57E+01,3.47E+00,-7.52E-01
12.96,10.77692,7.31,3.12E+01,1.30E+00,1.76E+01
26.04,13.17926,10.17,1.67E+01,5.27E+00,2.95E+00
5.08,26.16699,9.37,5.31E+01,9.20E+00,2.87E+01
34.10,56.56696,2.98,3.00E+01,3.51E+00,3.54E+00
20.87,29.98706,-0.11,2.07E+01,7.14E+00,1.79E+01
12.04,6.807983,-0.73,1.10E+01,6.93E+00,4.96E+01
6.90,15.82092,16.74,2.29E+01,6.57E+00,2.86E+01
24.81,13.51447,9.50,1.68E+01,3.03E+00,1.71E+00
31.67,8.045715,4.52,1.41E+01,2.66E+00,5.99E-01
14.94,14.59344,5.90,1.48E+01,4.56E+00,2.28E+00
16.08,9.854675,6.88,1.05E+01,9.14E+00,4.34E+01
43.96,18.99091,1.00,1.82E+01,1.46E+00,3.54E+00
4.51,7.249878,10.11,2.63E+01,9.36E-02,6.77E+00
24.28,10.90961,1.74,1.05E+01,1.62E+00,3.67E+00
10.56,25.66833,1.62,1.00E+01,-5.40E-01,6.66E+00
4.55,21.40167,35.46,2.17E+01,5.65E+00,9.95E+00
9.56,16.39868,5.79,1.59E+01,9.44E+00,2.24E+00
13.56,12.3963,4.38,4.31E+00,2.33E-01,1.91E+01
4.95,19.04419,3.67,1.53E+01,7.03E+00,2.57E+00
19.46,22.7951,1.49,1.14E+01,1.21E+01,6.64E+00
9.68,8.330688,2.21,6.77E+00,7.11E+00,1.03E+00
26.13,19.21741,2.67,1.34E+01,3.42E+01,5.40E+00
4.82,8.97522,4.80,2.01E+01,4.40E-01,3.70E+00
5.24,9.290344,3.37,1.44E+01,1.13E+01,7.34E+00
8.10,6.43811,2.21,4.31E+00,2.93E+00,3.24E+00
15.47,7.849854,3.50,1.83E+01,7.25E-02,4.03E+00
16.31,9.46759,10.23,1.67E+01,2.49E+00,5.18E+00
34.34,13.90344,5.27,7.23E+00,1.13E+01,5.59E+01
7.99,7.227844,13.28,1.46E+01,2.27E+01,2.59E+01
6.00,14.38837,2.52,2.90E+01,1.03E+00,1.37E+00
45.50,27.43805,6.70,3.29E+01,1.66E+00,2.70E+00
6.11,25.30408,0.59,2.71E+01,-3.66E-01,1.29E+01
34.95,25.70087,4.23,1.96E+01,3.56E+01,9.92E+00
43.60,11.73767,1.97,1.23E+01,4.29E+00,3.04E-01
6.03,56.82294,-0.07,7.13E+00,-1.11E+00,2.68E+00
33.23,19.62152,7.83,7.94E+00,8.53E-01,-4.26E-01
27.30,10.75244,5.83,1.01E+01,1.05E+01,5.73E+00
4.70,13.38293,6.59,9.46E+00,2.45E+00,1.14E+00
8.84,10.00244,0.24,1.50E+01,2.68E+00,9.31E-01
9.01,10.27765,4.91,7.92E+00,3.23E+01,1.33E-01
4.50,13.20911,1.84,8.44E+00,1.74E+00,3.61E+01
53.07,15.12994,-0.93,5.59E+00,2.86E-01,1.13E+01
14.95,16.28571,5.89,9.31E+00,1.39E+00,5.73E+00
10.60,16.67047,14.22,2.49E+01,3.60E+01,5.85E+00
19.87,14.3335,32.88,2.36E+01,1.16E+01,6.98E+00
9.06,15.91595,9.37,1.25E+01,1.57E+00,-1.38E-01
17.42,20.08246,5.99,7.50E+00,8.93E+00,1.12E+01
6.41,23.18915,2.23,6.90E+00,-8.81E-01,3.18E+00
31.96,34.23846,0.88,2.54E+01,4.00E+00,1.82E+01
6.93,56.33618,3.53,9.70E+00,-9.21E-01,4.70E+00
18.00,33.66852,5.44,3.48E+01,1.56E+00,9.48E-01
41.46,10.52679,5.66,3.65E+01,1.56E+00,1.91E+01
7.14,32.72064,12.78,7.61E+00,4.49E+00,-2.97E-01
15.33,13.86346,4.90,6.10E+00,4.92E+00,6.45E+00
35.07,94.79968,2.92,1.22E+01,3.15E+00,7.57E+01
8.45,49.32947,1.18,4.99E+01,1.75E+00,1.18E+00
5.40,42.49097,-0.76,2.22E+01,3.89E+00,4.01E+00
81.93,25.05182,5.63,2.03E+01,2.62E+01,7.04E+00
6.85,5.256775,2.03,1.89E+01,2.62E-01,3.63E+00
7.32,10.90076,6.18,8.21E+00,6.66E+00,2.25E+01
8.10,16.12512,4.17,1.34E+01,4.32E+00,-1.37E+00
17.66,3.826965,2.08,1.46E+01,4.65E+00,9.04E+00
48.05,6.96106,2.51,8.48E+00,2.90E+00,7.85E+00
57.50,6.243103,2.29,2.02E+01,1.08E+00,8.82E+00
6.62,19.9281,8.04,8.37E+00,1.02E+01,3.37E-01
20.00,8.805603,4.24,6.43E+00,3.19E+01,4.99E+00
7.89,8.884583,-1.53,8.66E+01,7.68E+00,-2.94E+00
4.61,19.53754,1.27,1.80E+01,2.36E+00,-1.12E-01
16.61,21.21008,-0.11,9.85E+00,2.33E+00,4.68E+01
15.72,17.76508,4.35,1.73E+01,2.07E+01,3.35E+01
13.88,8.507446,5.59,5.16E+01,2.05E+01,3.60E+00
6.09,25.92822,4.17,4.89E+01,7.48E+00,4.15E+00
24.04,10.96057,6.60,1.36E+01,3.60E+00,-1.19E+00
9.74,18.53137,6.34,1.12E+01,-9.94E-01,2.01E+00
25.63,5.365845,6.24,1.18E+01,6.84E+00,2.79E+01
6.82,24.84869,3.29,1.20E+01,6.57E+00,1.10E+01
6.09,10.96912,6.16,1.26E+01,6.87E+00,2.17E+00
56.27,25.65118,14.81,1.07E+01,4.76E+00,2.21E+01
11.25,8.935059,13.16,2.81E+01,5.76E+01,7.15E+00
3.66,19.2373,13.96,1.98E+01,6.46E-01,2.33E+00
19.93,8.687744,3.57,1.15E+01,5.37E+00,2.82E+00
20.54,1.915405,56.05,7.80E+00,5.57E+01,-7.42E-01
7.06,16.45898,17.75,1.57E+01,6.15E+00,5.01E+01
7.76,8.757568,22.11,5.22E+00,1.19E+01,7.56E-01
21.68,17.30194,2.84,1.35E+01,7.00E+01,-1.01E+00
8.13,36.02435,6.85,1.19E+01,7.32E+00,1.51E+00
29.15,14.40924,1.38,7.38E+00,5.04E+00,2.03E+01
12.59,7.277771,1.66,2.32E+01,1.74E+00,4.94E+00
6.33,11.39246,2.88,4.94E+01,7.39E+00,5.15E+00
6.45,23.51978,1.59,5.70E+00,4.32E+00,1.11E+00
10.21,33.16821,1.76,1.57E+01,8.49E+00,1.03E+01
4.09,5.80365,2.33,9.25E+00,2.55E+00,8.78E-01
4.75,10.92938,-0.54,4.63E+00,4.21E+00,7.02E-01
4.53,8.109192,0.92,6.43E+00,1.51E+00,1.09E+01
5.38,7.081299,1.74,2.44E+01,8.52E+00,2.02E+01
7.13,9.517456,-0.19,6.67E+00,3.21E+00,-1.70E-01
16.20,7.22229,3.92,6.90E+01,1.87E+01,3.12E+01
6.70,5.179138,7.12,4.05E+00,1.23E+01,4.66E+00
14.10,72.73895,8.16,5.33E+00,8.61E+00,8.47E+00
6.47,23.05939,0.49,9.51E+00,1.74E+00,-9.49E-01
5.35,18.7478,-2.04,1.02E+01,1.71E+00,3.15E+01
9.04,23.43323,1.14,1.02E+01,2.00E+00,2.32E+00
6.42,5.757874,4.04,4.45E+01,2.43E+00,5.57E+01
6.09,6.588501,4.74,8.86E+00,1.13E+01,4.28E+01
8.61,33.44287,1.83,4.44E+00,1.41E+00,1.73E+00
38.76,9.534363,4.37,4.04E+01,2.06E+00,4.79E+00
8.78,34.53198,1.49,3.33E+01,6.79E+00,1.76E+01
23.54,22.27173,24.13,1.03E+02,4.93E+00,2.70E+01
3.14,4.599976,7.94,1.70E+01,1.94E+01,1.37E+01
37.54,5.661011,6.47,4.53E+00,2.96E+01,3.48E+01
3.11,7.317139,0.30,3.16E+00,1.87E+01,1.12E+01
18.55,21.37555,2.69,8.57E+00,3.64E+01,1.07E+01
5.39,17.98389,-1.16,1.97E+01,3.92E+00,7.86E-01
5.52,15.65955,1.04,1.27E+01,1.25E+01,6.74E-01
10.45,17.11176,3.68,2.16E+01,1.32E+01,-2.34E+00
28.60,6.146912,12.82,8.09E+00,8.09E+00,2.01E+00
6.52,9.773254,26.37,7.31E+01,5.11E+01,-1.81E+00
7.55,26.06561,2.89,7.62E+00,5.34E+00,1.76E+01
7.50,24.61053,16.10,2.33E+01,1.11E+01,8.91E+00
2.85,15.0802,2.49,1.39E+01,4.38E-01,2.03E+00
8.71,40.22314,13.66,2.46E+01,1.73E+01,4.03E-01
3.93,10.52264,4.97,2.04E+01,5.12E+00,6.35E+00
10.10,5.345032,2.80,1.18E+01,5.71E+01,6.71E+00
10.83,16.52393,9.10,8.49E+00,4.52E+00,1.59E+01
8.46,5.127563,4.07,2.09E+01,3.07E+00,-1.32E+00
5.04,17.71948,0.04,2.65E+01,2.43E+01,1.63E+01
10.04,7.853577,114.62,2.74E+01,4.02E+01,1.40E+01
4.38,13.31854,16.36,2.65E+01,1.27E+02,8.02E+00
7.99,23.26819,1.48,2.75E+01,5.84E+01,3.10E+01
3.83,75.50909,2.53,3.06E+01,3.27E+00,2.16E+01
9.13,27.0708,9.55,1.18E+01,1.75E+01,3.26E+00
4.90,11.12183,1.65,1.34E+01,1.44E+01,1.70E+00
6.41,15.79041,7.76,1.17E+01,9.73E-01,1.03E+01
6.05,13.81531,-1.63,2.84E+01,4.47E+00,2.98E+00
18.80,9.644043,3.96,6.15E+01,1.24E+01,5.40E+01
9.28,11.10809,2.77,1.72E+01,1.33E+01,2.39E+01
15.27,54.17761,0.40,6.11E+01,8.84E+00,1.09E+01
20.66,29.34753,8.98,1.05E+01,9.25E+00,1.88E+00
7.99,9.381897,6.01,6.66E+00,1.22E+01,5.25E+00
6.02,11.84711,0.60,7.10E+00,1.11E+01,-5.58E-01
10.96,10.40582,4.49,1.09E+01,4.24E+00,4.44E+00
16.33,38.86145,25.41,1.93E+01,3.30E+00,1.08E+01
34.74,20.48993,2.53,1.69E+01,7.86E+00,5.74E+00
5.43,18.22626,1.03,1.01E+01,9.85E+00,9.94E+00
5.41,201.2023,42.50,2.76E+01,7.44E+00,5.46E+01
23.03,101.5835,-0.32,1.24E+01,9.59E+00,9.20E+00
8.55,30.50726,1.18,1.12E+01,4.01E+00,3.50E+00
21.80,25.31799,1.82,1.08E+01,7.71E+00,2.84E+00
14.26,17.09265,-0.23,1.33E+01,2.81E+00,9.76E+00
11.62,14.31995,0.63,1.59E+01,1.36E+00,1.44E+00
27.29,12.79431,1.52,4.05E+01,4.95E+00,1.24E+00
12.72,11.16528,1.77,4.80E+01,2.32E+00,3.18E+00
18.54,36.13403,30.26,1.61E+01,3.64E+00,1.76E+01
13.10,22.58105,8.78,8.98E+00,1.72E+01,1.33E+01
13.00,18.6463,0.12,7.26E+00,5.21E+01,3.40E+00
50.78,14.03546,3.26,1.25E+01,2.76E+01,1.06E+01
27.19,15.19238,5.06,1.70E+01,3.54E+00,1.44E-01
7.21,18.50018,16.09,1.13E+01,4.37E+00,1.86E+00
6.25,18.61792,3.12,8.09E+00,3.30E+00,1.45E+00
9.09,20.81671,1.89,6.12E+00,2.80E+00,2.21E+01
5.62,46.41608,0.43,8.02E+00,5.29E+00,9.65E+00
32.11,13.5166,1.76,7.78E+00,1.64E+01,3.51E+00
82.71,15.02826,5.12,6.15E+00,4.52E+00,1.95E+01
18.45,9.585693,1.29,1.29E+01,3.76E+00,-2.38E+00
5.35,19.58179,10.06,9.05E+00,1.49E+01,3.63E+01
18.04,12.00403,13.29,1.38E+01,6.43E+00,7.24E+00
11.39,13.20911,3.38,4.68E+00,5.37E+00,3.73E+01
9.16,17.11395,2.08,1.00E+01,4.28E+01,1.67E+01
35.74,11.4339,1.57,4.13E+00,1.50E+01,2.22E+01
5.41,30.81824,10.98,7.06E+00,1.01E+01,1.91E+01
11.74,22.78748,0.89,1.80E+01,9.20E+00,-1.33E+00
6.68,11.63843,10.43,1.89E+01,1.22E+01,8.92E+00
36.44,22.61279,10.61,1.94E+01,4.26E+01,1.70E+01
23.99,16.86304,12.90,7.54E+00,1.39E+01,3.18E+00
28.18,14.48492,3.30,1.11E+01,6.74E+00,2.96E-01
32.43,19.40991,1.17,4.52E+01,-1.15E-01,4.69E+00
11.40,14.04645,5.83,4.65E+01,2.36E+00,1.87E+01
26.28,9.79303,7.47,1.42E+01,8.85E+00,1.31E+01
6.05,64.18408,-0.35,1.46E+01,3.95E+00,1.21E+01
12.22,14.2746,1.68,1.51E+01,2.46E+00,6.56E+01
6.94,20.57739,-0.76,5.25E+01,5.58E-01,1.96E+01
17.83,22.04218,1.36,7.55E+00,1.94E+00,1.57E+01
15.25,15.30475,3.64,2.92E+01,-8.59E-01,2.85E+00
15.11,24.67932,1.26,1.55E+01,4.11E+00,9.36E+00
36.92,37.737,12.87,4.12E+00,1.02E+01,-8.49E-01
19.02,17.38379,4.31,8.00E+00,9.43E+00,1.39E+01
57.15,31.77863,1.85,4.41E+01,3.44E+01,1.29E+01
7.38,91.24701,0.88,1.11E+01,4.67E+00,2.60E+01
9.71,18.56726,3.98,7.09E+00,3.54E+00,7.04E+00
29.82,13.69659,4.26,1.06E+01,4.26E+00,2.90E-01
20.89,16.76379,1.56,2.82E+01,8.72E+00,1.95E+01
7.34,18.57971,9.10,7.13E+00,8.04E+00,4.67E+00
18.87,19.76062,5.99,2.03E+01,1.63E+01,9.29E+00
7.05,12.94452,7.14,1.76E+01,1.63E+01,5.56E+00
9.97,16.69696,6.24,9.64E+00,2.51E+01,4.35E-01
26.45,24.39789,12.71,1.38E+01,1.17E+01,1.22E+01
7.84,17.52399,9.33,6.49E+00,2.73E+00,5.23E+01
8.12,19.65094,3.36,8.69E+00,1.34E+01,1.11E+01
13.84,10.91144,3.39,3.02E+01,2.93E+01,-1.56E+00
20.17,21.172,1.98,1.09E+01,8.82E+00,2.09E+01
17.01,22.58789,4.27,2.94E+01,2.92E+00,1.26E+00
80.34,15.13953,0.86,3.27E+01,3.80E+00,6.86E-01
14.85,21.55469,0.43,9.30E+00,7.07E+00,9.08E-02
15.24,14.17389,6.40,5.82E+00,8.15E+00,1.00E+01
13.85,35.64783,2.62,1.66E+01,2.85E+01,1.27E+01
6.44,11.64996,4.32,1.48E+01,5.01E-01,1.87E+01
28.88,13.05072,0.54,1.50E+01,2.21E+00,2.74E+01
43.35,26.17279,2.62,4.12E+01,2.21E+01,1.19E+00
4.95,52.86456,1.16,2.72E+01,1.04E+01,8.20E+00
11.14,38.23993,-0.02,9.85E+00,5.52E+00,9.96E+00
6.62,23.62244,7.76,1.55E+01,8.12E+00,8.11E+00
5.60,13.2467,4.46,2.76E+01,5.35E+00,1.78E+01
8.08,63.01868,3.33,2.16E+01,3.09E+01,3.33E+00
19.20,21.46307,2.70,4.57E+01,1.34E+01,3.42E+00
44.43,13.95654,-1.47,9.75E+00,2.57E+00,9.28E+00
8.19,37.39001,6.17,1.03E+01,1.62E+00,1.43E+00
9.41,21.43982,9.63,5.97E+00,4.24E+00,1.28E+01
4.53,11.62054,-0.03,1.01E+01,1.30E+00,7.78E+00
19.16,48.85986,2.12,1.56E+01,4.73E+00,9.90E-01
9.00,12.40192,-0.42,1.07E+01,3.06E+00,1.78E+01
7.90,13.64648,4.41,1.85E+01,6.01E+00,1.31E+00
8.50,8.415283,3.33,1.98E+01,3.68E+00,2.53E+00
24.30,7.073914,8.82,1.28E+01,8.57E+00,3.66E+00
42.49,17.75055,1.33,9.04E+00,1.39E+02,4.48E+00
15.63,26.60657,15.77,1.32E+01,5.98E+00,2.54E+00
54.80,40.17712,4.22,1.50E+01,3.31E+00,1.37E+01
7.43,17.41589,26.70,2.17E+01,3.19E+00,-9.70E-01
6.51,56.25745,5.93,3.28E+01,3.10E+00,3.09E+00
8.72,9.921814,0.62,3.00E+01,1.55E+01,5.49E-01
65.82,10.96301,-0.60,6.36E+00,3.88E+00,5.42E+01
29.31,9.099365,171.19,7.81E+00,3.21E+00,9.61E+00
15.33,18.55859,32.57,4.27E+01,4.93E+00,2.05E+01
8.63,17.8667,7.40,1.96E+01,2.38E+00,2.94E+00
17.69,27.43219,56.76,7.83E+00,1.69E+00,6.86E+00
8.39,18.45905,10.26,3.08E+01,5.11E+00,1.38E+01
51.97,39.38672,6.22,9.64E+00,9.87E+00,1.29E+01
34.93,12.77362,7.81,5.05E+01,2.70E+00,4.12E+01
68.41,31.70148,9.31,1.74E+01,3.07E+00,1.94E+00
13.93,9.766663,10.56,3.05E+01,1.10E+01,-2.64E-01
12.40,96.19336,17.19,2.15E+01,2.42E+01,2.68E+00
8.38,41.22437,6.08,3.69E+01,1.62E+01,1.27E+01
5.94,30.13403,5.73,2.02E+01,1.16E+01,9.43E+00
20.92,19.18158,5.90,2.86E+01,5.39E+00,6.81E+00
10.90,12.43628,25.33,5.38E+01,4.41E+00,1.84E+01
8.06,9.409302,3.41,1.92E+01,1.65E+01,7.37E+00
4.78,27.34583,20.36,2.34E+01,1.72E+00,5.82E+01
40.58,14.37769,3.07,1.20E+02,7.59E+00,1.01E+01
3.05,20.58997,3.01,1.74E+01,5.62E+00,1.93E+01
49.31,26.85797,6.91,2.02E+01,1.08E+00,-1.38E+00
12.29,51.23871,1.45,1.60E+01,7.15E+00,2.44E+01
6.17,17.72852,13.57,1.28E+01,1.21E+01,2.02E+00
8.12,22.01392,4.12,1.02E+01,4.24E+00,5.70E+00
9.75,12.61475,1.56,1.84E+01,1.94E-01,-1.59E+00
60.05,10.13953,30.21,2.27E+01,1.50E+01,3.35E+00
66.86,9.408813,6.99,2.34E+01,5.71E+00,9.37E+00
22.83,10.92847,1.02,1.59E+01,3.38E+00,8.20E+00
56.49,29.8725,3.83,2.43E+01,3.30E+00,1.36E+01
34.62,21.33661,13.30,8.85E+00,3.59E+00,9.16E+00
17.51,24.64105,2.85,2.48E+01,2.67E+00,1.05E+01
27.07,24.89362,1.79,1.45E+01,3.81E+00,2.29E+01
10.44,26.28705,5.35,1.39E+01,7.17E+00,2.33E+01
9.11,13.17517,6.32,8.85E+00,3.41E+00,1.23E+01
8.27,15.1712,35.88,4.14E+01,9.20E+00,6.92E+00
15.51,32.9458,3.33,7.00E+00,1.21E+01,3.33E+00
13.74,24.53387,3.91,1.59E+01,2.87E+00,6.40E+00
7.07,16.29059,5.85,3.31E+01,2.50E+00,3.41E+01
10.16,26.78326,2.96,9.66E+00,3.96E+00,7.56E+00
13.80,11.42218,4.32,1.17E+01,1.08E+01,5.09E+00
6.99,33.39746,33.10,9.53E+00,1.48E+01,8.32E+00
30.51,24.3576,10.21,1.45E+01,6.50E+00,3.28E+00
47.05,8.963196,7.77,1.24E+01,1.57E+01,1.10E+00
13.86,9.563477,6.09,3.75E+01,2.26E+01,-2.38E-01
11.97,19.57599,1.53,8.82E+00,3.72E+00,3.89E+00
46.75,14.39758,25.98,6.70E+00,7.10E+00,3.64E+01
56.59,78.18848,10.04,3.76E+01,1.25E+01,3.89E+00
44.34,45.59875,11.18,1.45E+01,7.67E+00,6.80E+00
115.36,15.65131,26.40,1.76E+01,9.67E+00,1.49E+00
22.78,10.82678,10.93,9.23E+00,4.11E+00,1.06E+00
20.35,57.61621,10.19,1.34E+01,3.97E+00,8.19E+00
9.60,24.30084,4.20,1.98E+01,7.53E+00,1.97E+00
36.50,21.20483,5.71,1.10E+01,2.54E+01,4.91E+00
39.63,9.404968,2.56,1.51E+01,1.99E+01,5.44E+00
9.43,9.02124,1.57,1.79E+01,6.24E+00,-4.31E+00
28.07,33.05731,16.29,1.67E+01,2.60E+01,9.76E+00
29.25,12.06146,5.30,1.09E+01,9.20E+00,2.57E+00
42.59,9.41687,1.57,2.47E+01,5.85E+00,1.79E+00
21.77,16.56299,4.12,1.02E+01,2.27E+01,1.54E+00
8.40,16.06403,20.49,1.57E+01,-3.64E-01,9.62E+00
7.99,53.72473,4.16,1.72E+01,1.68E+01,3.57E+01
13.18,25.00391,7.50,9.30E+00,1.34E+01,3.40E+00
13.78,8.323486,17.68,3.05E+01,4.05E+00,2.95E+01
12.85,8.45636,12.90,7.10E+00,2.20E+00,3.67E+00
4.92,1.52771,21.76,7.25E+00,8.08E+00,7.91E+00
3.88,3.142151,2.77,1.11E+01,9.17E+00,6.00E+00
1.46,2.553894,17.57,2.35E+01,8.72E+00,3.17E+01
2.76,11.11145,3.23,1.10E+01,5.79E+00,4.54E+00
8.43,4.409546,3.66,5.21E+00,3.65E+00,2.51E+01
-0.01,11.13092,2.98,1.03E+01,3.55E+00,1.11E+01
3.27,10.90582,38.95,1.04E+01,6.95E+00,1.41E+01
4.20,13.38562,5.90,7.40E+00,9.41E+00,1.34E+01
10.52,11.24512,4.21,1.07E+01,5.78E+00,5.43E+00
11.72,5.203369,11.96,1.04E+01,2.00E+00,4.70E+00
4.82,14.99316,1.06,1.59E+01,4.83E-01,2.54E+01
2.73,11.29565,2.12,1.10E+01,9.31E+00,8.67E+00
5.97,3.678406,15.96,4.80E+01,8.85E+00,8.67E+00
5.67,1.188477,3.08,1.55E+01,2.15E+00,2.84E+01
27.91,5.386719,4.45,7.08E+00,4.11E+00,1.45E+01
23.53,13.53656,1.85,5.00E+00,1.06E+01,1.04E+01
5.79,7.431763,3.55,1.21E+01,3.59E+00,7.99E+00
42.18,8.828796,2.15,2.18E+01,9.45E+00,7.61E+00
21.87,17.73877,4.66,5.48E+00,3.26E+01,3.57E+01
3.13,19.22797,7.51,1.82E+01,8.77E+00,1.43E+01
3.90,4.030029,17.62,2.01E+01,3.15E+01,9.00E+00
35.43,14.63403,3.04,5.80E+00,1.13E+01,9.16E+00
5.73,1.586731,2.19,4.65E+00,5.02E-01,1.13E+01
3.34,6.473267,2.56,1.04E+01,1.03E+00,1.47E+01
0.53,8.319214,3.00,7.91E+00,1.23E+01,3.61E+00
3.56,18.40399,1.68,1.48E+01,7.96E+00,1.16E+01
4.10,7.749634,3.64,6.57E+00,1.39E+01,1.98E+01
16.58,10.81116,9.21,9.84E+00,4.86E+00,2.57E+01
38.22,6.010437,5.18,1.32E+01,3.03E+00,2.76E+01
4.97,7.632935,4.37,1.55E+01,2.15E+00,1.05E+01
34.65,47.72882,12.51,6.58E+00,4.01E+00,1.16E+01
33.63,13.01013,6.57,1.68E+01,4.17E+00,2.58E+01
4.21,4.410461,4.88,2.27E+01,2.99E+00,9.83E+00
4.66,4.191833,6.32,1.23E+01,4.90E+00,1.33E+01
37.34,4.784851,5.63,7.25E+00,3.68E+00,9.95E+00
11.82,13.07166,4.40,1.01E+01,2.78E+00,4.79E+00
2.94,33.5304,14.32,1.04E+01,7.14E+00,6.26E+00
0.27,5.409119,1.57,3.08E+01,2.92E+00,7.57E+00
7.63,4.67627,9.56,6.16E+01,3.21E+00,1.32E+01
2.54,21.87677,2.90,1.03E+01,3.86E+01,2.91E+00
6.49,11.30707,7.59,1.27E+01,2.59E+00,2.81E+01
22.32,7.36145,22.37,1.01E+01,1.76E+01,1.93E+01
19.04,10.18292,12.46,1.51E+01,2.60E+01,8.77E+00
4.21,7.551208,2.32,7.85E+00,5.75E+00,6.65E+00
27.73,6.371948,1.78,3.76E+00,4.32E+00,9.24E+00
2.75,3.154846,11.00,3.69E+01,4.17E+01,1.35E+01
-0.75,10.11542,7.30,9.75E+00,-4.63E-01,1.01E+01
2.02,6.979919,10.06,1.42E+01,2.72E+00,2.41E+01
2.31,21.34015,4.74,7.13E+00,5.56E+01,1.11E+01
3.64,6.980835,10.70,1.81E+01,9.40E+00,1.45E+01
3.86,8.981384,4.62,7.61E+01,6.13E+00,8.20E+00
11.61,7.980103,31.21,1.01E+01,7.86E+00,1.11E+02
20.39,11.1629,4.57,1.30E+01,6.54E+00,7.59E+00
4.10,19.69141,1.90,7.19E+00,1.26E+01,6.30E+00
4.93,9.195557,9.84,1.79E+01,1.15E+01,7.11E+00
3.19,1.804871,19.49,2.74E+01,1.48E+01,5.61E+00
3.29,22.63647,26.47,1.46E+01,1.02E+01,5.80E+00
4.26,4.562134,5.43,2.58E+01,1.45E+01,8.49E+00
62.87,20.93036,12.75,1.95E+01,2.00E+01,5.50E+00
16.90,15.3075,6.33,6.20E+00,1.31E+00,3.35E+00
2.98,17.79474,2.18,4.67E+00,3.65E+00,2.63E+01
19.52,4.13916,-0.60,3.88E+01,3.74E-01,1.08E+01
5.55,10.82727,6.07,2.47E+01,4.21E+01,8.80E+00
6.07,8.529663,7.69,1.38E+01,5.79E+00,4.65E+00
-1.36,1.548218,3.90,1.08E+01,4.17E+00,4.52E+01
0.78,24.2912,14.65,1.33E+01,2.05E+00,9.98E+00
3.74,6.290649,14.08,6.50E+00,1.30E+00,1.00E+01
10.56,3.47937,10.06,4.78E+00,4.74E+01,1.36E+01
15.66,8.965698,1.19,1.85E+01,2.03E+01,8.56E+00
1.04,21.09631,18.09,2.46E+01,8.86E+00,1.14E+01
0.40,9.473389,3.76,4.46E+00,3.22E+00,5.46E+00
-1.76,2.651184,3.85,1.20E+01,8.36E+00,1.03E+01
13.34,1.079285,3.52,7.60E+01,1.88E+00,2.24E+01
7.50,12.68146,13.60,1.18E+01,1.11E+01,1.16E+01
9.91,10.17493,5.68,7.27E+00,2.44E+01,1.72E+01
7.01,4.7854,44.30,7.16E+00,4.72E+00,1.12E+01
13.10,8.338501,6.57,4.97E+01,5.07E+00,1.11E+01
13.59,2.656006,10.01,9.74E+00,4.44E+00,2.41E+01
12.22,8.505981,14.61,7.98E+00,4.35E+00,1.28E+01
7.43,12.36163,4.62,7.45E+00,1.22E+00,5.44E+01
1.94,18.62738,3.85,2.01E+01,1.74E+01,3.57E+01
6.35,7.873169,7.31,8.46E+01,4.28E+00,1.50E+01
15.84,2.468628,5.59,9.39E+00,3.01E+00,1.22E+01
8.43,13.17639,7.26,5.85E+00,2.38E+00,1.40E+01
54.35,1.2547,6.90,2.28E+01,6.33E+00,5.41E+01
15.99,8.352417,5.49,1.35E+01,1.41E+00,2.24E+01
29.32,7.382446,2.17,1.05E+02,-1.87E-02,1.25E+01
11.03,72.32343,4.24,1.27E+01,-4.62E-01,1.38E+01
11.36,4.509155,2.91,2.09E+01,-1.05E+00,1.28E+01
4.86,5.31012,36.20,9.96E+00,1.01E+00,4.40E+01
43.12,4.852661,4.92,3.65E+01,1.54E+00,1.91E+01
-0.95,0.9592285,0.57,1.98E+01,6.18E+00,3.65E+01
26.46,5.926514,6.78,6.67E+00,2.96E+00,1.45E+01
38.57,19.78455,9.31,1.57E+01,6.09E+00,1.71E+01
20.80,18.73328,4.14,1.59E+01,1.09E+01,2.17E+01
7.40,7.85968,2.78,2.96E+01,2.14E-01,3.15E+01
21.88,21.2478,5.77,1.11E+01,7.35E+00,1.96E+01
25.43,11.74554,3.91,8.55E+00,1.11E+00,3.00E+01
0.91,11.03137,5.11,6.37E+01,3.75E+00,1.54E+01
7.63,7.844116,10.68,2.70E+01,2.32E+00,1.83E+01
3.49,18.87317,3.24,2.40E+01,1.23E+01,1.15E+01
3.31,4.479492,3.52,4.13E+00,1.69E+01,1.32E+01
30.03,10.76263,5.91,2.83E+01,4.35E+00,1.53E+01
2.71,7.584351,2.09,5.50E+00,1.80E+01,1.28E+01
15.26,66.3949,4.43,3.40E+00,2.24E+01,1.69E+01
36.36,24.14789,30.85,2.30E+01,4.21E+00,1.56E+01
6.68,8.930908,27.49,5.22E+00,4.14E+01,3.64E+01
4.56,15.15881,3.84,5.53E+00,1.19E+00,1.08E+01
2.79,33.79535,3.59,2.31E+01,1.04E+01,2.22E+01
2.17,5.768066,4.65,8.42E+00,3.42E+00,1.42E+01
-0.95,22.19391,8.66,3.79E+00,4.03E+00,1.50E+01
8.40,15.68787,1.88,4.71E+00,2.18E+00,1.35E+01
25.04,36.93274,34.47,8.23E+00,1.51E+00,1.72E+01
27.01,27.31055,5.69,3.34E+00,2.14E+01,2.37E+01
5.74,16.08514,27.52,5.95E+00,5.84E+00,1.49E+01
19.38,31.60547,6.73,4.18E+00,6.84E+00,1.34E+01
7.62,10.92621,2.00,1.82E+01,2.37E+00,1.42E+01
14.43,6.157349,3.49,1.02E+01,1.98E+00,1.11E+01
4.24,4.021484,5.15,8.02E+00,3.60E-01,6.77E+01
-1.25,4.616516,10.79,2.14E+01,-1.02E+00,1.65E+01
12.80,4.192078,15.03,4.24E+01,1.99E+01,3.31E+01
5.48,0.1312256,5.49,9.30E+00,1.38E+00,3.44E+01
5.21,66.03027,4.26,4.16E+01,1.91E+00,2.63E+01
1.15,8.924805,11.54,2.49E+01,4.66E+00,1.47E+01
3.57,30.13556,6.61,4.22E+00,4.29E-01,3.14E+01
1.00,1.664795,9.94,1.60E+01,-5.00E+00,3.35E+01
0.52,5.118225,10.98,4.90E+00,4.05E+00,4.94E+01
9.01,0.5196533,2.92,2.60E+00,6.00E+00,1.73E+01
2.76,4.061646,4.90,1.37E+01,3.64E+00,1.91E+01
35.35,30.05078,2.81,4.83E+00,2.53E+01,1.93E+01
15.10,61.22559,4.48,5.99E+01,-7.24E-01,1.40E+01
8.73,9.347595,2.09,4.75E+01,1.82E+00,1.80E+01
5.32,19.13013,0.55,2.98E+01,2.26E+00,1.29E+01
6.29,16.78845,4.02,1.93E+01,7.37E+00,2.30E+01
3.92,22.15497,10.75,1.68E+01,-3.93E-01,2.09E+01
2.02,5.531799,10.19,6.68E+00,3.98E+00,3.02E+01
2.27,3.061584,18.97,3.49E+00,5.20E+00,1.47E+01
0.93,4.900208,5.68,3.87E+01,3.56E+00,2.14E+01
18.95,9.284241,24.02,4.55E+01,3.58E-01,1.77E+01
5.44,41.13843,4.55,2.62E+01,7.74E+00,1.55E+01
4.67,60.25378,5.56,5.11E+00,4.09E+00,1.55E+01
10.80,25.41394,7.82,7.22E+00,7.26E+00,2.76E+01
8.68,6.5177,10.33,2.48E+01,2.90E+00,1.45E+01
17.28,12.86578,17.84,7.76E+00,2.45E+00,1.51E+01
22.03,60.02057,5.08,4.41E+01,-1.16E+00,1.19E+01
31.96,2.345764,22.29,9.40E+00,3.39E+00,2.99E+01
8.19,19.91193,26.88,1.22E+01,1.41E+01,3.07E+01
7.73,20.72107,34.66,6.28E+00,8.03E+01,1.36E+01
4.09,8.542175,34.23,5.29E+00,1.09E+01,1.51E+01
29.35,4.457092,8.47,1.06E+01,1.82E+00,1.59E+01
5.33,4.976379,14.02,1.62E+02,1.24E+00,2.10E+01
7.86,1.935547,5.18,6.36E+00,2.99E+00,1.35E+01
1.57,21.49982,3.11,1.37E+01,3.43E+00,1.36E+01
2.78,34.29907,44.78,2.33E+01,1.05E+01,2.82E+01
7.30,8.012573,6.62,2.10E+01,6.20E+00,1.30E+01
1.73,21.94781,17.38,4.02E+00,1.13E+01,1.21E+01
16.19,23.84344,4.12,5.43E+00,3.31E+00,1.54E+01
2.60,9.991455,4.95,4.37E+01,4.91E+00,1.10E+01
16.57,5.220276,15.50,2.49E+00,3.43E+00,2.50E+01
41.56,5.986633,6.49,4.61E+01,1.09E+01,2.35E+01
15.11,9.175842,4.28,4.54E+00,2.07E+00,1.31E+01
5.53,14.7478,6.86,7.56E+00,8.59E+00,4.75E+01
8.98,22.83319,2.71,2.77E+00,5.91E+00,1.87E+01
13.49,28.56702,9.36,3.72E+01,-4.76E-01,1.83E+01
1.06,7.534424,16.75,1.45E+01,2.05E+01,3.35E+01
0.90,7.137024,21.90,5.12E+01,2.93E+01,1.17E+01
13.69,13.0014,8.57,8.12E+00,1.98E+00,1.26E+01
5.95,10.09192,6.06,2.53E+01,4.61E+00,1.10E+01
2.77,2.175049,17.14,1.73E+01,2.11E+00,1.02E+01
0.52,6.755005,5.30,1.79E+01,3.04E+00,7.77E+00
-0.24,8.98468,1.91,1.41E+01,2.28E+01,9.17E+00
7.23,9.641907,15.94,6.11E+01,3.44E+01,1.73E+01
12.71,3.682922,26.40,1.01E+01,3.66E+00,9.48E+00
4.72,11.86871,47.17,5.24E+00,3.52E+01,6.22E+00
42.15,10.99103,3.51,1.28E+01,2.86E+01,2.45E+01
8.47,6.85022,5.18,2.09E+01,3.98E+00,8.38E+00
1.11,5.944214,6.93,4.37E+00,6.44E-01,6.18E+00
0.99,3.37854,3.48,7.68E+00,3.25E+00,8.45E+00
6.07,32.4129,1.42,5.85E+00,8.85E-01,5.45E+01
8.42,9.295105,3.05,5.88E+01,5.31E+00,1.83E+01
17.79,22.94739,3.66,3.62E+01,4.23E+00,1.91E+01
12.52,5.571899,15.25,9.28E+00,3.22E+00,1.20E+01
1.91,11.6167,4.82,4.28E+01,1.90E+01,1.66E+01
7.93,13.73242,24.22,1.06E+01,6.15E+00,2.55E+01
46.57,19.62036,3.34,9.71E+00,1.18E+01,3.61E+01
9.72,29.18988,2.37,1.17E+01,2.19E+01,1.62E+01
13.58,31.01465,4.32,4.43E+01,2.72E+00,3.76E+01
12.63,17.40369,13.60,1.46E+01,1.77E+00,3.88E+01
2.74,-1.110779,4.71,3.73E+01,2.38E+01,6.46E+01
5.14,6.944885,3.35,1.39E+01,1.90E+01,3.49E+01
-2.91,19.94086,4.28,8.88E+00,2.72E+00,2.50E+01
4.92,40.15442,3.31,5.31E+01,2.46E+01,9.72E+00
-5.20,26.96661,11.46,1.03E+01,4.16E+01,3.33E+00
-4.04,13.64899,19.37,2.27E+01,2.65E+01,1.87E+01
-4.20,2.592957,8.20,6.45E+01,4.51E+00,1.03E+01
9.17,31.81232,7.03,7.52E+00,9.84E+00,8.70E+00
-6.47,4.752686,15.42,2.93E+00,1.40E+00,5.30E+00
-2.14,8.800049,1.78,4.03E+00,4.41E+01,6.60E+00
-6.94,57.14441,3.46,4.51E+00,5.69E+00,9.56E+00
-4.46,10.66064,10.84,2.99E+01,1.50E+01,9.33E+00
16.77,16.88617,95.09,1.42E+01,9.27E+00,1.03E+01
-10.25,11.15271,13.53,9.05E+00,7.35E+00,1.90E+01
-12.80,14.41229,22.79,1.27E+01,1.57E+00,7.91E+00
3.08,9.885376,77.66,3.29E+01,2.66E+01,2.12E+01
6.57,15.76428,140.35,5.82E+00,4.46E+00,1.81E+01
-5.79,6.496338,181.85,1.07E+01,-1.30E+00,1.67E+01
-7.30,9.35675,43.70,6.15E+00,7.33E+00,6.44E+00
5.89,4.040283,21.81,1.02E+01,8.10E+00,9.72E+00
-2.40,6.272339,12.07,1.39E+01,1.21E+01,9.75E+00
14.97,2.540955,4.97,3.81E+00,-7.64E-01,3.63E+01
29.01,23.01746,25.62,7.51E+00,2.18E+00,1.11E+01
-7.69,5.543701,25.12,1.11E+01,5.08E+01,3.66E+01
10.00,2.386597,9.92,6.27E+00,8.61E+00,5.67E+01
8.47,5.125,10.86,5.09E+00,8.34E-01,1.61E+01
-13.28,10.4353,8.43,1.01E+01,1.11E+00,4.38E+01
-7.36,23.88885,13.14,6.87E+00,5.18E+00,1.46E+01
51.74,4.644165,93.52,6.45E+00,7.92E+00,8.41E+01
89.11,18.66565,7.33,4.78E+01,9.19E+00,2.16E+01
26.13,49.25366,37.29,2.11E+00,2.32E+00,5.16E+00
25.27,10.86713,13.56,7.46E+00,1.26E+00,1.04E+01
12.44,9.872559,8.33,1.83E+01,1.48E+00,1.06E+01
2.20,1.984436,18.20,2.17E+01,3.11E+00,1.56E+01
-0.94,30.83801,27.41,7.06E+00,2.15E+01,5.49E+00
-5.42,9.135742,11.37,4.90E+00,7.58E+00,2.14E+01
-15.20,3.172791,13.88,5.26E+01,1.61E+01,1.06E+01
12.18,2.26001,7.34,4.69E+01,4.17E+00,3.17E+01
-3.36,1.206848,7.04,6.66E+00,2.05E+01,1.39E+01
-6.22,5.749451,53.55,4.43E+00,8.36E+00,1.33E+01
-11.31,1.504761,45.70,4.83E+01,6.28E+00,5.71E+00
-8.76,13.3573,7.96,8.71E+00,2.37E+00,1.00E+01
5.90,2.67157,20.84,1.75E+01,2.12E+00,1.25E+01
5.27,4.619507,11.83,8.79E+00,8.10E+00,6.81E+01
-5.70,4.545471,38.12,6.78E+00,3.61E+01,1.17E+01
-1.12,5.074829,15.67,3.37E+00,7.53E+00,1.00E+01
,16.40979,49.20,,3.96E+01,
,6.700867,4.85,,1.95E+01,
,3.033264,7.40,,3.94E+00,
,5.350891,6.65,,7.86E+00,
,4.243958,10.38,,7.39E+00,
,12.75867,9.01,,1.08E+01,
,3.763794,8.75,,1.13E+01,
,8.558228,11.59,,3.69E+01,
,9.289062,9.90,,2.65E+00,
,7.415649,8.03,,4.11E+01,
,25.02051,9.30,,1.73E+01,
,26.67523,9.15,,7.70E+00,
,7.469116,7.41,,7.81E+00,
,25.16583,6.00,,5.01E+00,
,25.93994,24.48,,4.88E+00,
,21.77185,13.58,,1.16E+01,
,16.83276,24.01,,3.26E+01,
,8.533142,7.83,,5.53E+01,
,8.526733,6.25,,1.25E+01,
,3.935303,9.06,,3.86E+01,
,56.83875,18.55,,1.33E+01,
,43.79889,8.66,,3.43E+00,
,5.906677,78.87,,1.62E+01,
,10.35901,17.28,,9.24E+00,
,57.42657,8.35,,7.46E+00,
,4.249451,23.39,,2.09E+01,
,3.745178,13.52,,2.86E+01,
,2.232666,13.15,,1.12E+00,
,8.762573,5.52,,7.71E+00,
,0.8634033,22.06,,7.59E+00,
,18.16327,6.85,,2.26E+01,
,36.23499,13.33,,1.06E+01,
,20.46881,31.14,,1.40E+01,
,12.37646,14.37,,1.29E+01,
,10.27979,7.32,,6.49E+00,
,25.25793,8.94,,1.12E+02,
,2.542786,15.77,,3.22E+01,
,4.968628,6.85,,7.34E+00,
,12.81628,25.66,,6.22E+00,
,3.757385,18.75,,3.20E+01,
,26.53351,21.21,,6.32E+00,
,12.97656,8.87,,4.84E+00,
,2.732056,8.10,,1.44E+01,
,2.990051,10.78,,1.29E+00,
,4.983521,5.07,,1.43E+01,
,23.04846,8.99,,1.68E+01,
,10.73169,6.08,,5.15E+01,
,8.655396,6.98,,3.88E+01,
,7.38739,15.10,,3.96E+00,
,8.69989,5.82,,6.21E+00,
,27.48071,9.45,,1.45E+01,
,18.69879,11.76,,5.96E+00,
,30.46118,5.91,,1.12E+01,
,24.83234,9.29,,9.42E+00,
,24.04266,11.42,,4.29E+00,
,17.76221,13.20,,1.01E+01,
,4.921387,11.17,,1.92E+01,
,8.728577,50.87,,4.34E+00,
,9.397095,5.69,,5.70E+00,
,30.78302,13.16,,1.22E+01,
,75.39624,6.58,,5.28E+01,
,10.17896,8.70,,3.30E+00,
,12.63354,,,,
,4.04071,,,,
,2.567444,,,,
,2.379028,,,,
,3.492126,,,,
,-0.3060303,,,,
,3.631958,,,,
,40.99475,,,,
,-0.7018433,,,,
,0.993103,,,,
,3.104187,,,,
,-0.3807373,,,,
,3.393799,,,,
,11.27106,,,,
,61.56036,,,,
,2.203918,,,,
,5.339294,,,,
,6.283081,,,,
,3.877563,,,,
,2.434875,,,,
,28.21252,,,,
,9.345215,,,,
,8.016052,,,,
,7.345032,,,,
,4.050476,,,,
,11.02563,,,,
,25.50641,,,,
,5.847412,,,,
,5.579773,,,,
,24.91217,,,,
,11.19543,,,,
,12.90662,,,,
,49.68994,,,,
,11.87811,,,,
,32.82068,,,,
,12.28583,,,,
,6.452454,,,,
,4.720337,,,,
,5.374207,,,,
,15.88922,,,,
,3.803345,,,,
,6.564087,,,,
,13.48199,,,,
,5.572937,,,,
,6.306946,,,,
,7.470398,,,,
,95.06226,,,,
,5.023254,,,,
,16.71204,,,,
,27.85345,,,,
,3.951416,,,,
,5.543457,,,,
,6.230469,,,,
,13.45886,,,,
,6.671753,,,,
,8.71814,,,,
,113.3375,,,,
,46.25574,,,,
,49.58142,,,,
,13.56665,,,,
,16.63831,,,,
,6.320129,,,,
,45.33118,,,,
,6.745178,,,,
,12.98236,,,,
,3.997498,,,,
,18.88257,,,,
,8.042603,,,,
,3.374512,,,,
,17.34125,,,,
,12.50171,,,,
,16.27002,,,,
,11.38605,,,,
,4.429016,,,,
,12.97662,,,,
,9.271545,,,,
,51.66022,,,,
,13.09021,,,,
,10.12109,,,,
,8.291565,,,,
,15.99548,,,,
,6.705872,,,,
,8.036682,,,,
,40.27661,,,,
,16.51385,,,,
,49.45654,,,,
,182.0034,,,,
,24.65222,,,,
,16.96057,,,,
,7.726746,,,,
,7.580933,,,,
,12.60736,,,,
,5.596252,,,,
,8.367249,,,,
,9.760254,,,,
,10.67737,,,,
,2.459106,,,,
,8.906006,,,,
,62.13562,,,,
,6.421875,,,,
,15.79877,,,,
,4.377808,,,,
,29.53674,,,,
,5.864441,,,,
,18.45599,,,,
,13.65894,,,,
,9.13916,,,,
,91.04944,,,,
,0.5408936,,,,
,12.54688,,,,
,3.017517,,,,
,3.998779,,,,
,2.554626,,,,
,6.591309,,,,
,7.178772,,,,
,7.481079,,,,
,7.131287,,,,
,11.33374,,,,
,9.095398,,,,
,10.27509,,,,
,27.08026,,,,
,39.05811,,,,
,2.869568,,,,
,13.60065,,,,
,12.07196,,,,
,10.66492,,,,
,6.57196,,,,
,3.513733,,,,
,15.92664,,,,
,7.766541,,,,
,3.327393,,,,
,1.527649,,,,
,5.025757,,,,
,31.25641,,,,
,36.48419,,,,
,7.410278,,,,
,24.26349,,,,
,15.65192,,,,
,2.177307,,,,
,5.143311,,,,
,9.937134,,,,
,0.05865479,,,,
,23.71588,,,,
,2.205444,,,,
,26.8327,,,,
,14.19122,,,,
,5.929993,,,,
,1.00769,,,,
,0.8411255,,,,
,5.295288,,,,
,9.405579,,,,
,1.739807,,,,
,7.584412,,,,
,6.961426,,,,
,17.15137,,,,
,33.74945,,,,
,4.680725,,,,
,4.54364,,,,
,11.95972,,,,
,5.384766,,,,
,3.150269,,,,
,2.579224,,,,
,37.82672,,,,
,12.00171,,,,
,1.65686,,,,
,12.81738,,,,
,13.34485,,,,
,14.16388,,,,
,11.46198,,,,
,9.265137,,,,
,17.99475,,,,
,17.10797,,,,
,6.564758,,,,
,9.280579,,,,
,13.94244,,,,
,4.989441,,,,
,10.2019,,,,
,5.446899,,,,
,12.92004,,,,
,2.025635,,,,
,3.274658,,,,
,6.283875,,,,
,1.396667,,,,
,5.143921,,,,
,22.12231,,,,
,50.10052,,,,
,4.644592,,,,
,4.733215,,,,
,1.068176,,,,
,17.74042,,,,
,32.68353,,,,
,6.293701,,,,
,25.93262,,,,
,4.149048,,,,
,2.547485,,,,
,2.085815,,,,
,41.74768,,,,
,37.93463,,,,
,4.691284,,,,
,5.776978,,,,
,24.60358,,,,
,2.36145,,,,
,3.32605,,,,
,10.56683,,,,
,9.083923,,,,
,11.58313,,,,
,20.47192,,,,
,9.244934,,,,
,22.41699,,,,
,12.83685,,,,
,21.31537,,,,
,25.43066,,,,
,8.418457,,,,
,-0.3682861,,,,
,15.36566,,,,
,14.87427,,,,
,24.29004,,,,
,3.367859,,,,
,19.30695,,,,
,25.28314,,,,
,8.754272,,,,
,30.17059,,,,
,2.514526,,,,
,14.03516,,,,
,14.2406,,,,
,13.34918,,,,
,15.12256,,,,
,78.27551,,,,
,26.23425,,,,
,8.793335,,,,
,14.89606,,,,
,12.07013,,,,
,0.9590454,,,,
,3.366333,,,,
