11:00,11:35,12:15,12:50,1:25,2:00
28.85,-2.00,-2.80,4.67E+00,1.73E+01,5.47E-01
17.27,2.62,27.46,1.28E+01,2.94E+01,-3.59E+00
13.11,-6.88,21.65,2.51E+01,4.66E+00,7.21E+00
16.47,-15.71,2.86,4.03E+00,9.80E+00,8.46E-01
8.10,-2.83,6.89,4.89E+01,4.10E+01,6.14E+00
10.62,-5.87,12.32,6.56E+01,2.72E+00,3.84E+00
2.90,-2.89,15.21,2.36E+01,8.78E+00,2.51E+00
5.99,0.47,4.63,5.99E+00,1.68E+01,6.85E+00
9.83,1.62,11.85,1.34E+01,2.92E+01,6.41E+00
-0.92,-9.57,-0.99,5.52E+01,6.58E+00,6.58E-01
10.00,-10.14,6.43,1.73E+01,2.97E+01,1.33E+01
-5.00,-4.37,1.83,7.49E+00,1.04E+01,7.05E+00
8.94,-43.87,2.93,2.02E+01,1.23E+01,2.67E+00
-0.29,42.38,13.02,1.20E+01,9.61E+00,1.01E+01
18.58,-0.05,18.67,1.76E+00,8.50E+00,5.45E+00
8.05,65.99,1.12,1.26E+01,5.67E+00,6.06E+00
4.13,45.87,5.55,9.50E+00,9.40E+00,3.28E+00
56.02,34.28,9.74,2.61E+01,1.54E+01,3.32E+00
100.61,31.16,79.09,8.66E+00,8.89E+01,1.56E+00
34.61,-3.07,11.99,1.38E+01,9.20E+00,3.31E+00
2.78,-13.05,12.85,1.63E+01,1.22E+01,-1.28E+00
15.70,98.70,4.00,1.61E+01,3.57E+00,3.88E+00
26.88,469.21,1.53,1.48E+01,3.39E+00,1.84E+01
9.98,254.30,27.84,6.97E+00,2.16E+01,-1.21E+00
17.75,172.80,12.73,2.32E+00,2.79E+01,-1.77E-01
13.98,29.00,2.57,3.57E+00,1.42E+01,4.63E+00
-1.67,53.63,12.53,9.64E-02,1.31E+01,7.08E+00
28.33,7.14,33.06,1.12E+01,2.21E+01,3.26E+01
5.48,21.49,31.22,3.77E+00,1.35E+00,2.27E+01
2.61,12.98,0.25,3.37E+00,5.68E+01,5.58E+00
27.47,7.57,8.72,1.14E+01,8.38E+00,1.52E+00
13.59,3.46,7.73,6.72E+00,3.49E+01,1.37E+01
25.49,5.78,18.11,7.96E+00,2.06E+01,1.11E+01
4.81,2.70,-3.27,1.92E+01,6.07E+00,-6.58E+00
25.34,-2.84,29.80,1.01E+01,2.15E+01,1.66E+01
8.65,-4.00,12.44,2.86E+00,1.13E+00,-1.48E+00
34.43,3.22,11.05,2.85E+00,1.34E+01,1.82E+00
25.39,-6.85,38.16,4.28E+00,1.24E+01,9.48E+00
14.80,24.10,4.91,2.45E+00,7.60E+00,3.15E+00
14.09,-5.58,-0.64,1.82E+01,1.39E+01,1.34E+01
7.71,3.16,-2.57,1.58E+01,1.04E+00,8.63E+00
5.79,7.20,9.40,1.24E+01,-3.74E+01,-6.34E-01
77.24,8.60,80.21,1.55E+00,3.37E+01,-2.54E+00
24.21,7.20,7.50,8.40E+00,1.24E+01,1.42E+01
4.85,1.99,4.29,1.49E+01,-3.32E+00,3.30E+00
5.49,5.54,23.71,1.35E+01,2.30E+01,1.21E+01
11.58,58.60,4.98,1.05E+01,1.63E+01,1.20E+00
14.59,11.33,0.24,3.39E+01,4.58E+00,-2.64E+00
5.19,3.92,-1.76,2.27E+01,1.11E+01,1.39E+00
-5.81,10.17,7.74,1.15E+01,-1.37E+01,9.16E+00
-2.53,52.18,9.28,3.70E+01,-1.75E+00,9.61E+00
40.31,7.74,4.71,1.33E+01,-3.60E+01,1.00E+00
18.43,2.00,25.75,1.13E+01,-1.58E+01,1.96E+01
46.09,4.55,40.84,1.19E+01,1.27E+01,1.78E+01
6.53,20.10,22.07,9.69E+00,7.97E-01,-3.54E+00
2.53,-2.34,22.96,9.42E+00,9.13E+00,3.09E+00
-5.19,-2.41,3.38,1.23E+01,4.30E+00,2.99E+01
-4.16,-5.72,16.10,2.17E+01,-2.71E+00,-2.75E+00
-1.75,5.78,7.32,2.21E+01,-6.33E+00,-3.61E+00
17.57,29.08,1.93,1.40E+01,1.38E+00,3.02E+00
6.09,6.71,11.94,3.25E+01,-2.57E+00,8.18E+00
14.47,29.53,2.15,2.40E+01,2.25E+00,-9.23E-01
5.47,16.65,-7.25,7.22E+00,1.71E-01,-1.14E+00
24.45,55.54,33.03,4.91E+01,4.39E+00,-3.88E+00
36.74,17.33,-4.60,1.23E+01,-2.59E+00,-4.14E-01
11.47,19.34,5.82,1.01E+01,-4.45E+00,8.93E+00
0.12,21.61,10.47,1.07E+01,-2.05E+00,6.21E+00
7.25,9.11,6.56,1.75E+01,-2.45E+00,9.61E-02
7.40,3.31,2.95,1.35E+01,1.07E+01,5.91E+00
-4.20,12.11,-2.81,7.43E+00,6.26E+00,-4.68E+00
14.20,34.90,10.58,2.93E+01,9.64E+00,-6.50E-01
4.73,16.25,1.42,4.54E+01,4.90E+00,6.75E+00
-2.31,15.43,10.29,1.73E+01,3.47E+01,1.54E+01
4.62,6.02,-4.49,4.17E+01,1.39E+01,4.33E+00
13.66,8.79,11.91,1.76E+01,2.02E+01,-5.16E+00
-1.41,7.06,15.96,2.62E+01,4.05E+01,-2.49E+00
11.48,3.98,6.00,1.52E+01,7.68E+01,-3.27E+00
-1.14,4.94,-0.25,1.44E+01,2.85E+01,-7.57E+00
0.03,16.75,8.65,4.05E+01,2.30E+01,-5.54E+00
29.34,3.38,-5.49,4.45E+01,4.55E+01,5.63E+00
1.03,31.55,34.96,6.38E+00,1.10E+01,2.81E+00
41.51,17.71,14.31,9.36E+00,1.90E+01,2.54E+00
8.30,77.92,-0.65,5.23E+00,3.06E+01,1.72E+01
28.12,48.71,-0.56,5.63E+01,2.97E+01,-4.58E+00
34.41,8.94,0.73,1.73E+01,2.28E+01,-3.90E+00
36.07,3.16,2.76,2.61E+00,2.02E+01,-1.09E+00
12.81,27.87,14.42,9.45E+00,3.31E+01,5.48E+00
3.10,33.45,30.81,1.42E+01,1.72E+01,1.42E+01
35.04,42.04,7.48,8.15E-01,9.95E+00,8.66E+00
20.45,31.28,10.97,1.20E+01,1.85E+01,1.33E+01
10.02,47.82,5.55,1.80E+01,4.06E+01,5.98E+00
1.98,65.78,-0.98,1.82E+01,2.72E+01,-7.56E+00
9.89,20.77,6.39,2.51E+01,2.65E+01,2.51E+01
2.23,24.29,1.10,3.56E+00,5.73E+01,-1.10E+00
5.01,17.04,1.43,9.15E+00,2.31E+01,-1.44E+00
14.52,19.16,4.91,1.36E+01,2.51E+01,1.48E+01
7.18,37.53,2.02,1.18E+01,1.60E+01,1.46E+01
18.06,27.98,5.26,1.55E+01,4.87E+01,9.19E+00
16.93,14.60,21.71,1.13E+01,2.21E+01,1.58E+00
10.27,36.97,15.67,2.99E+01,2.36E+01,2.12E+01
6.83,38.36,3.37,3.19E+01,8.35E+01,4.18E+01
5.26,21.16,6.19,1.28E+01,2.79E+01,1.24E+01
2.87,13.61,26.00,1.16E+01,3.08E+01,5.68E+01
33.45,63.66,114.36,1.09E+01,3.66E+01,1.38E+01
14.15,10.92,-0.14,8.69E+00,2.12E+01,2.13E+00
23.72,16.51,26.55,1.00E+00,8.33E+01,2.60E+01
7.66,7.96,6.19,4.90E+01,2.95E+01,5.39E+01
10.24,13.02,1.52,5.12E+00,1.92E+01,3.54E+00
17.80,13.52,8.79,1.68E+01,3.08E+01,7.12E+00
38.80,13.33,31.56,8.53E+00,2.98E+01,6.02E+00
12.97,2.26,-0.35,1.77E+01,2.48E+01,1.15E+01
0.97,8.11,7.53,1.82E+01,2.26E+01,1.69E+01
6.61,3.49,-7.60,1.65E+01,2.12E+01,1.59E+02
8.92,4.29,2.14,1.65E+01,8.28E+01,4.54E+00
57.58,10.59,7.16,1.16E+01,3.54E+01,1.87E+00
6.83,10.18,30.71,2.17E+01,2.84E+01,1.75E+00
35.49,60.93,65.58,1.92E+01,5.45E+01,4.96E+00
13.96,23.20,39.63,1.32E+01,2.26E+01,-4.91E-01
5.98,11.36,8.11,1.60E+01,2.33E+01,5.41E+00
-2.04,13.47,0.74,1.22E+01,2.72E+01,1.12E+00
7.53,23.71,0.64,8.22E+00,2.89E+01,2.48E+01
14.14,9.19,35.81,3.10E+01,2.43E+01,2.31E+01
38.76,16.82,0.03,2.11E+01,2.32E+01,-2.61E+00
36.95,18.94,23.60,1.27E+01,3.18E+01,-3.71E+00
15.58,19.48,-4.05,2.56E+01,1.64E+01,7.27E+00
28.55,14.81,10.81,2.81E+01,1.93E+01,2.07E+01
12.22,18.72,7.33,1.80E+01,4.16E+01,-2.78E+00
8.99,9.54,25.97,8.69E+00,2.63E+01,-2.06E+00
6.27,12.71,3.39,1.27E+01,2.97E+01,-8.92E+00
0.58,19.41,6.30,1.34E+00,6.19E+01,-1.75E+00
39.71,7.63,1.09,2.00E+01,2.37E+01,3.74E+00
3.91,18.25,3.50,1.50E+01,7.55E+01,-5.30E+00
12.13,51.32,11.65,1.31E+01,2.18E+01,-8.44E+00
37.10,27.84,18.44,1.24E+01,1.25E+02,-6.45E+00
3.22,19.77,5.38,8.59E+00,3.15E+01,-2.97E+00
0.21,207.10,48.75,1.80E+01,3.16E+01,-7.00E+00
65.21,27.62,9.11,2.80E+00,6.65E+01,-5.86E+00
34.83,43.81,13.43,1.10E+01,2.83E+01,1.00E+00
1.28,25.81,11.18,4.73E+01,4.36E+01,-8.00E+00
35.25,9.89,5.33,2.72E+01,3.52E+01,6.44E+00
14.45,25.32,7.97,2.94E+01,2.93E+01,-7.61E+00
5.62,23.54,58.33,1.13E+01,2.41E+01,-3.09E+00
3.86,48.74,28.53,5.91E+00,2.76E+01,6.11E+00
5.25,21.83,4.16,1.55E+01,4.50E+01,-5.34E+00
17.37,23.57,8.18,1.91E+01,6.46E+01,-8.67E-01
4.48,27.38,11.63,1.43E+01,2.33E+01,5.28E-01
23.79,35.76,19.41,3.51E+01,4.78E+01,3.39E+00
78.54,37.29,1.98,1.17E+01,4.06E+01,1.99E+01
8.50,29.34,2.14,1.85E+01,2.48E+01,9.04E+00
17.27,34.53,1.39,4.49E+01,3.66E+01,1.11E-01
-1.55,36.35,12.49,1.41E+01,3.30E+01,2.65E+00
2.14,23.34,0.40,2.32E+01,3.13E+01,3.43E-01
10.64,39.48,6.87,1.42E+01,2.48E+01,-6.07E+00
8.81,41.71,-5.47,1.34E+01,7.09E+01,-4.11E+00
1.58,37.15,-2.65,5.34E+00,1.69E+01,4.92E+00
0.03,36.18,-4.37,6.95E+00,4.41E+01,6.45E-01
33.48,43.32,6.42,1.33E+01,5.21E+01,3.78E+00
17.99,26.40,2.71,2.75E+01,2.31E+01,1.11E+01
9.87,24.24,7.21,3.12E+01,2.12E+01,-8.46E+00
21.93,28.21,5.69,2.69E+01,2.70E+01,-3.25E+00
35.45,28.66,6.07,4.17E+00,2.53E+01,-2.82E+00
14.17,26.40,2.05,8.49E+00,8.85E+01,3.09E+00
8.03,32.62,0.01,1.15E+02,2.83E+01,9.61E+00
17.94,22.20,-2.40,1.05E+01,2.36E+01,7.49E+01
30.49,35.48,4.22,1.26E+01,2.67E+01,2.79E+00
9.64,22.09,17.18,1.08E+01,2.56E+01,-1.51E-01
16.69,24.83,-2.51,2.86E+01,3.36E+01,-1.88E+00
43.56,35.70,4.30,1.23E+01,2.34E+01,-6.24E+00
84.39,32.29,12.33,2.32E+01,3.63E+01,-1.21E+01
9.76,43.58,23.55,7.89E+01,2.12E+01,8.30E+00
13.84,23.72,10.94,2.87E+01,2.10E+01,-1.10E+01
12.05,26.95,14.64,1.94E+01,3.30E+01,4.16E+00
13.37,37.53,8.97,2.01E+01,5.18E+01,1.71E+01
28.02,47.58,0.02,1.86E+01,2.70E+01,3.95E+00
31.79,52.39,17.86,1.17E+01,3.74E+01,-2.73E+00
3.89,30.63,3.25,2.22E+01,2.12E+01,-9.14E+00
11.66,30.20,12.15,1.81E+00,2.49E+01,-6.40E+00
12.73,24.09,2.87,1.16E+01,2.02E+01,3.15E+00
19.14,30.37,3.82,1.68E+01,4.83E+01,-3.06E+00
15.98,20.79,3.02,1.50E+01,5.97E+01,-3.73E+00
32.10,24.59,11.25,1.09E+01,6.38E+01,-4.16E+00
11.08,22.80,21.35,1.31E+01,4.53E+01,-9.38E+00
17.03,40.26,2.46,4.98E+00,2.78E+01,-2.13E+00
9.22,23.82,9.57,1.35E+01,4.15E+01,-5.73E+00
12.72,23.62,6.57,1.55E+01,2.18E+01,2.09E+01
23.18,69.18,37.10,3.97E+01,1.03E+02,1.71E+01
7.02,27.61,-1.83,3.16E+01,2.42E+01,2.52E+01
7.93,59.34,9.14,1.35E+01,3.02E+01,1.52E+01
13.45,21.67,7.60,1.04E+01,3.80E+01,9.46E+00
1.32,21.70,-1.81,1.44E+01,2.80E+01,-1.01E+01
6.08,34.09,29.83,3.54E+01,3.12E+01,7.64E+00
12.01,67.95,1.23,5.10E+01,4.87E+01,-2.49E+00
3.95,35.26,46.55,1.59E+01,2.70E+01,-5.66E+00
1.74,32.22,5.70,2.00E+01,2.40E+01,5.24E+00
21.21,36.54,25.64,1.10E+01,3.08E+01,1.27E+00
1.71,53.90,11.99,1.08E+01,3.20E+01,-4.93E+00
12.49,54.98,2.78,2.43E+01,3.74E+01,-1.88E+00
10.66,41.10,8.18,1.53E+01,5.90E+01,-4.61E+00
8.33,28.70,3.11,5.28E+01,3.33E+01,-2.51E+00
16.38,34.21,11.87,3.19E+01,1.78E+01,5.29E+00
14.22,36.66,5.03,3.14E+00,3.24E+01,-2.97E+00
14.12,47.74,35.01,8.01E+00,2.53E+01,8.60E+00
5.18,38.19,28.24,2.34E+01,3.85E+01,8.81E+00
8.90,34.22,5.90,1.02E+01,2.82E+01,1.10E+00
16.39,22.70,7.85,1.20E+01,2.42E+01,3.84E+00
8.37,66.12,5.65,3.40E+01,3.50E+01,-3.14E+00
11.01,31.44,6.48,1.41E+01,2.49E+01,-7.96E+00
5.29,43.07,19.87,2.16E+01,2.21E+01,-4.19E+00
14.62,29.78,10.30,7.67E+00,4.18E+01,-2.41E+00
6.79,40.55,47.18,4.65E+01,2.30E+01,-1.07E+01
22.19,26.14,4.82,1.47E+01,1.68E+01,1.04E+00
57.21,24.97,23.71,2.64E+01,4.84E+01,-3.46E-01
25.93,46.75,9.64,8.65E+00,2.12E+01,2.19E-01
30.18,40.70,13.95,5.69E+00,2.19E+01,5.26E+00
23.85,64.99,5.52,8.21E+00,3.78E+01,1.11E+01
7.83,42.54,11.08,4.25E+01,3.06E+01,1.33E+01
5.64,81.96,-3.19,3.64E+01,3.43E+01,-7.34E+00
38.53,85.96,1.73,1.23E+01,2.16E+01,-4.09E+00
6.48,79.64,21.70,2.48E+01,3.68E+01,2.25E+01
8.29,24.96,2.30,1.45E+01,2.36E+01,1.68E+01
13.59,24.33,3.10,8.13E+00,2.80E+01,1.16E+00
5.60,45.51,27.28,7.87E+01,2.37E+01,1.78E+02
12.93,87.46,5.44,1.46E+01,1.69E+01,7.75E+00
12.47,34.44,3.82,2.24E+01,2.79E+01,1.19E+00
7.13,78.12,7.45,1.36E+01,5.32E+01,9.74E+00
20.12,30.11,10.73,1.12E+01,2.27E+01,4.80E+01
16.57,41.69,4.60,2.91E+01,2.71E+01,4.50E+01
-0.36,37.94,3.47,3.64E+01,3.83E+01,1.28E+01
10.02,26.09,33.69,4.69E+01,2.11E+01,5.35E+00
22.52,36.90,7.11,6.94E+00,3.53E+01,-7.73E+00
15.06,80.27,3.91,3.06E+01,3.27E+01,-8.31E+00
24.34,90.20,40.52,9.74E+00,7.87E+01,-4.99E+00
27.20,60.23,8.57,1.45E+01,3.25E+01,-7.92E+00
33.61,41.96,8.74,1.07E+01,3.36E+01,-4.45E+00
20.79,30.51,29.09,1.25E+01,6.44E+01,1.04E+01
9.76,24.41,18.25,2.31E+01,2.11E+01,-3.55E+00
8.41,39.69,13.88,8.53E+00,2.35E+01,3.79E+00
15.53,32.24,9.20,2.31E+01,3.27E+01,-2.67E+00
30.77,58.22,5.73,8.31E+00,2.64E+01,2.59E+01
21.09,87.88,0.83,2.94E+01,2.65E+01,5.49E+00
43.48,63.88,-2.92,1.95E+01,4.36E+01,1.56E+00
11.05,50.69,2.12,1.08E+01,2.61E+01,-5.89E+00
12.26,47.73,4.58,6.62E+00,4.32E+01,-3.80E+00
14.47,53.49,6.13,2.12E+01,2.68E+01,-3.58E+00
8.81,44.34,-4.65,8.06E+00,1.61E+01,-4.66E+00
88.89,43.87,8.03,8.55E+01,2.39E+01,-6.12E+00
30.00,50.11,0.39,1.47E+01,2.54E+01,1.73E+01
14.97,29.33,10.72,3.10E+01,2.14E+01,-2.74E+00
11.16,43.27,-2.56,1.42E+01,2.50E+01,4.27E+01
13.08,94.58,29.20,1.58E+01,3.57E+01,4.00E+01
3.42,177.24,3.28,1.86E+01,5.27E+01,-1.31E+01
6.69,40.04,3.68,2.86E+01,3.32E+01,-5.20E+00
18.14,47.94,6.88,2.05E+01,2.31E+01,1.22E+00
8.96,50.38,7.80,1.36E+01,2.46E+01,2.58E-02
13.15,40.82,5.39,1.08E+01,2.96E+01,2.82E+00
0.36,19.56,5.72,7.52E+00,2.92E+01,6.12E+01
15.84,36.75,11.13,1.91E+01,3.48E+01,6.67E+01
6.56,31.00,1.23,2.31E+01,2.62E+01,-3.52E+00
17.37,24.08,5.89,2.01E+01,3.16E+01,-7.47E+00
17.27,34.34,10.95,2.61E+01,2.47E+01,-1.00E+01
8.68,36.31,14.85,2.47E+01,2.56E+01,1.71E+01
36.56,27.94,10.93,2.46E+01,1.68E+01,-8.54E+00
5.36,31.59,16.66,7.31E+00,2.16E+01,-1.21E+01
2.21,76.00,7.89,8.81E+00,2.90E+01,-1.04E+01
17.27,33.05,15.59,1.12E+01,2.16E+01,1.80E+01
19.46,33.98,9.93,8.36E+01,3.05E+01,2.02E+00
14.75,20.61,6.10,3.24E+01,2.28E+01,1.88E+00
14.82,34.79,8.55,5.55E+00,1.96E+01,-5.35E+00
19.85,34.02,2.99,5.38E+00,2.87E+01,-6.14E+00
8.75,21.19,-1.65,3.18E+01,5.29E+01,-4.86E+00
32.01,35.99,-2.94,2.01E+01,2.73E+01,-4.83E+00
9.20,40.31,9.07,5.84E+00,2.81E+01,-2.57E+00
20.39,23.28,0.91,3.46E+01,1.67E+01,1.02E+00
38.11,19.54,37.50,1.19E+01,2.24E+01,-3.64E+00
23.37,18.82,12.61,8.02E+00,2.26E+01,-2.20E+00
40.09,81.85,14.54,1.28E+01,2.31E+01,1.28E+00
9.68,23.88,8.48,1.97E+01,5.68E+01,-2.55E+00
4.70,70.11,13.18,3.20E+01,1.71E+01,-4.55E+00
5.71,23.58,5.86,9.69E+00,2.72E+01,-5.28E+00
25.91,36.00,14.33,5.97E+00,2.79E+01,-8.02E+00
7.63,31.02,49.93,3.96E+00,2.94E+01,-7.86E+00
18.58,93.38,11.88,4.35E+01,1.82E+01,-5.12E+00
22.16,36.34,2.30,5.72E+00,2.40E+01,2.84E+01
35.01,41.13,39.93,4.38E+01,2.94E+01,-8.48E+00
8.20,20.73,13.87,1.09E+01,4.81E+01,2.70E+01
24.41,34.92,3.29,2.57E+00,3.04E+01,-5.86E+00
7.80,22.69,12.09,3.02E+01,2.89E+01,-7.68E+00
44.50,41.61,15.27,2.11E+01,1.06E+01,-5.18E+00
5.70,20.99,13.55,3.01E+01,2.74E+01,-5.87E+00
13.14,23.01,4.86,3.99E+01,7.22E+00,1.97E+01
6.24,34.74,2.40,7.41E+00,1.64E+01,1.98E+01
11.98,55.81,12.73,1.85E+01,8.74E+01,6.16E+00
15.04,85.44,31.06,2.48E+01,2.17E+01,7.83E+00
13.08,41.60,6.18,1.35E+01,2.89E+01,3.79E-02
15.29,16.67,9.75,8.46E+00,3.03E+01,-1.35E+01
36.99,24.23,28.70,1.06E+00,2.41E+01,-6.84E+00
36.13,18.53,-0.83,2.78E+01,6.68E+00,-1.48E+00
46.20,12.81,11.02,1.84E+01,9.83E+00,-8.01E+00
32.48,43.92,1.65,5.60E+00,6.86E+00,1.12E+00
25.38,16.79,0.55,1.90E+01,2.56E+00,-2.98E+00
13.12,18.02,8.44,8.76E+00,8.51E+00,-5.92E+00
11.43,12.40,13.61,6.89E+00,3.20E+01,-7.64E+00
28.38,46.05,15.12,1.37E+01,2.65E+00,-3.53E+00
13.36,46.12,7.57,1.13E+01,7.67E+00,-4.00E+00
19.53,12.25,53.64,1.10E+01,1.92E+01,-5.02E-01
12.66,15.47,3.69,1.85E+01,1.08E+00,-9.78E-01
28.98,9.64,4.53,9.62E+00,1.99E+00,3.75E+01
1.54,15.20,-2.12,2.13E+01,4.36E+00,-3.44E+00
19.71,8.56,5.18,1.63E+01,6.29E+00,-2.47E+00
36.35,10.56,22.94,1.29E+01,1.64E+01,-8.10E+00
7.37,11.77,14.19,5.78E+00,7.10E-01,-3.70E+00
24.43,36.00,2.56,1.78E+01,1.43E+01,-4.12E+00
20.03,19.24,10.73,8.37E+00,-2.82E-01,-3.77E+00
2.83,20.74,3.64,3.25E+01,1.99E+01,-3.54E+00
6.46,29.80,12.08,2.99E+01,5.28E+00,8.18E+01
11.15,20.64,3.81,7.37E+00,5.60E+01,3.52E+00
10.42,15.78,10.89,8.89E+00,2.82E+01,-3.08E+00
9.88,56.71,8.90,1.29E+01,1.76E+01,-1.47E+00
13.30,28.57,38.43,1.09E+01,4.35E+01,-3.42E+00
4.96,10.22,9.74,8.44E+00,3.29E+00,3.66E+00
7.12,8.17,2.51,6.02E+00,6.07E+00,6.10E+00
34.71,23.71,20.22,1.02E+01,1.13E+01,-5.16E+00
39.36,20.36,1.24,4.79E+00,2.56E+00,1.72E+01
4.13,8.77,10.19,1.02E+00,9.03E+00,-3.28E+00
4.61,60.25,12.35,8.56E+00,1.76E+01,-4.98E+00
46.53,29.78,71.01,1.13E+01,1.30E+01,-4.87E+00
20.54,51.85,6.57,1.32E+01,1.74E+01,-7.68E+00
2.59,35.45,7.39,1.34E+01,1.04E+01,-6.96E+00
-0.63,21.41,22.74,1.50E+01,2.24E+01,3.64E+00
0.28,36.11,12.76,2.36E+01,9.58E+00,-7.66E+00
81.33,44.39,3.78,7.27E+01,-2.86E+00,7.95E+00
28.71,18.37,1.29,5.89E+00,5.57E+00,-3.04E+00
48.28,20.60,-1.58,2.25E+01,2.38E+01,2.49E+01
14.53,22.86,-0.48,1.21E+01,1.69E+01,1.05E+01
4.14,17.00,5.27,1.88E+00,4.29E+00,-3.28E+00
18.29,31.46,24.29,1.08E+01,2.29E+01,-4.38E+00
177.03,42.61,-3.43,2.02E+01,4.75E+01,-3.15E+00
73.12,58.47,3.25,9.43E+00,1.80E+01,2.33E+00
24.14,26.31,-3.63,2.32E+01,6.67E+00,3.11E+00
94.01,21.90,16.70,1.71E+00,1.54E+01,2.75E+00
9.83,12.12,3.25,1.73E+01,1.17E+01,-3.79E+00
35.97,79.25,9.01,1.05E+01,7.69E+00,1.72E+00
11.88,13.84,0.89,1.80E+01,5.35E+00,1.55E+01
13.85,15.72,-6.73,2.62E+01,8.72E+00,4.02E+01
5.99,10.32,40.27,4.40E+00,1.15E+01,1.11E+01
7.48,11.92,9.29,1.33E+01,1.24E+01,2.28E+01
5.83,27.65,9.36,1.13E+01,7.47E+00,5.90E+00
42.14,177.04,15.78,1.55E+01,6.67E+00,-5.27E-01
2.77,15.16,13.64,9.77E+00,1.28E+01,4.04E+00
8.25,23.54,24.94,3.05E+01,1.76E-01,1.77E+01
13.24,16.62,-5.43,1.29E+01,1.02E+01,4.82E+00
1.05,18.69,51.29,1.06E+01,9.67E+00,-5.09E+00
6.99,25.11,14.22,1.24E+01,3.32E+00,-6.47E+00
111.05,20.77,6.43,1.15E+01,2.71E+00,3.21E+00
1.87,35.78,12.65,2.78E+01,7.97E+00,6.16E-01
36.64,14.51,4.12,2.14E+01,1.10E+01,9.90E+00
13.42,13.78,4.39,1.01E+01,2.14E+01,-1.39E+01
2.88,27.91,7.59,6.35E+01,9.75E+00,3.50E+01
11.92,12.52,5.78,1.70E+01,7.52E+00,-6.83E+00
4.90,39.86,0.73,1.26E+01,-2.55E+00,6.40E+00
5.57,7.87,7.66,4.86E+00,-1.02E+00,2.77E+00
39.51,36.93,1.56,3.20E+01,1.09E+01,3.95E+00
30.60,11.22,2.81,1.54E+01,6.82E+00,2.44E+00
27.19,11.57,13.41,1.59E+01,1.05E+01,-1.54E+00
1.13,3.60,-2.39,7.38E+01,6.66E+00,1.91E+01
0.13,52.44,22.12,8.82E+00,4.96E+00,1.70E+01
4.11,14.36,2.22,2.23E+00,1.75E+02,4.62E+00
12.03,14.99,5.36,8.67E+00,1.01E+01,5.07E+00
7.11,11.25,1.16,1.49E+01,1.53E+01,-5.15E+00
6.13,10.44,-4.83,1.73E+01,6.45E+00,3.77E+01
0.99,39.11,3.23,1.01E+01,1.06E+01,1.03E+01
3.47,17.40,9.82,1.79E+01,1.43E+00,-4.12E+00
-2.46,28.54,3.91,5.44E+00,1.78E+00,-1.04E+00
26.90,10.54,11.81,1.96E+01,1.04E+01,1.28E+01
18.79,21.60,7.18,1.08E+01,5.44E+00,6.32E+00
14.75,46.28,5.67,1.08E+01,6.49E+00,1.23E+00
45.49,29.77,26.83,1.63E+01,3.55E+00,-4.00E-02
9.14,23.33,-3.81,2.12E+01,8.84E+01,-6.50E-03
9.79,32.60,-2.78,1.15E+01,1.08E+01,-9.89E-01
16.80,37.47,19.49,4.69E+00,5.38E+01,6.69E+00
101.24,61.31,2.82,1.43E+01,7.74E+00,-7.62E+00
18.86,17.22,11.13,2.76E+01,2.51E+01,5.09E-01
9.99,37.84,7.00,1.69E+01,1.79E+01,1.42E+00
1.12,23.46,5.49,1.53E+01,1.10E+01,-8.59E+00
4.11,2.31,2.10,9.59E+00,1.93E+01,-9.44E+00
4.70,44.09,13.58,1.14E+01,1.48E+01,7.41E+00
19.21,14.64,2.48,1.78E+00,5.26E+00,1.06E+01
40.58,8.63,34.99,7.94E+00,1.61E+00,-5.45E+00
12.57,21.60,2.22,5.79E+00,3.50E+01,-3.10E+00
-0.63,14.93,5.08,8.09E+00,2.75E+01,4.59E-01
25.68,24.34,1.55,1.24E+01,3.52E+00,6.33E+01
82.18,22.44,-0.32,8.78E+00,2.91E+01,-7.16E+00
0.64,28.10,5.55,1.44E+01,2.56E+01,-1.05E+01
4.39,54.36,-0.01,7.40E+00,1.23E+01,1.11E+01
9.65,23.12,-1.55,2.80E+00,8.45E+00,6.96E+00
4.36,3.62,-0.16,5.99E+00,7.84E+00,1.01E+01
-4.12,31.49,13.68,5.70E+00,4.29E+00,5.95E+01
10.67,17.59,2.10,1.45E+01,3.73E-01,-7.98E+00
10.80,8.19,12.05,1.84E+01,1.44E+00,1.46E+01
23.39,6.98,2.59,9.63E+00,5.13E+01,-7.69E-03
2.87,16.62,-3.22,3.90E+00,4.12E+01,-7.58E+00
3.81,101.87,2.20,8.38E+00,2.20E+01,-4.71E+00
6.10,39.11,4.55,6.61E+00,1.39E+01,3.74E+00
35.90,12.62,12.20,1.19E+01,1.60E+01,2.18E+00
-5.91,50.38,-6.08,4.67E+00,1.17E+01,-5.55E+00
0.14,15.60,22.64,7.61E+00,1.89E+01,-5.49E+00
37.58,29.40,5.63,1.68E+01,1.04E+01,-1.11E+01
5.04,16.42,2.49,1.40E+01,4.40E+01,5.61E-01
22.57,26.44,18.08,1.10E+01,1.63E+01,-4.23E+00
5.60,45.98,7.67,1.56E+01,7.57E+00,-1.23E+00
3.18,28.54,4.74,1.63E+01,9.95E+00,9.99E+00
1.38,20.42,5.83,8.66E+00,1.56E+01,-3.16E+00
-1.04,8.65,-2.44,1.35E+01,2.15E+01,1.58E+01
64.59,28.62,17.02,1.24E+01,1.59E+01,-2.37E+00
8.09,23.01,1.87,1.51E+01,1.16E+01,-2.43E+00
14.75,12.66,10.45,2.17E+01,1.12E+01,-2.20E+00
5.82,30.49,-1.52,4.85E+01,1.45E+01,1.20E+01
61.50,8.80,10.37,1.42E+01,3.10E+01,-3.80E+00
41.99,10.43,7.60,9.94E+00,1.41E+01,1.83E+01
7.60,16.96,18.76,7.49E+00,1.14E+01,-5.44E+00
22.54,54.93,55.99,7.03E+00,8.72E+00,2.03E+01
19.96,38.00,7.19,3.36E+00,9.28E+00,4.93E+00
-2.93,44.86,1.59,6.73E+01,1.38E+01,-4.76E+00
7.84,26.23,13.28,7.19E+00,1.38E+01,2.09E+00
-3.20,154.59,25.53,1.45E+01,2.26E+01,-4.07E+00
9.22,21.97,3.88,1.04E+01,1.81E+01,-9.13E+00
2.64,11.35,25.03,1.73E+00,5.08E+01,-2.57E+00
-4.38,-0.03,7.24,5.36E+00,1.21E+01,-1.36E+01
18.08,9.84,14.45,4.01E+00,1.56E+01,-8.03E+00
0.00,25.91,11.24,1.74E+00,1.09E+01,-7.84E+00
12.71,59.10,12.61,7.06E+00,1.22E+01,-5.70E+00
-1.54,56.05,2.19,3.86E+01,1.47E+01,-5.78E+00
-3.15,20.70,2.78,1.71E+01,2.02E+01,7.26E+00
-6.69,15.99,6.35,3.74E+01,1.52E+01,8.07E+00
-10.18,32.64,-2.98,7.24E+00,1.43E+01,8.41E+00
35.19,51.17,1.34,5.82E+00,1.75E+01,2.65E+01
10.94,68.16,4.49,9.96E+00,1.60E+01,4.77E+00
-9.11,16.29,0.19,8.53E+00,2.66E+01,1.40E+01
-9.42,13.63,12.65,8.75E+00,2.57E+01,-6.98E+00
-9.07,14.86,8.91,2.44E-01,1.69E+01,5.09E+00
-0.49,7.30,14.92,9.10E+00,8.88E+00,-3.91E+00
-1.24,16.84,9.71,1.24E+01,1.58E+01,3.73E+01
-1.19,17.19,-3.06,2.76E+00,1.08E+01,1.66E+00
-10.97,11.29,7.62,1.00E+01,8.11E+00,-5.30E+00
-10.39,6.01,0.09,8.21E-01,8.81E+00,-3.24E+00
-16.23,27.71,32.52,4.25E+00,1.65E+01,-8.80E+00
-11.00,17.28,2.61,3.82E+01,1.13E+01,-7.30E+00
25.30,14.35,-5.14,1.39E+01,2.15E+01,1.27E+01
-8.18,12.13,11.00,9.82E+00,1.30E+01,7.31E+00
6.92,13.06,11.83,1.25E+01,1.35E+01,5.43E+00
5.90,23.28,3.54,7.59E+00,3.60E+01,3.44E+00
31.48,21.56,4.73,1.53E+01,9.24E+00,5.95E+00
3.28,15.66,12.98,3.91E+01,1.52E+01,-4.00E-01
-8.61,7.71,27.74,1.66E+01,4.32E+01,-1.59E+00
-2.07,10.06,3.86,1.60E+01,1.53E+01,-1.16E+01
-1.30,12.20,-3.24,1.23E+01,1.15E+01,-3.18E+00
-12.56,28.19,3.94,8.72E+00,2.95E+01,-8.18E+00
-5.96,26.73,11.72,5.19E+01,1.18E+01,-3.87E+00
-10.28,15.67,2.67,1.66E+01,1.09E+01,-9.40E+00
0.76,4.15,4.16,1.48E+01,2.03E+01,-1.15E+01
-11.59,17.09,-1.20,6.59E+00,1.08E+01,-1.38E+01
-6.83,19.84,28.52,2.91E+01,2.57E+01,7.60E+01
-11.48,18.68,4.58,2.30E+01,6.88E+01,1.25E+00
1.59,23.96,5.94,9.76E+01,6.44E+01,-1.24E+01
-3.19,47.54,0.10,6.08E+00,1.69E+01,3.50E+00
8.72,65.02,24.72,1.23E+01,1.40E+01,3.22E+01
21.51,57.20,-1.20,3.53E+01,9.25E+00,-3.12E+00
4.20,30.53,10.26,3.34E+01,1.32E+01,-9.92E-01
16.84,13.06,9.45,7.17E+00,1.15E+01,-5.58E+00
-2.54,10.43,2.07,1.10E+01,1.06E+01,-3.90E+00
29.15,37.83,24.65,2.68E+01,2.83E+01,-4.73E+00
5.02,18.69,7.13,7.46E+00,1.23E+01,-4.87E+00
14.28,11.13,4.29,2.59E+01,1.35E+01,-9.21E+00
-6.20,39.30,12.10,3.26E+01,1.16E+01,-9.34E+00
19.29,20.85,2.42,1.27E+01,2.18E+01,-9.12E+00
22.53,4.07,5.17,2.85E+01,5.52E+00,-7.02E+00
17.15,12.42,4.68,1.41E+01,1.48E+01,-1.15E+01
17.58,12.77,-5.36,7.60E+00,9.48E+01,-7.55E+00
28.19,17.76,21.72,1.38E+01,1.40E+01,-4.09E+00
41.47,11.31,22.71,1.17E+01,9.95E+00,-2.46E+00
6.54,95.62,48.10,1.08E+01,7.79E+00,-7.65E+00
5.44,61.96,1.67,1.76E+01,5.56E+01,-1.85E+00
-5.65,24.87,1.74,9.85E+00,1.46E+01,-6.68E+00
23.27,30.00,3.32,2.52E+01,1.56E+01,-5.00E+00
3.01,24.61,3.15,5.76E+01,1.19E+01,-2.65E+01
26.37,24.32,4.55,1.07E+01,4.94E+01,5.41E+00
8.14,22.42,3.00,2.68E+01,2.20E+01,-5.00E+00
-2.45,18.71,0.88,7.89E+00,1.43E+01,-1.04E+01
2.73,25.40,29.97,2.15E+01,7.63E+00,-9.49E+00
6.17,26.70,-0.46,5.36E+00,1.28E+01,1.38E+02
-1.45,13.80,10.66,7.52E+00,1.52E+01,3.46E+01
3.25,23.62,5.03,1.37E+01,2.79E+01,6.68E+01
14.60,24.14,16.13,1.04E+01,1.62E+01,4.80E+02
15.31,38.43,4.31,1.15E+01,1.45E+01,5.47E+01
0.19,8.29,6.41,2.43E+01,1.39E+01,3.77E+01
11.37,46.64,2.18,4.50E+01,9.82E+00,4.78E+01
38.52,150.30,21.24,2.56E+01,1.25E+01,4.30E+01
13.28,24.82,4.24,6.33E+01,5.56E+01,1.71E+01
16.65,25.26,8.43,1.78E+01,2.32E+01,1.01E+01
27.12,15.09,4.14,5.65E+00,2.85E+01,1.60E+01
4.81,23.55,-1.19,3.02E+00,1.68E+01,1.06E+01
1.88,20.35,42.77,2.17E+01,5.66E+00,4.03E+00
11.29,47.73,16.30,8.06E+00,3.77E+00,8.33E+01
16.79,20.62,-5.14,1.37E+01,2.16E+01,1.95E+01
25.97,21.99,-2.18,1.13E+01,2.35E+01,-6.63E+00
4.68,31.56,2.72,5.64E+00,2.25E+01,9.45E+00
15.02,35.16,-1.99,1.13E+01,1.98E+01,-1.10E+00
2.64,63.43,0.11,1.81E+01,4.17E+01,5.25E+00
4.92,18.38,3.11,1.23E+01,2.02E+01,-3.45E+00
18.62,35.04,6.97,4.36E+01,2.06E+01,5.97E-02
75.32,21.40,2.05,2.70E+01,1.62E+01,-5.36E-01
14.96,25.75,12.05,2.07E+01,1.03E+01,-1.09E+01
13.76,4.51,30.23,2.07E+01,1.22E+01,-8.37E+00
7.58,29.60,21.71,5.23E+01,5.47E+01,5.35E+00
3.40,24.68,-3.66,1.46E+01,3.83E+01,-1.39E+00
12.05,12.69,-1.38,1.55E+01,4.58E+01,4.98E+00
14.19,22.80,5.06,3.22E+01,1.02E+01,1.72E+00
8.73,57.30,16.17,1.06E+01,2.10E+01,7.72E+00
21.39,24.01,26.64,1.44E+01,9.94E+00,-3.56E+00
36.15,25.58,6.92,1.73E+01,1.43E+01,-4.06E+00
124.15,12.95,-1.91,2.03E+01,2.00E+01,7.88E+01
5.77,35.04,-1.70,2.11E+01,1.79E+01,4.95E-01
5.85,30.73,2.84,3.93E+01,7.52E+00,3.76E+01
13.56,15.62,9.58,2.51E+01,1.67E+01,3.09E+02
13.91,17.68,3.95,1.83E+01,1.23E+01,3.00E+01
13.04,40.20,3.37,1.39E+01,3.59E+01,2.13E+01
22.98,27.21,8.86,1.85E+01,2.34E+01,4.10E+01
2.87,52.18,36.81,1.77E+01,1.19E+01,3.02E-01
4.52,21.66,-0.45,6.04E+00,1.39E+01,1.90E+00
27.00,32.46,64.17,2.52E+01,8.89E+00,-4.43E+00
5.76,41.74,1.62,4.45E+00,2.18E+01,1.62E+01
10.44,23.44,-3.77,4.53E+00,2.32E+01,9.98E+00
-0.79,25.46,28.56,1.07E+01,1.12E+01,5.87E+00
2.49,80.55,2.79,9.45E-01,2.23E+01,1.81E+01
1.81,18.75,0.91,3.97E+01,3.64E+01,7.18E+00
22.65,26.53,6.76,5.13E+00,1.27E+01,2.33E+01
15.13,44.85,2.84,1.61E+01,2.29E+01,2.98E+01
13.93,11.45,-3.17,1.99E+01,1.77E+01,2.23E+01
24.02,27.36,16.69,2.39E+01,2.75E+01,3.30E+01
17.40,61.35,13.76,6.25E+00,1.58E+01,5.96E+01
3.71,22.65,1.69,7.32E+00,3.32E+01,2.42E+01
7.74,30.47,8.29,2.87E+01,2.11E+00,1.96E+01
18.81,17.35,27.18,1.82E+01,8.14E+00,2.46E+01
27.69,20.54,1.46,1.01E+01,1.15E+01,1.23E+01
-1.69,36.29,40.09,3.27E-01,9.57E+00,3.69E+01
36.85,44.69,13.02,1.84E+00,1.43E+01,3.27E+01
21.81,33.91,5.08,6.68E+00,1.55E+01,1.18E+01
4.44,17.76,10.91,7.10E+00,1.32E+01,1.02E+01
13.57,69.48,3.69,1.47E+01,6.58E+00,2.76E+00
-7.16,33.77,3.72,1.19E+01,3.27E+01,4.21E+00
17.33,65.86,18.18,1.45E+01,2.45E+01,1.17E+01
23.69,61.49,4.95,5.10E+00,1.47E+01,2.95E+01
50.43,43.34,24.65,1.04E+01,9.35E+00,2.24E+01
17.04,18.76,-1.00,7.73E+00,1.37E+01,1.96E+01
-0.71,17.20,5.55,7.28E+00,6.63E+00,3.30E+01
22.79,35.01,1.49,9.32E+00,1.47E+01,1.68E+01
10.42,25.18,16.89,1.59E+01,3.48E+01,1.21E+01
23.01,25.94,17.58,1.03E+01,2.03E+01,3.81E+01
10.86,9.63,5.35,9.60E+00,8.19E+00,6.49E+00
22.04,21.06,19.85,1.05E+01,1.89E+01,2.12E+01
8.58,18.74,-0.08,1.21E+01,2.63E+01,7.02E+01
1.59,37.42,0.29,9.34E+00,1.83E+01,2.78E+01
1.64,19.89,9.51,4.67E+01,1.47E+01,6.01E+00
-1.05,41.27,3.89,4.92E+01,8.29E+00,1.31E+01
0.29,53.77,9.58,1.86E+01,1.74E+01,1.72E+01
8.87,29.89,7.08,2.03E+01,1.31E+01,5.75E+01
-0.72,41.45,4.88,3.13E+01,8.36E+00,4.90E+01
1.10,18.24,-0.22,1.24E+01,1.02E+01,9.38E+00
-0.91,16.43,8.70,1.46E+01,1.96E+01,6.74E+01
18.23,25.91,11.08,6.24E+01,1.22E+01,3.47E+01
-2.88,45.10,0.91,3.48E+01,1.55E+01,2.59E+01
-4.13,30.38,6.37,4.07E+01,2.16E+01,2.92E+01
-0.11,17.11,3.51,7.73E+01,1.35E+01,2.67E+01
19.69,36.77,10.46,1.76E+01,1.47E+01,8.35E+01
2.05,27.46,118.94,4.70E+01,4.36E+01,1.62E+01
2.73,56.50,0.54,1.27E+01,2.16E+01,1.56E+01
3.50,24.84,6.57,2.00E+01,1.33E+01,1.32E+01
2.25,27.35,-1.47,2.48E+01,1.43E+01,1.27E+01
3.39,14.40,13.85,1.98E+01,1.40E+01,1.75E+01
7.43,28.49,8.03,1.85E+01,2.90E+01,1.46E+01
-8.02,18.52,22.14,1.55E+01,2.56E+01,1.03E+01
0.54,15.39,6.91,2.21E+01,1.16E+01,1.26E+01
31.73,43.67,49.87,1.39E+01,1.94E+01,1.86E+01
1.21,94.38,11.82,1.73E+00,2.05E+01,1.19E+01
15.26,20.83,13.87,2.96E+00,1.32E+01,1.29E+01
7.25,39.45,8.96,9.67E+00,1.06E+01,4.03E+01
15.10,27.61,21.49,8.83E+00,1.89E+01,1.42E+01
12.96,31.99,15.03,1.25E+01,1.31E+01,2.65E+01
12.38,56.48,13.57,1.72E+01,1.61E+01,8.26E+00
37.62,20.74,3.61,2.03E+01,8.44E+00,7.24E+01
23.06,25.54,6.30,1.10E+01,1.38E+01,1.13E+01
9.62,59.57,14.05,1.04E+01,1.64E+01,7.33E+00
10.78,23.74,1.31,2.07E+01,1.46E+01,2.70E+01
7.45,21.66,3.35,3.39E+01,1.26E+01,1.94E+01
25.36,9.02,2.73,1.21E+01,2.41E+01,5.12E+01
9.18,42.05,7.37,1.88E+01,9.85E+00,2.50E+01
1.13,19.47,22.89,1.46E+01,1.32E+01,1.45E+01
5.06,8.88,1.32,1.75E+01,5.91E+00,4.07E+00
12.77,13.84,3.77,5.97E+00,2.00E+01,2.06E+01
-6.65,47.09,6.91,2.46E+01,8.34E+00,1.18E+01
13.08,21.63,9.18,5.53E+01,1.29E+01,1.75E+01
2.94,16.71,9.07,1.91E+01,8.40E+00,1.58E+01
16.14,30.98,26.99,7.26E+00,1.30E+01,1.27E+01
2.22,17.11,0.96,3.02E+01,2.43E+01,7.96E+00
14.96,28.72,16.64,1.56E+01,1.39E+01,5.03E+00
2.50,19.32,1.33,1.12E+01,1.50E+01,9.13E+00
-4.08,16.26,1.40,8.76E+00,1.37E+01,6.87E+00
3.25,17.06,16.86,1.75E+01,9.29E+00,9.29E-01
3.63,23.35,6.62,1.63E+01,6.28E+00,5.24E+00
-4.29,27.92,8.47,7.68E+00,2.28E+01,1.27E+01
2.35,52.20,6.66,6.50E+00,1.35E+01,1.30E+01
0.34,35.71,1.92,2.99E+01,2.53E+01,3.85E+01
-1.51,22.47,33.14,9.35E+01,3.28E+01,6.00E+00
2.40,7.46,14.21,2.16E+01,2.27E+01,5.86E+00
7.33,32.09,-4.67,1.21E+01,3.22E+01,2.32E+01
27.03,17.54,11.07,1.12E+01,1.68E+01,3.18E+01
-5.46,33.69,11.09,2.06E+01,1.42E+01,6.89E+00
-5.09,17.18,0.45,8.78E+00,3.01E+01,1.36E+01
-8.53,15.97,8.78,1.50E+01,8.17E+00,1.65E+01
3.41,10.06,4.27,2.30E+01,3.89E+01,1.34E+01
-8.05,11.29,9.96,1.04E+01,1.57E+01,1.06E+01
59.16,49.96,5.75,2.45E+01,1.85E+01,1.32E+01
16.64,30.74,7.07,4.75E+00,1.98E+01,1.03E+01
-18.34,47.77,3.96,6.44E+00,1.12E+01,2.06E+01
21.51,100.32,4.92,1.24E+01,1.18E+01,1.55E-01
-18.67,31.85,9.96,7.88E+00,1.08E+01,4.47E+00
-10.07,106.84,9.59,1.66E+01,1.37E+01,2.77E+01
-18.47,67.14,1.91,1.72E+01,1.89E+01,9.69E+00
-12.49,14.98,6.51,8.28E+00,1.64E+01,2.33E+01
9.15,28.02,5.05,1.88E+01,6.29E+01,1.02E+01
-11.65,17.19,9.26,2.18E+01,2.38E+01,3.65E+01
0.73,21.06,5.39,1.26E+01,4.16E+01,2.03E+01
-7.27,95.57,13.13,3.33E+01,1.99E+01,1.42E+01
-11.81,23.66,19.36,1.29E+01,1.11E+02,1.90E+01
-1.73,15.43,6.07,1.36E+00,1.66E+01,2.79E+01
7.14,20.08,64.09,3.12E+01,2.59E+01,2.17E+01
-15.34,19.80,71.96,2.19E+01,2.08E+01,2.97E+01
-3.53,13.98,5.74,1.62E+01,7.48E+00,2.79E+01
-8.45,71.51,-1.76,5.47E+00,2.74E+01,1.84E+01
-8.08,54.58,8.24,1.23E+01,2.42E+01,2.07E+01
-10.95,21.37,3.90,2.46E+01,1.87E+01,2.42E+01
-6.55,26.57,21.10,2.00E+01,4.23E+01,3.44E+01
28.29,11.27,5.55,7.34E+00,1.59E+01,3.12E+01
-8.24,16.08,14.68,1.10E+01,1.26E+01,1.49E+01
-14.92,19.05,4.16,1.05E+01,1.52E+01,2.53E+01
-11.17,22.19,17.80,1.41E+01,1.93E+01,1.89E+01
-14.07,79.66,4.79,1.34E+01,1.75E+01,9.25E+00
-9.81,52.76,15.00,9.58E+00,9.24E+00,4.94E+01
-3.34,14.79,8.47,3.24E+00,8.46E+00,2.08E+01
-18.43,27.45,40.98,1.78E+01,1.15E+01,1.73E+01
-5.03,35.61,-0.58,1.23E+01,2.61E+01,1.45E+01
-6.74,22.95,34.86,1.75E+01,1.97E+01,4.96E+01
-1.02,38.61,26.83,1.54E+01,4.42E+01,2.19E+01
-10.08,33.92,7.41,1.58E+01,1.04E+01,2.96E+01
-6.81,14.76,6.23,9.95E+00,1.34E+01,2.87E+01
-5.88,19.01,9.64,6.79E+01,1.57E+01,2.11E+01
2.21,19.70,44.43,1.60E+01,1.26E+01,2.06E+01
11.02,17.05,26.47,3.62E+01,3.37E+01,2.75E+01
-11.97,12.27,14.58,2.77E+01,1.19E+01,3.88E+01
-12.82,69.83,8.60,1.54E+01,1.74E+01,2.38E+01
12.04,65.60,4.50,1.10E+01,1.49E+01,2.15E+01
-4.10,22.47,5.65,2.67E+01,1.95E+01,1.79E+01
-6.78,23.76,0.69,3.44E+01,1.09E+01,1.11E+01
-11.51,22.27,28.58,8.31E+00,4.82E+01,2.07E+01
5.03,5.15,32.33,1.31E+01,3.75E+01,4.13E+01
-16.08,30.32,7.63,7.43E+00,2.71E+01,4.61E+01
-2.75,17.76,5.66,3.01E+01,1.92E+01,1.67E+01
-3.98,15.73,13.55,1.54E+01,2.00E+01,2.16E+01
-14.87,19.99,6.44,2.59E+01,1.16E+01,1.71E+01
46.17,29.52,18.26,1.18E+01,1.84E+01,2.09E+01
-13.74,19.52,6.65,2.10E+01,3.16E+01,2.41E+01
2.93,26.46,13.00,1.76E+01,3.35E+01,2.27E+01
-18.25,29.73,21.05,1.77E+01,2.25E+01,3.76E+01
6.08,14.06,45.63,7.68E+00,1.93E+01,2.57E+01
-10.52,19.50,9.51,6.57E+00,3.90E+01,2.25E+01
-9.40,38.21,34.67,1.01E+01,1.58E+01,4.82E+01
-9.57,21.68,9.15,2.39E+00,1.57E+01,2.60E+01
-0.10,23.12,6.07,2.15E+01,3.65E+01,1.31E+01
-4.18,38.85,7.58,1.74E+01,1.46E+01,3.83E+01
44.34,35.13,6.59,1.95E+01,1.53E+01,1.15E+01
82.10,19.09,5.51,1.65E+01,2.56E+01,1.95E+01
-11.03,45.68,6.42,1.50E+01,1.32E+01,1.68E+01
28.33,30.34,13.25,1.81E+01,2.78E+01,3.26E+01
14.56,62.99,10.34,1.75E+01,4.30E+01,2.89E+01
-11.36,16.04,11.61,3.08E+01,9.79E+00,3.69E+01
-8.95,116.65,2.07,7.60E+01,1.83E+01,1.28E+01
-13.42,47.69,12.51,2.79E+01,2.46E+01,2.27E+01
-10.85,15.89,1.12,7.66E+01,5.08E+01,2.55E+01
-17.85,21.71,19.60,5.86E+01,2.31E+01,5.66E+01
-7.11,32.94,38.43,1.72E+01,1.91E+01,3.27E+01
2.09,31.80,7.86,2.11E+01,3.26E+01,2.08E+01
2.03,33.96,6.80,6.28E+00,1.19E+01,2.21E+01
-13.54,38.25,12.28,1.91E+01,1.25E+01,4.49E+01
-12.23,31.98,13.74,1.85E+01,3.37E+01,2.38E+01
-11.02,37.23,13.50,9.29E+00,6.22E+01,1.73E+01
-0.88,23.90,12.10,3.18E+01,2.63E+01,2.11E+01
4.23,37.67,37.85,1.65E+01,1.62E+01,2.19E+01
-5.41,36.42,33.31,1.82E+01,4.29E+00,2.06E+01
-5.15,13.80,3.12,2.98E+01,1.87E+01,3.22E+01
0.73,23.09,17.05,7.45E+00,1.75E+01,1.79E+01
-0.69,45.40,44.70,2.99E+00,3.27E+01,1.29E+01
-7.67,10.80,2.93,1.01E+01,2.13E+01,1.90E+01
-13.10,34.33,9.02,1.82E+01,1.34E+01,4.70E+01
4.70,16.20,8.47,2.89E+01,2.84E+01,3.17E+01
-20.48,40.71,15.28,1.47E+01,2.12E+01,1.85E+01
-4.38,21.99,9.08,1.00E+01,4.68E+01,1.95E+01
47.21,30.85,12.33,1.71E+01,2.03E+01,2.78E+01
9.34,29.85,10.80,1.59E+01,2.82E+01,2.79E+01
-1.51,86.76,19.21,1.21E+01,1.46E+01,2.04E+01
-7.74,29.66,7.99,2.38E+01,2.80E+01,1.91E+01
20.87,24.57,97.63,1.75E+01,2.04E+01,2.12E+01
2.88,25.17,9.37,1.49E+01,1.41E+01,2.70E+01
26.48,57.87,22.51,3.36E+01,1.52E+01,1.65E+01
-14.06,14.17,17.27,1.01E+01,1.43E+01,3.26E+01
24.40,14.89,8.35,5.98E+01,1.28E+01,2.44E+01
7.67,23.53,3.14,2.34E+01,9.00E+00,2.71E+01
-4.87,27.29,15.64,1.80E+01,3.73E+01,1.98E+01
18.66,18.70,7.44,2.10E+01,1.53E+01,1.90E+01
0.55,17.85,10.25,1.26E+01,2.46E+01,2.11E+01
6.65,19.44,-3.08,2.68E+01,4.48E+01,1.66E+01
-14.67,16.13,11.23,3.29E+01,2.14E+01,2.38E+01
18.93,73.95,33.52,1.89E+01,1.76E+01,2.38E+01
54.80,39.71,71.39,2.03E+01,3.44E+01,1.92E+01
37.94,27.90,12.22,1.19E+01,1.04E+01,3.30E+01
15.16,35.18,9.95,8.43E+00,3.82E+01,2.88E+01
-1.55,27.16,19.34,1.51E+01,2.22E+01,1.76E+01
5.72,72.15,7.59,2.20E+01,1.41E+01,2.05E+01
8.51,60.26,11.36,4.38E+01,2.27E+01,7.25E+01
11.22,56.95,0.98,1.29E+01,1.85E+01,2.95E+01
-0.57,39.24,4.54,1.48E+01,2.31E+01,3.26E+01
-7.43,20.81,6.28,1.50E+01,2.66E+01,5.96E+01
-2.78,17.97,4.83,1.69E+01,2.41E+01,1.82E+01
-5.00,87.77,9.81,1.51E+01,1.45E+01,1.76E+01
172.13,45.21,4.89,3.20E+01,1.81E+01,1.44E+01
0.17,46.64,6.45,8.98E+01,1.32E+01,2.71E+01
-13.51,22.33,2.80,1.50E+01,1.35E+01,2.10E+01
0.32,63.16,22.22,1.63E+01,1.86E+01,2.82E+01
-5.18,37.31,9.68,1.56E+01,4.01E+01,3.11E+01
20.32,22.28,8.93,1.10E+01,2.08E+01,2.00E+01
2.78,20.06,5.59,1.12E+01,1.57E+01,1.48E+01
22.79,25.80,58.21,4.31E+01,1.34E+01,2.17E+01
5.27,40.04,20.60,1.29E+01,4.33E+01,2.16E+01
8.82,160.26,-4.76,5.32E+00,1.58E+01,3.41E+01
-1.12,29.46,5.63,3.12E+01,1.92E+01,1.77E+01
-1.61,17.76,1.17,2.00E+01,4.33E+00,1.96E+01
0.79,13.40,9.64,1.39E+01,6.79E+01,2.29E+01
11.00,11.77,8.23,4.31E+00,1.10E+01,2.37E+01
37.43,50.27,7.94,1.24E+01,1.63E+01,2.56E+01
4.85,34.95,2.86,3.51E+01,5.20E+01,1.32E+01
0.95,29.10,13.59,1.80E+01,2.72E+01,2.15E+01
37.60,16.78,6.90,7.03E+00,3.63E+01,3.30E+01
15.36,37.10,6.21,2.40E+01,1.78E+01,3.64E+01
10.10,30.57,4.11,1.20E+01,1.84E+01,2.84E+01
21.12,23.90,9.15,1.05E+01,2.29E+01,1.70E+01
26.70,31.39,12.32,1.19E+01,1.15E+01,1.66E+01
16.84,35.81,33.90,5.45E+00,2.25E+01,1.75E+01
-1.09,17.23,34.50,1.33E+01,7.64E+01,1.94E+01
11.46,24.59,1.41,1.18E+00,1.60E+01,1.09E+01
-5.25,21.48,4.61,1.74E+01,1.99E+01,1.64E+01
4.43,29.26,14.60,1.84E+01,2.13E+01,5.34E+01
27.08,16.90,25.97,1.37E+01,1.39E+01,1.73E+01
44.60,21.27,14.01,1.96E+01,1.47E+01,1.63E+01
4.66,28.96,3.92,2.33E+01,8.88E+00,2.48E+01
0.35,83.07,17.06,3.56E+01,1.59E+01,2.45E+01
3.44,13.45,4.15,6.22E+00,1.44E+01,2.59E+01
6.00,13.94,6.99,7.95E+00,1.64E+01,1.69E+01
92.79,189.64,9.10,1.74E+00,1.82E+01,2.22E+01
-3.22,31.58,14.20,1.76E+01,2.57E+01,4.32E+01
6.18,26.77,59.95,1.22E+01,3.70E+01,4.72E+01
0.72,23.45,2.52,3.01E+01,4.09E+01,2.15E+01
8.69,12.46,6.01,1.35E+01,1.50E+01,6.43E+01
-2.20,34.34,3.66,1.49E+01,1.29E+01,2.11E+01
-7.66,28.88,16.85,3.32E+01,7.32E+00,1.88E+01
-9.54,28.83,20.67,8.79E+00,3.25E+01,1.87E+01
-2.77,37.45,31.22,1.15E+01,5.23E+00,3.38E+01
8.67,20.50,10.86,1.21E+01,1.63E+01,3.76E+01
13.25,29.91,0.45,1.43E+01,6.93E+00,2.29E+01
1.78,30.25,4.21,2.72E+01,1.33E+01,2.51E+01
18.57,22.74,-2.81,1.08E+01,1.81E+01,2.62E+01
-1.32,29.20,3.29,2.25E+01,1.12E+01,3.61E+01
-3.11,18.15,102.90,3.29E+01,1.13E+01,3.82E+01
4.13,40.37,11.76,1.30E+02,1.52E+01,2.62E+01
2.18,20.87,28.55,1.98E+01,7.22E+00,1.55E+01
-2.66,32.74,7.03,1.20E+01,9.48E+00,2.80E+01
-0.48,27.36,7.14,4.58E+01,1.78E+01,5.57E+01
-8.33,32.58,11.35,1.04E+01,1.01E+01,2.22E+01
18.39,23.19,2.22,1.24E+01,1.08E+01,2.24E+01
18.53,21.72,0.83,5.12E+01,1.45E+01,4.56E+01
18.41,60.61,16.49,5.41E+00,1.22E+01,3.66E+01
4.15,56.75,2.30,5.98E+00,1.42E+01,2.05E+01
8.65,18.96,24.33,1.99E+01,6.81E+01,1.57E+01
-3.38,16.39,12.41,8.94E+01,1.15E+01,4.80E+01
1.80,37.99,7.11,2.74E+01,6.24E+00,1.64E+01
9.93,27.67,3.72,1.30E+01,1.61E+01,1.82E+01
-7.90,28.20,8.68,6.37E+00,3.27E+01,1.66E+01
1.81,25.56,5.39,8.96E+00,1.52E+01,2.91E+01
12.12,25.83,22.69,4.38E+01,2.15E+01,3.83E+01
7.25,48.66,24.20,2.96E+00,2.77E+01,6.53E+01
3.91,41.32,8.53,1.75E+01,9.54E-01,1.20E+01
2.43,24.78,22.57,1.33E+01,1.42E+01,1.95E+01
14.32,51.73,11.13,1.15E+01,1.10E+01,3.01E+01
25.47,30.65,5.02,2.82E+00,1.02E+01,1.52E+01
0.17,21.88,6.69,1.41E+01,1.06E+01,7.56E+00
-5.62,43.84,11.31,1.61E+01,1.62E+01,1.78E+01
59.52,29.14,10.33,7.99E+01,1.53E+01,7.02E+01
16.74,22.71,8.63,5.63E+01,9.49E+00,1.14E+01
2.89,23.05,25.02,8.68E+01,1.06E+01,2.76E+01
1.80,11.21,9.15,8.91E+00,1.00E+01,2.10E+01
-11.76,18.00,38.33,9.13E+00,1.86E+01,1.33E+01
26.07,29.53,7.85,4.08E+00,1.16E+01,2.10E+01
26.84,79.10,-4.30,1.88E+01,9.31E+00,1.18E+01
3.42,30.52,2.64,3.89E-01,1.72E+01,2.46E+01
1.38,21.40,2.68,9.02E+00,1.89E+01,5.37E+01
18.81,18.93,3.24,3.43E+01,2.63E+01,1.78E+01
3.73,15.65,10.01,1.07E+01,8.06E+00,1.10E+02
61.55,17.07,31.34,2.14E+01,1.68E+01,4.06E+01
42.05,25.88,4.99,8.66E+01,1.03E+01,3.08E+01
2.68,52.91,19.19,1.09E+01,1.03E+01,5.26E+01
30.80,11.53,8.18,7.65E+00,1.26E+01,3.49E+01
4.32,27.50,26.58,3.96E+01,1.54E+01,2.99E+01
-3.48,29.53,1.69,3.49E+01,1.27E+01,3.54E+01
13.42,14.24,8.87,1.69E+01,1.88E+01,3.21E+01
-6.39,15.86,79.70,2.25E+01,2.50E+01,2.14E+01
6.79,13.49,9.31,2.29E+01,3.42E+01,1.75E+01
4.10,39.07,8.56,6.59E+01,1.37E+01,2.09E+01
16.20,46.82,8.36,6.55E+01,8.25E+00,2.34E+01
10.90,34.10,6.32,1.08E+01,7.22E+00,1.53E+01
-2.27,9.43,30.32,1.51E+01,1.98E+00,3.28E+01
3.70,14.34,20.36,5.65E+00,5.29E+00,1.60E+01
-13.90,10.40,10.91,2.52E+01,2.69E+00,1.91E+01
7.98,28.13,0.34,1.54E+01,1.35E+01,1.76E+01
3.22,17.88,51.73,1.75E+01,1.41E+01,2.27E+01
8.06,19.34,2.80,1.63E+01,7.59E+00,1.47E+01
7.88,6.06,6.06,2.87E+01,6.83E+00,2.40E+01
21.15,11.54,29.42,2.48E+01,2.12E+01,3.51E+01
14.81,17.30,17.90,1.32E+01,7.48E+00,1.83E+01
18.12,14.42,27.75,1.77E+01,1.10E+01,1.07E+01
6.00,25.14,4.04,2.76E+01,7.93E+01,1.54E+01
15.36,38.90,6.60,3.58E+01,2.68E+00,1.86E+01
3.39,27.96,14.02,2.14E+01,7.36E+00,1.39E+01
30.56,28.96,9.96,6.94E+00,2.15E+01,2.06E+01
9.79,16.82,31.01,6.57E+00,5.00E+00,2.57E+01
17.28,11.31,5.15,9.71E+00,2.53E+01,5.31E+01
14.26,21.34,13.70,8.08E+00,2.57E+00,5.10E+01
12.90,40.49,7.17,8.86E+00,6.09E+00,1.33E+01
1.67,46.04,39.20,2.01E+01,9.18E+00,6.36E+01
7.93,23.41,80.09,8.33E+00,8.52E+00,3.84E+01
-4.02,6.92,22.36,7.17E+00,1.27E+01,1.79E+01
22.87,13.76,62.30,3.95E+01,1.16E+01,1.85E+01
21.50,15.90,21.28,2.16E+01,1.35E+01,7.84E+01
19.84,40.29,7.43,-6.81E-01,6.04E+00,2.81E+01
52.27,8.67,14.33,1.16E+01,5.08E+00,1.28E+01
31.72,10.96,9.60,8.51E+00,5.43E+00,1.47E+01
10.86,10.12,12.08,5.87E+00,9.42E+00,7.02E+00
10.59,15.08,6.83,7.56E+00,5.15E+00,4.58E+01
0.35,26.34,15.15,3.97E+01,-2.57E+00,2.53E+01
7.10,27.51,27.19,1.15E+01,-1.25E+00,1.99E+01
1.24,16.03,8.80,6.39E+01,6.33E-01,1.67E+01
-4.31,23.52,7.92,1.89E+01,1.38E+00,2.60E+01
3.45,20.66,8.31,5.83E+00,1.10E+01,1.56E+01
3.95,18.06,8.32,1.82E+01,2.17E+00,1.35E+01
13.32,17.23,21.56,7.15E+00,1.79E+01,1.72E+01
2.52,19.93,2.54,3.17E+01,-3.11E+00,1.92E+01
9.61,33.36,43.85,1.74E+01,4.36E+01,1.22E+01
53.94,20.42,16.25,2.30E+01,3.11E+01,3.90E+01
30.90,7.00,9.66,4.83E+01,1.59E+01,4.36E+01
10.34,13.37,5.61,2.77E+01,2.69E+01,2.38E+01
0.29,107.57,13.27,3.44E+01,1.97E+01,2.98E+01
14.25,44.46,7.91,9.14E+00,1.09E+01,2.27E+01
13.93,25.31,25.67,4.91E+00,1.10E+00,4.16E+01
20.34,18.21,7.45,1.75E+01,1.03E+01,2.30E+01
8.30,36.68,45.72,1.14E+01,-2.48E-01,6.91E+01
18.21,18.48,7.97,1.61E+01,1.97E+00,6.84E+00
1.92,3.82,2.63,2.98E+01,9.62E+00,5.31E+00
8.62,13.06,31.70,4.67E+01,1.42E+01,1.08E+01
8.36,14.93,6.24,2.11E+00,1.80E+01,1.13E+01
3.40,3.10,8.24,8.93E+00,5.12E+00,1.28E+01
10.63,24.93,0.07,1.31E+01,9.74E-01,2.86E+00
9.47,16.39,41.90,1.17E+02,-8.71E-01,4.00E+01
14.71,22.55,11.40,2.48E+01,5.06E-01,4.88E+01
10.20,9.85,5.19,1.99E+01,5.55E+00,4.97E+00
26.76,17.87,11.60,1.84E+01,2.99E+01,2.09E+01
12.55,15.17,8.87,3.28E+01,4.59E+00,4.87E+00
18.29,53.88,15.55,6.64E+01,7.61E+00,-3.31E+00
20.98,15.25,30.28,3.69E+01,3.11E+00,-3.17E+00
3.06,10.30,19.99,8.96E+00,3.23E+00,-1.80E+00
3.50,27.81,4.12,9.28E+00,4.55E-01,2.02E+01
27.67,21.19,0.99,7.49E+00,4.04E+00,5.39E+00
18.14,19.43,9.31,9.02E+00,6.55E-01,1.08E+01
57.46,19.94,8.40,4.27E+01,4.90E+00,-2.32E+00
18.86,16.63,21.17,1.27E+01,7.04E+00,-2.77E+00
12.26,23.78,11.83,1.11E+01,7.49E+00,8.25E+00
6.85,26.92,18.28,2.22E+01,9.22E+00,5.08E+00
15.81,40.60,5.79,9.83E+00,1.38E+01,1.29E+01
37.19,19.19,4.94,2.47E+00,1.14E+00,5.24E+00
1.37,15.21,25.81,2.07E+01,1.33E+01,2.61E+01
29.94,26.16,6.52,1.46E+01,-9.88E-02,3.66E+01
7.17,25.18,5.15,8.64E+00,3.21E+01,-6.95E-01
-6.03,14.87,7.11,6.71E+00,6.24E+00,3.36E+00
16.52,30.95,12.30,9.35E+00,1.51E+00,9.51E-01
11.03,35.04,46.12,1.51E+01,1.13E+00,-2.16E+00
34.73,23.46,18.50,2.28E+01,-3.70E-02,2.81E+01
19.08,32.66,5.20,2.71E+01,9.01E+00,5.16E+01
6.44,24.81,4.06,9.53E+00,1.30E+00,3.70E+00
21.35,23.95,6.49,1.69E+01,1.02E+01,8.13E+00
19.48,26.77,8.15,1.17E+01,1.51E+01,1.94E+01
27.51,22.56,1.50,9.35E+00,-2.02E+00,1.03E+00
6.66,29.32,41.20,2.74E+01,8.95E+00,1.40E+01
2.28,15.27,10.73,7.79E+00,6.67E+01,3.27E+00
55.95,11.42,7.05,9.83E+00,6.26E+00,3.99E+00
27.11,32.86,1.88,6.88E+00,1.31E+01,-8.12E+00
10.65,20.31,5.82,1.94E+01,1.52E+01,-2.17E+00
5.38,33.58,5.46,3.30E+01,3.89E+01,2.54E+00
11.66,21.19,21.03,9.33E+00,1.16E+00,8.61E-01
51.14,23.19,2.67,1.46E+01,8.78E+00,4.71E+01
32.82,11.56,17.45,2.90E+01,9.58E+00,5.43E+00
8.31,24.83,9.97,1.65E+01,8.61E+00,2.81E+01
24.22,20.94,6.97,1.52E+01,3.75E+00,1.78E+00
28.82,41.19,56.23,1.22E+01,7.75E+00,7.40E+00
21.86,67.50,7.95,2.03E+01,2.34E+00,5.03E+00
10.85,31.34,1.87,2.64E+01,5.37E+01,1.51E+00
13.69,29.71,0.73,2.43E+01,8.03E+00,1.15E+01
12.53,20.39,7.15,3.23E+01,4.99E+00,-2.29E-01
17.37,37.81,-2.04,9.52E+00,2.53E+01,-4.57E+00
-10.44,24.39,42.84,2.65E+01,-9.36E-01,-3.50E+00
35.63,14.26,9.13,5.39E+00,2.14E+00,-6.68E-01
5.73,17.30,9.51,1.27E+01,1.54E+01,7.01E+00
7.74,10.30,12.53,7.16E+00,2.86E+01,3.38E+00
22.31,10.73,24.31,1.10E+01,1.00E+01,-8.81E-01
1.50,13.54,10.00,2.77E+01,1.37E+01,4.24E+00
-5.44,31.28,1.17,2.01E+01,5.28E+00,2.86E+01
6.51,17.59,15.83,1.13E+01,7.08E+00,-3.94E+00
-2.48,37.59,9.18,3.94E+00,1.32E+01,2.12E+01
1.86,26.58,9.86,1.55E+01,6.61E+00,6.91E+00
-5.51,54.21,11.23,4.24E+01,2.54E+01,5.49E+00
-13.89,35.36,17.64,2.68E+01,1.71E+01,1.87E+00
-5.25,31.26,11.06,2.65E+01,6.04E+00,-5.02E+00
2.96,23.86,14.39,1.18E+01,1.36E+01,-5.44E+00
3.33,17.88,7.03,1.32E+01,2.96E+00,2.54E+01
28.89,49.82,12.18,1.32E+01,5.97E+00,8.35E+00
0.16,12.60,1.41,2.53E+01,3.28E+00,1.40E+00
58.37,18.78,37.23,4.10E+00,4.80E+00,2.14E+01
-5.07,21.36,14.35,1.10E+01,5.01E+00,-2.08E+00
8.81,75.63,2.58,6.52E+00,5.75E-01,-4.23E+00
0.47,22.70,0.13,5.83E+00,8.04E+00,-6.17E+00
-6.46,20.16,14.02,7.03E+01,1.08E+01,1.07E+01
-7.40,51.87,6.39,-3.33E+00,3.93E+00,1.07E+01
-7.87,13.61,5.46,7.57E+00,5.25E+00,-2.88E-01
-7.45,21.31,29.51,1.94E+01,6.33E+01,-2.03E+00
8.69,57.06,11.45,2.99E+01,2.62E+01,4.42E+00
-3.44,40.75,1.87,7.71E+00,7.36E+00,1.38E+01
27.32,17.12,-1.37,1.52E+01,2.26E+01,-3.69E+00
1.72,18.93,21.92,1.88E+01,3.51E+00,8.21E-02
26.75,11.71,14.75,9.33E+00,7.53E-01,1.11E+01
4.74,22.85,3.08,7.09E+00,2.17E+01,-4.68E-01
-8.13,45.91,2.01,6.11E+01,1.30E+00,2.85E+01
5.08,25.23,15.03,1.29E+01,2.81E+00,2.22E+01
16.74,47.10,2.62,2.34E+01,9.07E+00,6.89E+00
0.51,39.79,19.02,1.58E+01,1.15E+01,5.16E+00
9.71,26.92,26.27,3.67E+00,-8.40E-01,1.04E+00
55.64,17.98,12.61,8.47E+00,7.68E+00,9.69E+00
6.63,14.59,-3.15,9.97E+00,4.72E+00,-3.61E+00
20.25,33.26,18.81,2.14E+01,2.13E+00,2.14E+00
-1.83,47.93,18.34,1.49E+01,3.85E+00,5.50E+00
14.28,34.18,2.99,1.91E+01,4.79E+01,-7.77E+00
6.62,22.12,7.69,2.49E+01,6.03E+00,2.75E+00
1.39,25.77,21.42,1.48E+01,3.20E+01,-4.64E+00
1.82,16.36,0.96,7.80E+01,8.59E+00,-1.80E+00
5.21,26.39,-1.78,1.56E+01,1.28E+01,-4.32E+00
-3.49,14.93,17.75,1.16E+01,3.86E+00,1.52E+01
-4.02,59.90,17.85,1.20E+01,-1.28E+00,4.43E+00
3.33,11.15,36.85,9.58E+00,1.76E+01,-3.14E+00
-2.90,104.21,38.29,2.12E+01,4.16E+00,-3.51E+00
10.49,38.30,40.47,1.95E+01,4.98E+00,-5.31E+00
-2.76,19.61,14.88,8.83E+00,-2.20E+00,1.81E+01
13.18,10.59,16.53,2.33E+00,1.18E+01,9.40E+00
-5.22,16.86,7.81,5.78E+01,7.97E-01,-6.63E+00
7.42,50.27,17.27,5.06E+00,4.79E+00,-2.01E+00
-3.93,14.64,44.76,5.80E+00,6.38E+00,3.53E-01
10.77,39.96,5.56,5.89E+00,6.95E+01,1.65E-01
5.32,45.83,0.52,1.16E+01,3.58E+00,3.98E+01
-2.98,7.55,24.32,1.95E+00,3.85E+01,2.32E+01
1.22,26.93,12.15,1.98E+01,1.81E+01,6.64E+00
16.78,22.40,18.28,2.42E+00,3.84E-01,3.97E+00
7.43,13.57,20.41,1.99E+01,6.86E+00,1.32E+00
7.33,18.35,4.31,9.45E+00,9.77E+00,3.99E+00
0.69,25.31,20.36,1.31E+01,9.63E+00,1.77E+01
2.27,32.57,-5.44,2.16E+01,1.05E+01,2.97E+01
-0.64,32.53,1.04,1.22E+01,2.71E+01,9.20E+00
28.84,24.43,8.95,1.90E+01,7.68E+00,1.45E+01
-1.70,19.73,-3.65,1.17E+01,1.43E+01,-1.75E+00
-8.27,20.99,8.50,2.46E+01,3.55E+00,2.26E+01
26.18,20.60,5.51,2.49E+01,-9.23E-01,-1.06E+00
22.29,24.85,10.35,1.84E+01,-1.48E+00,7.67E-01
10.81,25.14,15.99,2.97E+01,-2.01E+00,8.70E+00
-7.69,9.46,-0.67,3.00E+01,5.64E+00,1.77E+00
-1.92,50.44,10.71,5.91E+00,-4.59E-01,7.80E+00
13.55,23.03,46.04,8.50E+00,6.94E+00,5.56E+00
48.32,20.86,34.35,1.67E+01,3.83E+00,1.27E+01
5.24,21.75,17.31,3.90E+01,2.76E+01,-5.29E+00
-0.63,14.84,-3.55,1.38E+01,8.49E+00,9.27E-01
8.81,21.51,0.39,2.57E+01,6.86E+00,-2.27E+00
4.00,31.23,12.59,3.61E+01,1.14E+01,-6.35E+00
-1.54,25.03,1.55,2.17E+01,6.26E+00,-2.95E+00
0.62,41.59,1.31,2.32E+01,1.64E+01,-3.41E+00
-1.46,38.19,4.05,6.54E+01,7.69E+00,5.82E-01
8.86,45.65,39.08,1.10E+01,8.56E+00,-1.03E+00
10.35,15.28,7.78,7.69E+01,1.10E+01,4.65E+00
9.65,28.00,8.11,2.18E+01,9.96E+00,6.78E+00
12.47,15.58,-0.44,1.68E+01,8.90E+00,1.89E+01
59.24,19.18,-0.20,8.89E+00,3.78E+01,-3.00E+00
3.82,23.53,31.36,3.17E+01,1.41E+01,-6.08E-01
1.73,30.50,11.63,1.43E+01,7.42E+00,2.13E+01
18.94,22.47,5.97,1.35E+01,2.83E+01,1.09E+01
-5.93,26.78,3.33,6.21E+00,8.92E+00,-7.59E-01
10.39,36.19,8.08,1.01E+01,7.62E+00,-9.71E+00
-2.20,21.53,3.52,1.29E+01,9.82E-01,-2.37E+00
-3.84,16.03,2.41,1.30E+01,1.04E+01,1.02E+00
9.48,16.65,6.66,6.39E+00,1.42E+01,2.49E+01
22.51,19.71,19.27,2.49E+01,4.62E+00,2.51E+01
-1.48,60.18,12.54,-4.57E+00,4.23E+01,-4.03E+00
3.61,11.54,6.29,1.81E+00,1.62E+01,1.28E+01
13.73,30.05,-6.12,5.66E+00,1.05E+01,4.68E+01
10.33,21.96,10.91,1.44E+01,4.60E+00,2.39E+00
2.13,16.06,6.94,1.36E+01,2.06E-01,-3.75E+00
4.26,18.97,-1.97,1.11E+01,-2.37E+00,2.77E+01
4.32,25.44,7.86,6.93E+00,-3.35E+00,4.32E+01
-3.24,44.40,10.17,5.87E+00,-1.15E+00,9.73E+00
-2.99,37.98,11.82,5.25E+01,1.37E+01,-5.43E+00
-2.28,19.01,-1.53,4.74E+01,2.63E+00,7.40E+00
8.85,20.00,0.94,2.32E+01,1.45E+01,-7.34E+00
-15.62,16.52,4.59,6.34E+00,3.08E+01,1.93E+01
20.36,18.90,-0.72,1.64E+01,8.10E+00,1.49E+01
18.92,29.27,2.48,2.86E+01,1.94E+00,4.39E+00
23.68,46.33,5.96,7.17E+00,2.42E+01,3.26E+00
20.71,27.07,3.51,7.30E+00,-1.45E+00,-2.59E+00
-2.39,28.00,9.10,1.96E+01,1.28E+01,2.08E+00
-1.55,30.19,6.62,1.25E+01,5.38E+00,-2.82E+00
-0.07,15.94,7.44,1.20E+01,4.38E+00,1.82E+00
-3.22,54.05,13.90,9.80E+00,1.55E+01,1.33E+01
11.04,28.40,-0.02,2.34E+01,1.45E+01,3.94E+01
5.58,48.02,11.93,9.96E+00,5.74E+00,3.82E+00
55.38,14.64,29.63,1.97E+01,6.09E+00,-2.52E+00
10.09,63.81,3.65,3.62E+01,3.77E+01,1.95E+01
11.74,22.51,9.23,1.67E+01,-2.06E+00,1.47E+01
-4.78,21.68,23.06,9.75E+00,9.34E+00,2.16E+01
20.95,36.59,13.06,1.89E+01,3.26E+01,2.15E+01
14.84,20.13,11.82,2.32E+01,1.09E+01,8.39E-01
4.94,28.02,4.46,1.54E+01,5.80E+00,1.14E+01
6.67,18.35,4.52,8.51E+00,3.12E+00,7.01E+00
1.24,36.17,5.26,2.19E+01,-4.38E+00,1.59E+01
-3.96,25.09,4.95,2.66E+01,1.31E+01,2.01E+01
2.18,37.37,12.46,2.41E+01,-1.44E+00,6.91E+00
-2.54,31.14,-2.57,6.61E+00,4.39E+00,7.65E+00
0.78,49.95,14.83,3.74E+00,4.82E-01,6.41E+00
8.69,28.20,19.44,1.97E+01,2.77E+01,1.62E+01
-3.71,43.21,47.38,1.39E+01,2.63E+01,1.51E-02
36.97,26.63,24.40,1.94E+01,4.26E+00,1.16E+01
2.12,43.14,15.56,1.85E+01,3.51E+00,1.59E+01
14.24,21.91,8.16,3.14E+01,2.48E+00,5.66E+01
33.76,19.03,48.28,7.39E+00,5.07E+00,1.11E+02
38.43,32.70,23.54,-1.89E+00,3.55E-01,2.32E+01
11.11,27.36,17.67,3.60E+00,-5.30E+00,5.89E+00
7.97,36.51,9.12,3.02E+02,-9.39E-01,4.80E+00
0.62,19.42,28.75,4.26E+01,9.36E-01,1.43E+01
6.32,17.78,6.09,1.22E+00,1.13E+01,5.57E+00
9.02,32.17,5.91,2.13E+01,-3.12E+00,3.04E+01
22.81,119.63,14.67,5.48E-01,1.46E+01,2.10E+00
0.67,52.46,6.80,2.21E+01,-5.33E+00,8.27E+00
25.18,38.15,2.64,9.25E+00,4.50E+00,1.12E+01
11.43,25.95,3.91,2.46E+01,-8.83E-01,8.68E+00
17.30,20.18,-1.16,2.80E+01,4.01E+00,6.77E+00
9.89,24.28,16.31,2.01E+01,-4.62E+00,3.35E+00
17.16,50.44,20.85,-3.85E+00,-6.57E+00,7.60E+00
6.16,29.57,2.89,5.85E+00,7.63E+00,5.46E+00
109.19,18.95,0.65,2.34E+01,8.59E+00,2.14E+01
81.28,30.87,15.17,9.96E+00,-4.61E+00,1.82E+01
2.12,26.28,12.31,-1.62E+00,4.05E+00,1.10E+01
8.02,24.64,15.07,5.78E-01,1.12E+00,1.42E+01
2.72,38.99,7.72,4.24E+00,-1.73E+00,3.67E+01
17.40,34.50,18.18,7.38E+01,7.42E-01,1.17E+01
25.01,23.05,-1.83,1.24E+01,-4.07E+00,8.65E+00
8.18,27.64,10.73,2.05E+01,1.75E-01,3.73E+00
21.72,20.22,18.03,5.63E+00,-3.09E+00,6.08E+00
6.74,18.38,12.34,2.95E+01,4.52E+00,1.23E+01
16.47,18.70,12.84,1.72E+01,-2.91E+00,9.55E+00
10.00,28.48,10.88,8.69E+00,1.31E+01,1.77E+00
4.45,24.75,16.46,1.11E+02,-2.54E+00,2.30E+01
10.97,18.05,29.84,6.31E+00,-3.12E+00,2.08E+01
22.59,31.21,2.57,1.06E+01,5.43E+00,1.26E+01
15.28,19.17,0.58,1.36E+01,4.48E+00,1.74E-02
7.66,16.14,0.52,9.54E+00,2.98E+00,1.48E+01
11.61,26.05,20.29,1.75E+01,2.81E+00,4.86E+00
53.26,25.37,-2.47,1.68E+00,6.92E+01,8.22E+00
0.32,33.19,51.75,1.27E+01,9.40E-01,1.94E+01
31.37,21.23,-0.74,1.15E+01,2.88E-01,8.00E+00
12.37,19.68,9.05,1.08E+01,3.26E+00,2.50E+01
26.03,49.34,24.01,6.24E+00,-3.68E+00,4.49E+00
5.23,67.27,-2.02,1.71E-01,2.68E+00,1.45E+00
14.95,32.65,10.64,1.38E+01,-4.12E+00,8.41E+00
68.01,58.12,3.26,4.73E+01,-3.68E+00,1.17E+01
12.94,106.54,5.72,3.93E+01,3.71E+00,3.87E+00
-2.34,22.49,11.92,5.08E+01,7.84E+00,2.49E+01
16.77,40.64,80.62,4.24E+01,1.88E+00,1.24E+01
6.51,36.15,4.52,2.30E+01,7.38E+00,1.87E+01
6.09,24.36,7.32,3.15E+00,-3.80E+00,8.13E+00
22.18,27.32,-6.17,3.27E+00,4.53E+01,2.51E+01
1.28,14.79,1.73,1.13E+01,6.14E+00,2.34E+01
-0.57,13.50,1.52,9.33E+00,2.92E+01,3.13E+01
0.55,16.11,11.92,3.93E+00,7.22E+00,7.76E+01
3.33,27.08,12.36,1.03E+01,5.04E+00,1.03E+01
6.45,20.63,-0.30,1.31E+01,1.13E+01,1.33E+01
-0.73,38.81,6.38,2.03E+01,1.17E+00,1.09E+01
-2.16,39.44,38.66,8.84E+00,-8.75E-01,3.00E+01
1.68,71.92,17.37,1.78E+01,8.30E+00,1.03E+01
7.01,35.84,5.39,1.32E+01,7.61E-01,7.65E+00
11.62,46.70,6.53,9.53E+00,1.65E+01,1.72E+01
22.84,25.24,80.94,1.14E+01,9.48E+00,4.24E+00
11.06,30.60,-1.46,5.70E+01,9.82E+00,1.36E+01
6.06,46.02,13.02,8.04E+00,5.66E+00,2.03E+01
10.69,37.95,23.06,2.67E+00,1.43E+00,4.18E+00
10.69,17.94,2.34,3.64E+00,8.00E+00,2.34E+01
6.38,23.09,10.28,5.96E+00,3.16E+01,1.38E+01
3.72,27.21,0.90,1.91E+00,1.32E+01,1.51E+01
0.25,22.34,1.51,1.09E+01,5.36E+00,1.54E+01
8.13,17.47,10.31,6.34E+01,1.83E+00,3.56E+00
28.38,28.55,-0.33,1.47E+01,1.16E+01,2.20E+01
15.80,26.92,3.61,3.87E+01,2.71E+01,2.52E+00
23.95,29.29,86.05,2.21E+01,-4.21E+00,1.09E+01
6.61,15.53,11.63,4.69E+01,5.18E+00,2.17E+01
3.57,59.48,21.19,1.60E+01,2.04E+00,1.27E+00
-1.03,52.99,6.35,9.01E+01,-2.48E-01,2.22E+01
9.69,22.46,13.82,2.90E+01,9.75E+00,4.69E+00
-0.13,21.52,69.47,2.39E+01,6.45E+00,2.17E+01
4.56,28.66,26.11,1.94E+01,5.58E+00,4.76E+00
9.72,37.77,4.18,1.40E+01,-1.88E+00,1.01E+01
1.78,23.43,34.52,1.59E+01,-7.87E+00,9.55E+00
9.13,32.00,1.69,1.52E+01,3.24E+01,1.04E+01
11.34,28.37,16.12,5.03E+01,2.07E+01,1.90E+01
50.15,28.57,3.87,3.54E+01,7.13E+00,1.27E+01
12.45,27.97,7.75,1.59E+01,4.87E+00,9.89E+00
14.99,20.92,-5.50,2.25E+01,4.40E+00,1.13E+01
3.71,34.55,5.89,3.60E+01,9.23E+00,4.74E+01
1.01,32.52,2.62,1.47E+01,1.13E+01,1.65E+01
-1.49,61.61,12.98,2.72E+01,8.15E-01,1.11E+01
10.26,27.04,5.78,2.23E+01,3.55E+01,8.61E+00
3.14,35.77,4.04,4.74E+01,1.31E+01,1.00E+01
3.02,46.83,10.93,1.01E+01,8.85E+00,1.96E+01
15.48,52.42,4.67,8.47E+00,3.98E+01,8.43E+00
-1.11,21.83,1.88,7.44E+00,1.56E+01,1.73E+01
41.51,8.75,11.14,2.41E+01,5.40E+00,2.33E+01
11.18,30.14,7.50,1.44E+01,4.86E+00,1.32E+01
5.81,29.86,-2.16,1.37E+01,2.95E+00,1.63E+01
10.11,44.02,7.69,7.22E+00,3.87E+00,2.16E+01
16.86,37.75,11.33,1.11E+01,9.33E+00,4.44E+01
9.06,41.41,8.28,1.45E+01,2.27E-01,1.69E+01
40.45,14.04,14.86,3.06E+01,2.43E+01,1.47E+01
7.19,66.84,8.42,4.46E+01,4.58E+00,6.23E+00
9.50,30.10,0.34,1.44E+02,9.68E+00,1.22E+01
-6.67,25.34,0.07,1.67E+01,8.04E+00,1.44E+01
6.68,32.59,12.23,7.26E+00,4.75E+00,8.45E+00
4.47,21.28,10.44,1.37E+01,4.61E+01,6.18E+00
3.80,44.62,12.25,2.82E+01,-7.01E-01,4.27E+01
22.94,70.58,18.51,3.77E+01,-3.64E+00,2.68E+01
25.20,34.55,3.68,7.52E+00,2.55E+00,3.21E+01
11.87,21.32,-3.67,1.83E+01,1.12E+01,1.47E+01
3.13,19.08,23.94,5.97E+00,6.45E+00,1.39E+01
13.83,37.92,8.46,7.73E+00,8.51E+00,1.40E+01
25.17,20.12,9.45,9.16E+00,4.40E+00,1.02E+01
51.67,20.05,3.73,8.46E+01,1.61E+01,2.98E+01
2.22,23.23,12.87,1.08E+01,8.63E+00,1.40E+01
7.18,27.08,7.20,2.74E+01,8.23E+00,9.07E+00
4.25,22.64,2.65,1.60E+01,8.77E+00,1.14E+01
9.79,30.99,2.72,1.50E+01,2.06E+01,1.55E+01
36.24,41.09,5.97,2.71E+01,9.93E+01,2.87E+01
26.79,23.87,11.15,3.07E+01,2.94E+01,1.57E+01
18.62,43.34,9.12,1.69E+01,5.17E+00,1.01E+01
4.93,22.50,0.61,2.69E+01,2.76E+01,1.83E+01
13.89,47.15,2.60,1.79E+01,1.10E+01,2.67E+01
14.57,19.90,4.46,1.10E+01,4.35E+00,4.49E+01
27.14,28.01,5.53,1.07E+01,-2.44E+00,3.99E+01
19.54,68.61,1.29,9.28E+00,-1.12E-01,4.87E+01
7.54,26.78,19.91,2.58E+01,6.46E+00,2.33E+01
0.11,21.74,8.86,4.23E+01,4.55E+00,1.37E+01
10.82,21.81,6.75,1.07E+01,1.59E+01,1.62E+01
2.01,50.82,39.40,1.74E+01,1.78E+00,1.84E+01
-0.58,35.97,19.75,2.89E+01,2.67E+00,2.21E+01
3.64,46.14,7.28,1.31E+01,1.28E+01,2.25E+01
18.90,30.35,6.61,1.77E+01,1.84E+00,3.40E+01
11.20,23.82,7.40,2.96E+01,3.14E+01,1.82E+01
-1.62,42.62,20.47,4.12E+01,1.36E+01,7.51E+00
10.13,27.52,14.49,4.48E+01,3.16E+00,1.87E+01
4.61,37.35,-0.66,5.73E+01,8.86E+00,4.02E+01
9.40,22.16,20.17,2.35E+01,1.26E+01,3.31E+01
2.26,32.59,22.45,2.72E+01,2.89E+01,1.46E+01
7.13,54.22,-0.68,1.54E+01,1.97E+01,2.54E+01
8.78,55.16,1.28,4.85E+01,4.87E+00,1.57E+01
15.89,52.90,0.54,1.78E+01,3.77E+00,1.34E+01
3.00,24.27,4.05,1.38E+01,-2.44E+00,3.77E+01
-1.13,81.68,0.05,3.09E+01,1.87E+00,1.32E+01
3.44,28.42,8.66,2.09E+01,1.10E+01,1.15E+01
7.87,16.23,9.19,3.38E+01,1.50E+01,1.24E+01
2.85,60.90,18.46,1.74E+01,1.38E+01,1.64E+01
-0.27,42.68,33.24,6.08E+01,2.09E+01,3.24E+01
-3.14,30.62,55.19,2.00E+01,1.72E+01,4.58E+00
4.53,34.61,32.69,4.57E+01,1.57E+01,1.67E+01
-6.15,26.97,5.31,2.40E+01,6.38E+00,1.42E+01
13.90,45.65,5.17,1.67E+01,7.88E-01,1.68E+01
1.62,47.35,3.11,3.38E+01,1.08E+01,3.95E+01
13.30,26.74,26.13,2.90E+01,7.23E+01,3.03E+01
21.89,30.61,1.14,3.47E+01,1.11E+02,1.81E+01
37.27,48.65,3.12,5.53E+01,1.50E+01,1.47E+01
14.31,39.07,1.31,3.07E+01,1.49E+01,2.72E+01
34.83,25.85,5.03,2.01E+01,5.49E+00,2.84E+01
12.32,59.44,5.22,2.68E+01,5.50E+00,1.30E+01
21.35,38.49,6.33,2.79E+01,5.70E+00,2.95E+01
41.88,40.32,13.24,2.97E+01,4.52E+00,5.05E+01
3.75,26.74,21.39,1.49E+01,1.12E+00,3.11E+01
-5.72,30.50,6.07,1.64E+01,2.58E+00,2.10E+01
14.59,64.57,27.21,1.35E+01,2.64E+00,2.95E+01
19.82,28.01,3.97,3.92E+00,-2.80E-01,9.12E+00
-3.06,41.62,4.93,1.20E+01,3.25E+00,1.78E+01
9.54,19.94,11.60,1.62E+01,1.58E+01,4.13E+00
0.94,78.12,53.35,2.06E+01,1.73E+00,6.60E+00
4.60,48.58,4.21,1.46E+01,2.76E+00,1.76E+01
7.21,27.61,7.97,3.60E+01,2.03E+00,9.63E+00
-5.25,38.35,6.57,3.85E+01,2.20E+01,1.10E+01
10.69,30.98,6.79,2.08E+01,6.31E+01,1.13E+01
36.13,19.22,-0.82,2.62E+01,1.57E+01,2.63E+01
31.30,28.54,3.44,1.94E+01,-5.71E-01,1.70E+01
11.79,41.54,18.16,1.42E+01,2.00E-02,4.21E+01
23.92,25.37,15.97,2.76E+01,2.31E+00,6.52E+00
26.15,37.45,6.44,3.26E+01,4.16E+00,1.80E+01
16.95,21.02,4.55,1.85E+01,4.64E+01,4.81E+00
4.39,20.99,6.66,4.53E+01,4.09E+00,1.62E+01
17.30,29.66,11.84,1.56E+01,1.27E+01,1.47E+01
-7.46,22.34,25.34,2.68E+01,1.41E+01,2.24E+00
-0.97,34.77,5.33,1.30E+01,6.87E+00,1.37E+00
-4.87,29.96,3.97,1.90E+01,-1.13E+00,3.16E+01
-8.72,24.46,14.19,2.14E+01,-3.96E-01,6.15E+00
19.98,31.18,10.27,1.92E+01,2.85E+00,1.28E+01
12.16,23.09,-0.78,1.97E+01,1.62E+01,5.71E+00
-1.16,31.67,-0.82,2.60E+01,1.99E+01,5.61E+01
26.59,26.06,18.69,4.39E+01,1.25E+00,5.95E+00
-18.82,35.93,19.82,3.70E+01,6.77E+00,7.59E+00
-9.96,61.13,6.93,2.50E+01,4.00E+00,2.26E+00
16.20,36.64,5.08,2.47E+01,3.86E+00,7.25E+00
10.06,25.38,4.58,8.01E+01,2.03E+00,8.29E+00
-10.22,24.57,8.79,3.79E+01,3.46E-01,-2.54E-01
-7.91,28.82,1.87,2.59E+01,-2.58E+00,2.25E+01
-10.92,27.90,18.82,2.53E+01,2.35E+00,1.65E-01
-7.80,46.91,9.80,6.06E+01,4.23E+00,4.11E+01
-8.05,56.15,0.45,3.64E+01,3.70E+01,8.53E+00
1.54,45.32,6.25,3.89E+01,1.89E+01,1.28E+01
-6.89,38.34,9.07,4.81E+01,4.54E+00,2.99E+01
-0.47,21.69,1.09,3.29E+01,-2.03E+00,3.59E+00
-11.08,22.36,0.11,6.19E+01,6.61E+01,7.67E+00
19.31,26.82,3.01,2.63E+01,5.00E+00,-2.43E+00
5.24,39.06,2.16,6.52E+01,4.82E+00,2.92E+01
-9.19,20.30,31.33,4.69E+01,1.40E+01,-2.54E+00
2.52,28.58,19.44,2.76E+01,4.18E+00,1.08E+01
-0.09,28.55,32.57,2.55E+01,1.22E+01,5.20E+00
-3.04,49.38,8.89,3.21E+01,-1.15E-01,1.52E-01
0.01,39.83,2.11,4.56E+01,4.24E+00,2.07E-01
16.48,30.41,3.27,3.89E+01,3.79E+01,1.71E+01
-9.62,42.01,3.73,2.87E+01,2.33E+00,3.36E+01
-15.70,28.47,-5.91,2.34E+01,1.08E+01,1.58E+00
1.89,29.19,2.21,5.81E+01,-3.49E+00,3.50E+00
-11.49,37.24,20.85,1.95E+01,1.33E+01,1.05E+01
6.40,23.72,27.74,8.74E+01,7.42E+00,9.23E+00
-10.96,43.11,-1.27,9.88E+01,8.21E+00,2.32E+01
-1.63,29.41,-5.80,3.74E+01,2.20E+01,4.84E+00
28.37,24.18,3.52,3.64E+01,1.44E+00,1.36E+01
-9.97,35.01,3.25,2.72E+01,5.03E+00,2.61E+00
-3.84,20.63,1.57,3.82E+01,9.07E+00,6.77E+00
-8.71,32.42,37.04,2.55E+01,1.53E+01,-1.35E+00
-7.67,30.99,4.02,3.99E+01,5.16E+01,-1.92E-01
-4.64,33.00,10.71,3.56E+01,1.71E+01,4.72E+00
8.57,33.76,34.01,2.76E+01,1.19E+01,1.20E+01
-2.41,23.11,2.06,1.02E+02,2.70E+00,3.32E+00
-1.70,29.89,4.22,5.25E+01,5.16E+00,6.35E+00
-7.84,36.68,2.71,3.88E+01,9.39E+00,5.16E-01
-4.69,32.87,13.46,5.02E+01,6.66E+00,2.48E+01
0.30,24.60,1.22,4.11E+01,8.90E+00,7.63E+00
4.59,27.21,12.51,3.04E+01,4.94E+00,3.45E-01
5.75,48.61,8.03,6.00E+01,6.67E+00,-1.22E+00
-6.91,30.57,7.79,3.10E+01,4.20E+00,4.98E+00
-6.97,45.68,2.97,1.92E+01,-1.92E+00,1.93E+01
7.25,33.24,3.48,2.21E+01,6.64E+00,8.56E+00
-10.41,35.36,3.83,2.20E+01,2.63E+00,2.46E+00
-7.60,63.71,32.44,2.82E+01,2.08E+00,6.38E+00
-3.23,12.32,1.05,2.88E+01,3.36E+01,7.64E+00
0.82,32.45,84.45,3.95E+01,1.27E+01,-5.54E+00
-3.01,27.14,51.37,2.76E+01,1.21E+01,9.95E+00
-8.99,35.93,10.54,4.78E+01,3.81E+00,1.05E+00
-7.47,36.22,51.65,5.59E+01,8.90E+00,-1.91E+00
-12.82,25.57,16.49,4.33E+01,3.22E+00,9.97E+00
-7.53,29.65,0.34,4.06E+01,4.50E+00,-3.72E+00
-1.45,20.76,10.95,4.80E+01,6.27E+00,2.29E+01
12.57,28.33,10.07,2.92E+01,3.71E+00,-2.34E+00
-11.56,43.72,12.37,6.67E+01,1.07E+01,2.84E+01
18.47,69.12,7.39,4.72E+01,7.80E+00,1.96E+00
4.62,40.00,-4.54,3.59E+01,9.66E+00,1.57E+01
-8.85,21.84,-0.34,3.20E+01,8.29E+00,4.59E+01
-8.18,29.76,22.54,3.79E+01,8.42E+00,2.64E+01
9.30,18.59,14.32,3.22E+01,4.83E+00,-7.23E-01
23.74,18.26,11.74,2.92E+01,6.51E+00,3.52E-01
0.81,32.04,5.31,3.68E+01,1.01E+01,1.86E+00
2.79,18.10,8.23,3.07E+01,1.36E+01,4.69E+01
29.44,31.53,-0.26,3.41E+01,5.07E+00,3.76E+00
-4.52,18.89,10.87,3.58E+01,3.74E+00,5.09E+00
6.66,27.07,6.33,2.17E+01,2.38E+00,-9.18E-01
-4.54,36.48,3.85,2.16E+01,-3.90E+00,8.01E-01
-10.08,31.31,32.23,3.26E+01,5.88E+00,8.60E+00
-8.71,32.26,4.27,2.41E+01,7.65E+00,9.82E-01
-3.74,28.02,6.61,1.32E+01,4.67E+00,2.02E+01
-8.13,31.90,1.04,2.23E+01,7.36E+00,3.91E+00
4.26,35.21,6.94,2.22E+01,8.77E+00,4.03E+00
1.98,23.45,5.34,1.85E+01,8.58E+00,-3.21E+00
12.71,35.14,-2.60,2.74E+01,3.64E+01,1.86E+00
-5.20,25.46,6.74,3.62E+01,4.98E+00,-2.38E+00
-10.73,22.66,6.89,3.18E+01,1.50E+01,-5.12E-01
-1.99,20.12,4.58,1.39E+01,6.83E+00,1.70E+00
0.55,23.16,2.57,2.99E+01,4.28E+00,-1.08E+00
5.60,23.05,12.28,3.26E+01,5.62E+00,2.40E+00
19.30,26.51,3.42,1.83E+01,9.28E+00,5.61E+01
-6.08,22.24,20.31,2.78E+01,2.28E+01,2.64E+01
-2.02,27.84,5.77,4.55E+01,-1.46E+00,2.97E+00
32.77,44.67,5.79,4.75E+01,3.34E+00,2.75E+00
-9.25,40.99,3.90,4.21E+01,2.37E+00,1.30E+01
24.71,40.93,11.39,2.93E+01,3.50E+01,1.23E+01
32.83,27.93,1.73,1.94E+01,1.43E+01,-4.92E+00
-8.72,66.65,-3.46,1.92E+01,3.71E+00,-1.18E+00
20.09,35.74,15.11,2.42E+01,9.38E-02,3.30E+00
7.44,20.72,4.24,2.30E+01,1.59E+01,-5.25E-02
-8.84,20.01,14.86,2.00E+01,6.26E+00,-4.26E-01
-6.95,21.51,5.17,2.66E+01,6.41E+00,-2.22E+00
-3.14,20.17,4.92,2.09E+01,3.83E+01,4.40E-01
-13.78,23.72,2.81,2.65E+01,3.99E+00,3.49E+01
42.90,24.69,-1.84,1.63E+01,5.59E+00,6.53E+00
4.31,25.89,5.71,1.74E+01,1.23E+01,1.77E+00
-4.05,31.52,19.95,3.48E+01,4.00E+01,7.21E+00
9.70,26.87,32.46,3.68E+01,1.83E+01,7.89E+00
-6.08,28.08,4.84,2.50E+01,7.49E+00,3.73E+00
0.95,35.29,9.72,1.67E+01,1.02E+01,1.39E+01
-8.21,40.63,5.24,2.52E+01,6.60E+00,-6.23E+00
19.97,43.82,2.26,4.18E+01,1.30E+01,2.04E+01
-5.77,70.24,8.33,2.28E+01,4.52E+00,-1.30E+00
6.17,44.90,7.82,4.26E+01,1.71E+00,3.04E+00
25.60,20.82,6.41,4.01E+01,6.41E+00,1.78E+01
-11.52,44.26,22.50,2.03E+01,1.20E+01,-5.27E+00
0.13,19.62,8.51,1.56E+01,1.41E+01,-1.12E+00
18.83,111.03,2.29,2.26E+01,5.92E+00,7.33E+01
1.02,69.08,13.34,6.11E+01,4.38E+00,-4.46E-01
-9.36,57.50,-4.63,2.61E+01,1.23E+01,4.38E+00
65.19,43.14,7.52,2.35E+01,2.82E+01,7.35E+00
-7.26,6.68,4.76,3.28E+01,2.76E-01,-1.61E+00
-3.62,18.03,6.96,1.78E+01,5.03E+00,2.15E+01
-2.27,18.64,8.27,2.16E+01,9.56E+00,-4.25E+00
2.31,15.10,3.12,2.56E+01,-2.04E-01,1.12E+01
27.31,12.27,-7.21,1.72E+01,7.28E+00,6.77E+00
40.75,12.38,3.49,2.87E+01,4.01E+00,9.24E+00
-3.33,21.68,9.40,1.87E+01,1.31E+01,-5.58E+00
2.52,11.10,2.72,1.03E+01,3.60E+01,2.10E+00
-2.12,12.03,-4.93,9.23E+01,1.08E+01,-5.21E+00
-10.43,21.58,4.43,2.67E+01,8.64E+00,-4.60E+00
0.56,20.10,6.03,1.85E+01,3.39E+00,4.67E+01
1.50,20.76,5.47,2.24E+01,2.21E+01,2.87E+01
-1.50,13.02,5.13,6.39E+01,2.60E+01,2.62E+00
-8.04,33.04,5.25,5.66E+01,7.80E+00,2.19E+00
11.91,6.97,5.90,2.61E+01,1.35E+00,-4.05E+00
-5.24,21.76,9.72,1.98E+01,1.19E+00,-2.41E+00
11.56,7.38,3.41,2.65E+01,8.25E+00,2.97E+01
-13.28,26.45,8.00,1.89E+01,1.31E+01,1.03E+01
-4.70,12.60,3.69,2.22E+01,5.91E+00,-8.30E-01
43.28,33.77,14.92,1.77E+01,3.95E+00,1.93E+01
-0.25,11.99,21.45,3.77E+01,5.80E+01,7.92E+00
-14.47,26.59,12.31,2.05E+01,1.68E+00,-3.82E+00
7.33,13.04,5.59,1.78E+01,8.08E+00,-5.00E-02
10.85,5.85,60.63,1.48E+01,5.73E+01,-4.26E+00
-12.26,19.42,15.47,2.51E+01,6.60E+00,4.57E+01
-6.04,10.79,24.38,1.47E+01,1.91E+01,-1.77E+00
1.67,19.12,11.18,2.48E+01,7.79E+01,-1.44E+00
-7.42,42.69,10.02,2.31E+01,7.71E+00,-1.21E+00
15.86,21.15,4.12,1.26E+01,4.14E+00,1.71E+01
-4.92,20.21,7.64,3.48E+01,4.72E+00,4.23E-01
-12.64,20.85,4.52,5.47E+01,9.47E+00,-1.62E+00
-4.12,27.79,6.44,1.34E+01,8.14E+00,-1.96E+00
-9.47,41.89,0.02,2.47E+01,1.25E+01,1.20E+01
-9.18,12.87,6.98,1.76E+01,6.92E+00,-9.32E+00
-8.89,18.64,0.69,1.32E+01,9.19E+00,-1.79E+00
-5.88,16.73,-0.05,1.62E+01,1.14E+01,1.17E+01
-5.55,17.23,4.67,3.30E+01,8.54E+00,1.45E+01
-8.57,21.77,6.17,1.22E+01,4.45E+00,-1.83E+00
0.57,9.76,5.02,7.64E+01,2.55E+01,2.80E+01
-3.36,7.35,4.15,9.04E+00,1.11E+01,1.94E+00
-0.98,81.92,10.05,1.32E+01,1.89E+01,1.95E+00
-0.39,26.89,6.02,1.69E+01,6.41E-01,-3.31E+00
-2.41,19.60,-1.39,1.34E+01,6.51E+00,2.59E+01
1.82,27.55,12.07,1.62E+01,8.69E+00,-2.07E+00
-10.27,10.35,8.88,4.77E+01,9.46E+00,5.54E+01
-6.59,9.64,9.10,1.72E+01,1.72E+01,4.06E+01
-9.10,36.09,0.89,1.54E+01,3.70E+00,1.73E+00
43.17,14.75,9.88,4.99E+01,1.05E+01,6.36E+00
-7.55,41.76,5.09,3.13E+01,9.73E+00,2.31E+01
14.42,29.98,24.89,1.10E+02,1.09E+01,2.82E+01
-7.32,11.66,8.71,2.34E+01,2.47E+01,1.31E+01
28.77,9.09,9.91,9.48E+00,3.41E+01,3.26E+01
-5.89,11.35,-0.62,1.54E+01,2.06E+01,7.62E+00
8.79,25.83,8.26,1.71E+01,3.66E+01,9.94E+00
-9.23,23.83,-2.09,2.84E+01,7.58E+00,-2.31E+00
-9.15,25.89,3.84,2.28E+01,1.71E+01,-6.84E-01
2.11,26.43,10.41,3.37E+01,1.53E+01,-3.45E+00
11.16,14.79,14.03,1.81E+01,1.20E+01,-8.54E-01
-11.84,12.33,31.28,8.04E+01,5.60E+01,-5.44E+00
-4.16,39.07,12.18,2.04E+01,1.30E+01,1.63E+01
-6.33,33.43,23.23,3.69E+01,1.48E+01,6.58E+00
-7.63,18.92,-1.34,2.02E+01,5.21E+00,4.46E+00
-1.62,47.95,18.38,3.11E+01,2.34E+01,-3.33E+00
-12.93,20.02,6.50,2.79E+01,9.08E+00,3.55E-01
-0.37,16.37,9.08,2.08E+01,5.85E+01,2.72E+00
-2.29,23.88,7.45,1.50E+01,6.00E+00,1.39E+01
-3.69,15.02,8.53,2.71E+01,8.52E+00,1.90E+00
-9.37,30.24,3.35,3.48E+01,3.33E+01,1.54E+01
3.66,26.33,116.94,3.77E+01,4.51E+01,7.78E+00
-18.62,26.42,12.62,3.29E+01,1.35E+02,9.44E+00
-8.21,33.84,2.37,3.19E+01,6.25E+01,3.10E+01
-6.39,87.41,10.13,3.67E+01,1.11E+01,2.12E+01
-4.44,37.17,12.77,1.50E+01,2.58E+01,3.47E+00
-8.99,19.27,-2.83,1.86E+01,1.80E+01,-1.60E+00
-4.43,19.26,12.87,2.03E+01,5.74E+00,4.85E+00
-2.29,20.45,0.99,3.37E+01,1.30E+01,-3.12E+00
5.28,13.34,5.98,6.79E+01,1.94E+01,4.88E+01
-14.36,13.11,2.64,3.06E+01,1.79E+01,2.29E+01
0.68,57.64,3.10,7.39E+01,1.60E+01,1.00E+01
4.00,30.42,18.56,2.09E+01,1.53E+01,2.34E-01
-3.36,10.50,9.92,1.38E+01,1.37E+01,3.69E+00
-8.87,5.25,5.83,1.77E+01,1.62E+01,3.81E+00
-1.27,14.43,7.17,2.00E+01,5.31E+00,2.30E-01
4.11,38.77,27.17,2.71E+01,4.26E+00,8.20E+00
22.69,22.87,6.55,2.23E+01,1.64E+01,2.24E+00
-6.48,26.52,5.79,1.73E+01,1.42E+01,7.07E+00
-5.01,203.41,46.03,3.73E+01,1.52E+01,5.16E+01
10.06,101.73,-2.71,2.33E+01,7.42E+00,9.10E+00
-6.57,29.84,7.87,2.14E+01,6.57E+00,2.24E+00
7.81,20.23,8.12,1.75E+01,7.76E+00,-4.75E+00
-3.68,13.73,-1.39,2.36E+01,1.14E+01,1.23E+01
2.78,14.62,4.89,1.90E+01,3.72E+00,-6.11E-02
17.60,17.80,2.37,5.25E+01,1.12E+01,-1.26E+00
0.11,7.53,-0.87,5.52E+01,1.10E+01,1.14E+00
11.33,37.35,29.08,2.51E+01,1.20E+01,1.71E+01
-0.05,25.06,16.61,2.07E+01,2.34E+01,1.13E+01
-1.09,16.87,-2.82,1.13E+01,5.97E+01,-6.15E+00
37.27,12.66,7.46,1.74E+01,3.24E+01,6.60E+00
15.64,14.76,8.75,2.49E+01,9.83E+00,-6.00E+00
-4.99,18.20,20.53,1.96E+01,1.07E+01,-2.07E+00
-7.03,18.99,12.21,1.61E+01,8.36E+00,-3.70E+00
-9.48,21.31,0.34,1.13E+01,6.79E+00,1.39E+01
-10.83,48.22,7.26,1.08E+01,1.40E+01,1.05E+01
20.91,16.33,3.96,1.48E+01,1.77E+01,1.33E+00
68.04,14.62,7.74,8.63E+00,1.02E+01,1.81E+01
15.20,8.67,0.53,1.38E+01,7.35E+00,-5.75E+00
-3.60,17.09,12.68,1.55E+01,1.78E+01,3.46E+01
2.62,15.01,15.10,2.09E+01,1.02E+01,6.75E+00
-2.87,15.15,11.63,1.03E+01,1.08E+01,3.33E+01
-6.19,18.05,6.17,2.25E+01,4.72E+01,1.37E+01
23.89,11.54,5.94,9.62E+00,2.47E+01,1.89E+01
-5.19,36.19,11.58,1.43E+01,9.95E+00,1.64E+01
-1.15,26.50,7.75,2.78E+01,1.09E+01,-6.66E+00
-8.18,15.98,21.07,2.76E+01,1.68E+01,3.60E+00
23.79,30.32,11.63,2.35E+01,5.13E+01,1.50E+01
6.92,19.51,17.55,1.97E+01,2.00E+01,3.58E+00
11.90,16.50,3.67,1.60E+01,1.40E+01,1.38E+00
17.67,18.13,9.11,5.50E+01,3.46E+00,7.15E-01
-1.73,16.41,12.29,5.80E+01,7.73E+00,1.38E+01
17.40,10.00,11.18,2.78E+01,1.12E+01,9.12E+00
-2.94,64.08,-1.57,3.18E+01,6.07E+00,1.55E+01
-0.64,13.73,8.73,2.20E+01,1.00E+01,5.83E+01
-6.38,22.46,4.32,6.06E+01,3.36E+00,1.75E+01
3.17,21.19,5.84,2.51E+01,7.08E+00,1.65E+01
0.58,19.06,9.01,4.60E+01,3.87E+00,5.19E+00
5.95,19.43,5.68,2.36E+01,9.75E+00,6.96E+00
20.26,41.60,14.22,1.12E+01,1.81E+01,6.08E-02
8.60,18.96,10.89,2.20E+01,1.38E+01,1.36E+01
45.12,30.18,13.38,5.14E+01,4.06E+01,9.62E+00
-9.15,92.63,7.53,1.98E+01,1.18E+01,2.19E+01
-5.46,18.02,6.54,1.85E+01,6.55E+00,8.66E+00
17.00,15.52,8.82,1.62E+01,8.38E+00,4.13E-01
8.23,19.09,11.04,4.03E+01,1.44E+01,1.86E+01
-2.31,19.22,16.59,1.59E+01,1.87E+01,1.70E+00
9.60,24.25,10.16,2.86E+01,2.13E+01,5.71E+00
-3.74,19.10,11.61,2.77E+01,2.12E+01,1.43E+00
1.70,21.81,12.90,2.16E+01,3.47E+01,-3.03E+00
15.48,23.92,19.37,2.66E+01,2.06E+01,7.35E+00
1.35,17.35,11.52,1.97E+01,1.02E+01,4.57E+01
-3.99,19.10,7.60,2.40E+01,1.72E+01,8.13E+00
5.51,8.11,14.53,4.20E+01,3.35E+01,-7.22E+00
9.51,14.62,7.19,1.68E+01,1.39E+01,1.94E+01
1.69,17.56,3.90,4.21E+01,1.09E+01,4.00E+00
64.49,11.77,3.86,4.65E+01,9.43E+00,-1.61E+00
1.64,14.23,8.49,2.64E+01,1.33E+01,-1.81E+00
9.72,10.83,8.71,1.97E+01,1.58E+01,1.10E+01
0.81,27.76,8.87,2.47E+01,3.89E+01,9.50E+00
-6.60,7.50,11.92,2.48E+01,1.18E+01,1.48E+01
13.51,8.17,3.03,2.71E+01,1.09E+01,2.30E+01
34.27,20.84,10.91,5.18E+01,2.53E+01,-2.79E+00
-6.70,52.84,10.53,3.85E+01,1.70E+01,5.34E+00
3.62,43.36,8.41,1.42E+01,1.10E+01,9.54E+00
1.31,25.57,9.54,2.81E+01,1.78E+01,-3.35E-01
-6.97,23.66,17.64,3.74E+01,1.50E+01,1.83E+01
-1.42,62.41,7.60,3.46E+01,3.78E+01,1.64E-01
9.73,28.69,10.39,5.93E+01,1.92E+01,-7.31E-01
25.99,17.65,4.75,1.78E+01,9.95E+00,5.71E+00
-2.83,39.85,9.32,2.29E+01,8.50E+00,-5.72E-01
-7.43,18.77,13.02,2.34E+01,6.35E+00,9.87E+00
-10.01,11.52,8.58,2.41E+01,4.12E+00,4.10E+00
4.46,49.39,1.75,3.17E+01,8.47E+00,-4.08E+00
-9.41,14.09,4.81,3.16E+01,1.12E+01,1.80E+01
-3.27,10.40,13.53,3.72E+01,1.51E+01,-4.70E+00
-3.35,11.89,7.96,3.59E+01,1.31E+01,-5.00E+00
8.39,11.10,20.03,2.49E+01,1.54E+01,4.18E+00
30.12,21.42,10.35,2.05E+01,1.44E+02,9.33E-01
3.01,20.86,20.91,2.84E+01,1.78E+01,-2.13E+00
43.17,34.48,9.64,2.55E+01,1.49E+01,5.20E+00
-1.46,18.12,39.81,2.93E+01,5.67E+00,-3.65E+00
-5.56,52.81,9.60,4.26E+01,1.26E+01,-7.36E-01
2.81,12.35,3.71,3.38E+01,2.29E+01,-1.30E+00
51.66,12.35,10.76,2.46E+01,9.56E+00,4.71E+01
19.15,5.26,182.04,2.25E+01,7.98E+00,8.73E+00
16.47,16.26,44.48,5.77E+01,8.60E+00,1.60E+01
-5.72,22.10,15.93,2.93E+01,1.05E+01,5.33E+00
0.05,32.06,60.17,1.84E+01,6.55E+00,3.97E+00
-1.01,20.30,18.88,4.54E+01,1.29E+01,9.79E+00
45.62,38.39,17.81,2.47E+01,1.96E+01,5.47E+00
20.34,15.94,10.36,6.27E+01,4.61E+00,3.68E+01
61.42,32.99,7.41,3.51E+01,8.08E+00,-1.10E+00
6.42,9.69,11.71,4.47E+01,1.72E+01,-5.34E+00
5.40,95.80,27.82,3.93E+01,2.89E+01,-2.08E+00
-1.24,42.55,12.74,4.62E+01,2.30E+01,7.38E+00
-7.72,23.88,14.56,3.41E+01,1.98E+01,3.09E+00
16.72,22.92,12.76,4.93E+01,1.05E+01,1.82E+00
9.61,12.09,34.48,7.12E+01,1.28E+01,1.06E+01
-4.73,7.54,10.14,3.20E+01,2.84E+01,7.22E-01
-5.90,21.14,25.86,3.66E+01,8.33E+00,5.13E+01
27.48,11.51,11.59,1.37E+02,1.58E+01,6.42E+00
-12.69,16.98,8.88,3.21E+01,1.02E+01,1.83E+01
42.90,27.69,12.32,3.65E+01,6.89E+00,-4.68E+00
4.74,55.64,8.85,3.80E+01,1.61E+01,1.79E+01
-4.30,17.48,18.72,2.75E+01,1.88E+01,-1.17E+00
-4.15,23.80,16.81,2.60E+01,5.62E+00,7.72E-01
-2.15,9.54,7.17,3.96E+01,5.21E+00,-3.36E+00
50.18,6.70,32.22,3.59E+01,2.70E+01,-3.29E+00
53.76,6.05,17.49,3.92E+01,7.72E+00,7.28E+00
14.06,12.48,7.79,2.90E+01,6.33E+00,5.53E+00
48.91,30.78,12.79,3.92E+01,5.28E+00,1.02E+01
23.14,18.32,17.70,2.73E+01,1.00E+01,9.36E+00
0.73,26.63,7.55,4.39E+01,9.11E+00,3.36E+00
21.45,22.03,7.63,3.52E+01,1.51E+01,1.95E+01
1.76,24.31,9.23,3.23E+01,1.00E+01,1.89E+01
-2.22,13.03,11.39,3.12E+01,1.28E+01,1.22E+01
1.53,21.42,44.08,5.81E+01,1.37E+01,-3.91E+00
6.14,36.50,14.80,2.32E+01,1.93E+01,-9.36E-01
7.77,24.99,8.82,3.71E+01,5.32E+00,-1.09E+00
-7.20,15.03,13.97,5.03E+01,1.02E+01,3.17E+01
1.58,32.97,17.05,2.26E+01,9.99E+00,3.94E+00
5.55,10.67,15.11,3.03E+01,1.43E+01,2.32E-02
-3.08,32.15,40.73,2.82E+01,1.69E+01,-2.49E+00
21.70,25.79,16.67,3.76E+01,1.47E+01,-3.13E+00
40.37,9.67,18.71,3.60E+01,1.46E+01,3.69E-01
9.71,8.65,13.12,6.04E+01,2.56E+01,-3.00E+00
9.15,19.28,6.72,3.64E+01,7.90E+00,2.06E+00
41.47,18.18,33.07,2.23E+01,1.44E+01,3.36E+01
49.31,81.38,24.31,5.45E+01,1.85E+01,-1.29E+00
32.40,51.83,15.50,2.96E+01,1.04E+01,9.15E-01
105.78,14.21,29.15,3.98E+01,1.58E+01,-7.24E+00
10.26,5.69,22.48,3.01E+01,7.30E+00,-1.37E+00
12.33,59.32,19.04,3.59E+01,1.45E+01,1.58E+00
0.12,30.67,15.27,4.01E+01,1.46E+01,-2.31E+00
29.29,25.44,14.61,3.03E+01,3.01E+01,2.76E-01
31.74,15.92,2.75,3.46E+01,2.59E+01,-3.02E+00
0.01,12.48,10.52,3.87E+01,1.47E+01,-7.44E+00
23.98,42.74,25.74,3.73E+01,2.76E+01,1.13E+01
17.91,20.62,17.38,2.77E+01,1.62E+01,-1.85E+00
34.64,12.18,9.54,4.43E+01,9.98E+00,-5.48E-01
13.84,23.54,11.08,3.11E+01,2.99E+01,-1.89E+00
-6.78,24.37,26.65,2.68E+01,1.08E+01,3.67E+00
-4.12,60.51,5.95,2.97E+01,2.59E+01,3.18E+01
4.63,32.14,11.60,2.55E+01,2.26E+01,-5.07E+00
3.65,16.54,29.29,4.28E+01,1.73E+01,2.13E+01
-0.37,21.55,25.03,2.02E+01,2.73E+00,-8.93E+00
8.31,6.13,24.75,7.66E+00,9.19E+00,1.34E+01
11.11,12.03,4.48,1.12E+01,1.81E+01,1.27E+01
-0.37,10.19,17.27,2.20E+01,1.60E+01,4.01E+01
11.29,23.47,12.46,1.48E+01,1.25E+01,4.03E+00
15.45,16.14,16.60,9.60E+00,8.95E+00,2.82E+01
4.22,21.27,10.73,1.36E+01,1.63E+01,1.89E+01
9.95,20.67,46.44,1.71E+01,1.30E+01,1.98E+01
9.72,25.94,16.79,1.44E+01,1.01E+01,1.61E+01
10.31,22.95,15.50,6.07E+00,9.16E+00,1.00E+01
15.52,15.07,14.73,1.62E+01,5.17E+00,6.40E+00
11.00,23.79,13.85,2.40E+01,6.33E+00,2.84E+01
7.95,15.66,9.24,1.61E+01,1.23E+01,1.42E+01
9.66,12.56,23.55,5.16E+01,1.33E+01,1.09E+01
6.47,6.96,8.58,1.94E+01,7.56E+00,3.75E+01
28.52,7.47,15.15,1.47E+01,8.18E+00,1.55E+01
26.19,16.82,9.49,8.49E+00,1.34E+01,1.29E+01
19.32,19.27,11.37,1.84E+01,8.95E+00,9.35E+00
43.66,7.84,15.62,3.20E+01,1.60E+01,1.42E+01
24.19,22.53,7.01,1.64E+01,4.00E+01,3.73E+01
-0.26,24.33,16.40,2.75E+01,1.77E+01,2.00E+01
8.27,5.20,33.14,2.56E+01,3.74E+01,8.90E+00
36.20,20.15,14.37,1.23E+01,1.75E+01,1.62E+01
5.84,4.69,9.50,7.38E+00,1.55E+00,1.37E+01
9.60,15.07,17.25,1.81E+01,2.17E+00,1.70E+01
6.03,12.57,12.29,1.87E+01,2.03E+01,6.10E+00
16.45,26.49,10.11,2.13E+01,1.30E+01,1.69E+01
2.23,16.18,15.52,9.29E+00,2.18E+01,2.45E+01
24.45,20.47,19.12,1.18E+01,3.09E+00,3.40E+01
40.19,13.21,12.70,1.70E+01,8.78E+00,3.05E+01
10.20,10.10,10.02,2.16E+01,2.59E+00,1.21E+01
32.51,48.52,24.76,1.36E+01,9.60E+00,1.33E+01
45.08,16.75,14.67,2.26E+01,1.24E+01,2.98E+01
5.85,10.14,10.37,2.49E+01,8.62E+00,1.51E+01
10.48,8.32,12.98,1.40E+01,9.30E+00,1.88E+01
46.67,10.96,12.91,1.08E+01,6.67E+00,1.48E+01
13.26,17.80,12.08,1.73E+01,7.70E+00,6.38E+00
11.00,42.31,27.31,1.08E+01,1.23E+01,9.25E+00
6.02,14.60,11.79,3.92E+01,1.16E+01,1.12E+01
16.55,9.90,27.00,6.68E+01,5.80E+00,1.97E+01
10.50,31.36,15.99,1.02E+01,4.35E+01,6.30E+00
9.01,18.13,16.58,1.81E+01,6.81E+00,3.43E+01
26.68,16.57,28.46,8.15E+00,1.90E+01,2.47E+01
23.90,19.30,23.69,1.88E+01,3.58E+01,1.45E+01
6.12,15.43,7.71,1.10E+01,7.56E+00,1.52E+01
31.37,20.24,10.24,7.37E+00,5.69E+00,1.45E+01
7.36,1.87,22.07,4.07E+01,4.58E+01,1.47E+01
4.22,15.92,19.73,2.23E+01,-6.45E-01,1.63E+01
12.15,15.60,24.58,2.26E+01,4.03E+00,3.27E+01
10.97,31.69,18.32,1.15E+01,5.64E+01,2.00E+01
8.07,12.82,22.69,2.65E+01,1.29E+01,1.63E+01
12.21,17.28,19.64,8.24E+01,8.99E+00,1.14E+01
16.81,14.82,41.06,1.82E+01,1.56E+01,1.20E+02
20.77,15.81,14.95,1.78E+01,1.12E+01,8.96E+00
9.50,27.62,11.32,1.11E+01,1.37E+01,1.00E+01
11.78,22.93,19.65,2.14E+01,1.73E+01,7.65E+00
7.04,9.18,27.92,3.31E+01,2.45E+01,1.22E+01
10.28,29.52,34.99,2.03E+01,1.64E+01,1.45E+01
8.79,12.13,15.12,2.70E+01,1.71E+01,1.15E+01
71.13,26.83,24.24,2.77E+01,2.88E+01,1.20E+01
21.59,23.10,10.62,1.34E+01,6.75E+00,4.50E+00
11.07,31.35,13.78,9.24E+00,1.08E+01,3.02E+01
21.40,16.40,6.15,4.56E+01,2.68E+00,1.80E+01
13.31,19.01,17.54,3.04E+01,4.80E+01,1.36E+01
8.36,25.66,12.58,2.25E+01,1.08E+01,9.73E+00
0.79,13.01,11.32,1.15E+01,9.70E+00,4.68E+01
7.73,34.91,28.22,2.10E+01,6.90E+00,1.69E+01
8.51,18.93,15.64,1.41E+01,3.68E+00,1.07E+01
19.74,13.48,15.83,1.11E+01,5.11E+01,1.71E+01
20.83,20.03,9.84,2.58E+01,2.99E+01,1.21E+01
4.45,29.01,32.49,2.96E+01,1.66E+01,7.78E+00
3.87,13.68,9.66,1.13E+01,9.27E+00,9.38E+00
5.01,11.62,9.87,1.68E+01,1.46E+01,1.31E+01
12.29,11.47,15.93,8.31E+01,5.25E+00,2.93E+01
11.88,26.93,16.70,1.37E+01,1.36E+01,1.53E+01
15.72,27.73,11.22,1.27E+01,2.75E+01,1.66E+01
14.28,16.19,52.81,1.16E+01,8.92E+00,1.87E+01
19.74,15.72,17.72,5.26E+01,8.96E+00,1.28E+01
14.31,9.05,16.52,9.38E+00,8.47E+00,2.64E+01
17.61,15.55,23.20,1.24E+01,9.68E+00,1.34E+01
9.21,18.13,12.58,8.72E+00,9.11E+00,5.16E+01
7.40,27.62,14.84,2.28E+01,2.01E+01,3.87E+01
7.27,17.41,19.93,8.33E+01,5.71E+00,1.51E+01
19.91,18.06,11.87,1.03E+01,3.83E+00,1.30E+01
12.37,18.55,12.47,3.79E+00,5.57E+00,1.50E+01
61.50,11.40,16.79,2.24E+01,4.70E+00,5.60E+01
22.62,12.79,10.95,1.39E+01,5.37E+00,2.62E+01
35.74,19.55,12.28,1.07E+02,1.12E+00,1.29E+01
11.84,76.17,18.68,1.82E+01,-1.93E+00,1.43E+01
13.33,13.17,15.84,1.99E+01,1.28E-01,1.45E+01
13.08,15.82,49.00,6.11E+00,-3.59E-01,4.58E+01
51.24,20.29,8.32,3.49E+01,-7.51E-01,1.84E+01
7.45,12.54,8.32,1.94E+01,9.53E+00,4.26E+01
32.31,17.81,14.22,8.62E+00,5.31E+00,1.91E+01
42.41,29.75,18.67,1.44E+01,8.98E+00,2.12E+01
23.58,23.82,14.31,1.90E+01,1.16E+01,2.50E+01
12.15,14.23,7.35,3.54E+01,-9.38E-01,3.75E+01
24.84,24.47,12.91,1.59E+01,2.84E+00,2.03E+01
33.53,14.10,11.91,1.13E+01,2.25E+00,3.15E+01
6.83,14.53,14.77,5.85E+01,1.08E+01,1.40E+01
9.05,9.89,22.78,2.99E+01,3.34E+00,2.26E+01
12.62,22.06,7.69,2.54E+01,9.79E+00,1.32E+01
1.69,11.76,9.96,2.08E-01,1.69E+01,1.68E+01
36.31,15.35,10.64,3.00E+01,1.13E+00,1.95E+01
7.38,17.84,13.08,5.81E+00,1.54E+01,1.57E+01
21.79,75.59,5.61,-3.49E+00,2.47E+01,2.20E+01
35.68,30.40,40.38,1.82E+01,2.26E+00,1.95E+01
5.05,13.73,33.40,1.01E+01,4.18E+01,4.41E+01
10.79,20.45,17.09,2.26E+00,1.44E+00,1.66E+01
4.73,37.46,15.50,2.05E+01,5.90E+00,2.07E+01
9.51,6.72,13.23,6.47E+00,5.13E+00,1.96E+01
2.08,23.75,12.54,3.42E+00,6.16E+00,1.89E+01
12.53,20.51,13.72,-4.53E+00,3.27E+00,1.24E+01
26.44,37.33,51.52,7.64E+00,4.19E+00,1.86E+01
33.75,31.94,18.32,-1.86E+00,1.84E+01,2.99E+01
5.20,23.93,32.59,6.93E+00,9.24E+00,1.97E+01
19.47,37.30,16.99,3.39E+00,9.97E+00,1.51E+01
11.81,23.98,3.72,1.44E+01,2.47E+00,1.69E+01
20.85,13.20,12.26,4.37E+00,3.61E+00,9.45E+00
5.96,7.84,13.27,3.18E+00,2.70E+00,7.38E+01
5.66,9.80,14.67,1.43E+01,7.08E-01,2.36E+01
16.78,13.12,25.78,4.15E+01,2.23E+01,3.63E+01
10.26,9.25,12.96,1.56E+00,7.91E+00,3.49E+01
12.09,71.54,19.54,3.66E+01,3.62E+00,3.13E+01
-2.70,20.83,21.98,1.92E+01,5.31E+00,1.57E+01
8.30,41.27,12.40,1.26E+00,-8.62E-01,3.76E+01
4.69,11.07,14.53,1.39E+01,-5.14E+00,3.56E+01
2.69,15.73,17.76,2.37E+00,4.60E+00,5.45E+01
13.83,7.06,10.20,1.52E+00,8.21E+00,2.00E+01
10.44,19.49,9.86,8.51E+00,7.83E+00,2.52E+01
35.96,42.82,20.97,1.09E+00,2.50E+01,3.25E+01
22.17,67.72,7.34,5.59E+01,-1.83E+00,1.86E+01
14.49,18.89,5.10,4.28E+01,-4.71E-01,2.22E+01
16.05,31.36,7.22,3.00E+01,-4.37E+00,1.42E+01
10.90,26.31,15.66,1.51E+01,6.58E+00,2.90E+01
5.14,27.59,21.57,1.61E+01,-1.31E-01,2.28E+01
11.00,14.57,21.46,6.26E+00,3.54E+00,3.50E+01
7.30,10.36,21.22,-3.12E+00,6.46E+00,1.53E+01
7.19,8.41,13.95,3.87E+01,2.63E-01,2.48E+01
27.98,15.67,36.97,4.70E+01,-2.18E-01,2.35E+01
10.63,51.29,12.19,1.93E+01,9.40E+00,1.89E+01
6.03,73.48,10.07,4.67E+00,1.03E+01,2.01E+01
13.18,31.98,17.96,8.49E+00,7.90E+00,2.52E+01
19.23,17.88,22.15,1.82E+01,-7.11E-01,1.86E+01
19.29,19.05,23.46,8.18E+00,3.92E+00,1.97E+01
22.41,69.13,22.67,3.99E+01,-3.90E+00,1.56E+01
43.56,11.80,29.91,6.95E+00,8.82E+00,3.61E+01
10.81,30.39,35.13,8.11E+00,1.62E+01,3.47E+01
13.98,27.87,43.22,6.69E+00,8.47E+01,1.12E+01
7.67,14.49,48.64,5.09E+00,1.39E+01,1.74E+01
37.16,12.44,21.86,1.22E+01,3.68E-01,1.40E+01
7.86,8.48,25.47,1.59E+02,1.56E+00,2.74E+01
13.90,5.87,23.35,5.07E+00,5.83E+00,2.30E+01
11.14,31.89,17.51,1.60E+01,7.58E+00,1.58E+01
5.35,44.95,55.16,2.28E+01,1.70E+01,3.03E+01
11.80,15.09,16.79,2.15E+01,1.11E+01,1.62E+01
4.64,30.01,38.32,2.43E+00,1.30E+01,1.72E+01
16.98,27.07,17.99,5.43E+00,5.09E+00,1.67E+01
8.24,10.69,11.89,4.35E+01,5.05E+00,2.01E+01
21.57,6.93,26.46,-6.11E+00,-1.62E+00,2.70E+01
49.47,12.10,13.52,4.26E+01,1.30E+01,2.94E+01
14.79,9.93,14.07,-2.87E+00,1.32E+00,1.81E+01
6.99,20.52,16.14,7.09E+00,8.63E+00,5.14E+01
14.95,31.32,16.07,-6.32E+00,7.30E+00,1.85E+01
23.37,34.55,17.46,3.27E+01,-4.17E+00,2.09E+01
3.87,16.56,27.62,1.34E+01,1.67E+01,3.59E+01
9.19,15.57,33.29,4.54E+01,2.72E+01,1.70E+01
16.82,10.56,18.97,4.89E+00,7.50E-01,1.32E+01
16.65,8.24,11.10,2.15E+01,2.94E+00,1.64E+01
4.94,7.22,25.26,1.09E+01,2.27E+00,1.51E+01
1.53,15.59,14.64,1.40E+01,9.17E+00,1.06E+01
10.93,22.06,13.09,1.23E+01,1.76E+01,1.28E+01
9.46,22.19,22.12,6.44E+01,3.73E+01,1.91E+01
19.88,17.52,30.62,8.19E+00,7.92E+00,1.47E+01
9.94,17.50,59.25,6.05E+00,2.92E+01,1.14E+01
51.03,15.58,11.68,1.65E+01,2.30E+01,3.14E+01
16.55,12.55,16.65,2.03E+01,2.23E+00,1.72E+01
7.47,10.57,14.71,2.11E+00,-7.96E+00,9.54E+00
10.46,11.67,11.87,5.57E+00,2.11E+00,1.69E+01
11.55,41.48,11.83,1.04E+01,2.98E+00,5.43E+01
22.45,15.77,12.52,5.86E+01,5.72E+00,2.70E+01
23.63,35.53,17.74,3.38E+01,8.99E+00,2.21E+01
19.13,11.45,21.38,1.22E+01,1.42E+00,1.73E+01
9.41,24.11,9.01,3.63E+01,1.56E+01,2.41E+01
14.82,23.31,40.10,1.07E+01,6.95E+00,3.25E+01
47.67,32.64,14.75,5.48E+00,1.32E+01,4.66E+01
16.12,36.77,12.63,1.29E+01,2.29E+01,2.73E+01
21.34,45.72,12.13,4.59E+01,-1.33E+00,4.18E+01
13.58,27.71,21.80,1.55E+01,-1.86E-01,4.63E+01
14.94,7.81,34.50,3.58E+01,1.91E+01,6.48E+01
20.68,22.56,-21.66,1.14E+01,1.75E+01,3.81E+01
21.24,32.85,20.05,2.11E+00,3.62E-01,3.40E+01
16.94,53.60,14.29,5.49E+01,2.21E+01,1.21E+01
14.89,39.47,15.39,1.01E+01,3.52E+01,9.17E+00
11.86,21.49,30.99,2.72E+01,2.34E+01,2.59E+01
11.76,12.70,-18.02,6.64E+01,8.24E+00,1.17E+01
20.38,46.45,-25.38,8.34E+00,1.16E+00,1.54E+01
5.47,12.12,26.27,2.63E+00,1.97E+00,8.54E+00
6.21,19.28,-4.75,3.85E+00,4.17E+01,1.15E+01
0.12,67.33,17.34,7.86E+00,-4.13E-01,1.30E+01
4.04,22.17,23.15,3.01E+01,6.39E+00,1.22E+01
26.44,28.60,92.00,1.49E+01,2.54E+00,1.51E+01
-6.07,21.59,21.79,7.07E+00,1.48E+00,2.54E+01
-9.91,24.35,48.90,1.30E+01,-3.40E+00,1.58E+01
7.94,21.42,101.08,3.23E+01,2.46E+01,2.48E+01
12.48,30.88,147.53,5.27E-01,-2.11E+00,2.73E+01
-2.29,24.85,162.11,7.03E+00,-8.17E+00,2.48E+01
-2.63,20.95,55.13,6.35E+00,5.06E+00,9.94E+00
7.44,20.21,47.59,8.01E+00,5.74E+00,1.63E+01
-1.44,19.44,25.46,1.41E+01,1.21E+01,1.93E+01
15.90,13.88,20.71,6.80E+00,-1.34E+01,4.52E+01
23.81,35.90,32.18,1.21E+01,-2.55E+00,1.72E+01
-5.64,15.71,40.52,1.65E+01,4.63E+01,4.30E+01
12.11,15.88,18.41,1.19E+01,6.44E+00,6.28E+01
10.62,17.76,13.21,4.02E+00,-4.20E+00,2.40E+01
-5.74,27.07,20.01,1.46E+01,-3.01E+00,4.51E+01
-5.80,35.13,28.79,8.34E+00,-2.85E+00,1.48E+01
59.99,13.82,109.46,7.87E+00,5.65E+00,9.06E+01
93.48,30.23,17.02,4.42E+01,4.65E+00,2.88E+01
27.92,64.53,48.47,-1.02E+00,-3.29E-01,1.05E+01
29.09,21.82,24.70,4.28E+00,-5.49E+00,1.72E+01
11.69,24.05,18.80,1.84E+01,-4.23E+00,1.50E+01
2.45,15.79,34.03,1.84E+01,-2.08E+00,2.49E+01
-0.56,44.15,38.52,6.51E+00,1.91E+01,1.20E+01
-2.87,20.84,24.11,2.00E+00,4.12E+00,2.79E+01
-20.42,12.56,18.95,5.17E+01,1.29E+01,1.39E+01
11.08,15.15,19.85,4.89E+01,1.36E-01,4.02E+01
-2.00,6.69,17.63,3.11E+00,1.65E+01,2.47E+01
-0.11,13.40,57.31,8.75E-01,5.33E+00,1.86E+01
-11.92,5.68,49.02,4.86E+01,2.10E+00,7.27E+00
-13.99,22.71,16.08,5.67E+00,3.30E-01,1.02E+01
8.04,9.75,30.61,1.67E+01,4.68E-01,1.57E+01
6.85,15.05,22.93,4.85E+00,6.06E+00,7.08E+01
-6.52,13.06,50.18,5.87E+00,3.12E+01,2.02E+01
1.14,19.10,30.86,7.88E+00,-9.05E-02,1.90E+01
,24.96,60.54,,3.36E+01,
,17.83,10.41,,1.69E+01,
,15.88,19.26,,-5.89E+00,
,12.35,13.01,,5.06E+00,
,11.69,14.33,,3.76E+00,
,25.52,22.44,,8.14E+00,
,23.56,20.93,,1.27E+01,
,21.76,22.20,,2.93E+01,
,16.24,17.28,,-2.64E+00,
,16.50,18.15,,3.62E+01,
,36.41,23.24,,1.66E+01,
,36.45,13.47,,1.88E+00,
,16.29,16.64,,1.60E+00,
,31.05,17.64,,1.84E+00,
,37.40,37.20,,-2.66E-01,
,29.60,27.58,,3.92E+00,
,21.87,32.47,,3.27E+01,
,15.58,15.32,,6.07E+01,
,13.34,18.60,,7.81E+00,
,13.17,24.06,,3.41E+01,
,65.51,24.81,,1.11E+01,
,47.75,21.83,,-1.24E+00,
,16.24,89.89,,1.62E+01,
,26.05,25.24,,4.45E+00,
,66.92,17.78,,4.48E+00,
,23.10,32.63,,2.26E+01,
,16.00,30.55,,2.31E+01,
,11.88,26.62,,1.51E+00,
,18.07,8.02,,1.90E+00,
,12.21,31.91,,6.75E+00,
,25.38,13.70,,2.10E+01,
,46.33,25.45,,9.21E+00,
,33.48,47.28,,9.79E+00,
,17.66,22.46,,1.31E+01,
,22.91,11.95,,8.89E+00,
,32.35,22.04,,1.10E+02,
,8.12,23.79,,2.90E+01,
,13.90,14.65,,5.28E+00,
,21.40,34.82,,1.31E+00,
,13.09,28.97,,3.24E+01,
,31.10,25.36,,4.89E+00,
,19.03,15.79,,3.78E+00,
,11.59,18.57,,9.73E+00,
,9.46,18.35,,-5.46E-01,
,11.36,7.29,,1.81E+01,
,33.09,15.04,,1.43E+01,
,19.75,19.98,,5.05E+01,
,11.66,13.39,,3.05E+01,
,12.95,25.77,,6.91E-01,
,12.41,19.34,,5.14E+00,
,31.98,22.59,,7.29E+00,
,31.48,20.75,,3.91E+00,
,39.53,16.52,,3.10E+00,
,35.63,14.67,,4.55E+00,
,35.76,23.82,,-8.12E-01,
,23.99,24.80,,1.08E+01,
,10.15,24.64,,2.03E+01,
,18.05,65.33,,1.38E+00,
,16.77,12.48,,-1.02E+00,
,38.98,14.54,,6.85E+00,
,82.63,14.54,,5.52E+01,
,16.74,21.01,,-2.59E+00,
,15.29,,,,
,7.33,,,,
,-3.17,,,,
,4.35,,,,
,0.52,,,,
,-13.74,,,,
,9.87,,,,
,47.01,,,,
,-3.27,,,,
,5.35,,,,
,8.26,,,,
,-1.15,,,,
,6.71,,,,
,15.84,,,,
,67.06,,,,
,9.32,,,,
,10.68,,,,
,11.19,,,,
,9.88,,,,
,2.53,,,,
,31.62,,,,
,14.41,,,,
,13.06,,,,
,13.68,,,,
,7.87,,,,
,15.88,,,,
,32.88,,,,
,8.44,,,,
,4.30,,,,
,29.46,,,,
,13.98,,,,
,13.85,,,,
,57.07,,,,
,21.59,,,,
,40.22,,,,
,24.39,,,,
,8.29,,,,
,7.29,,,,
,8.38,,,,
,18.86,,,,
,11.71,,,,
,10.88,,,,
,16.19,,,,
,14.48,,,,
,9.35,,,,
,7.16,,,,
,103.85,,,,
,8.63,,,,
,27.40,,,,
,30.25,,,,
,10.25,,,,
,9.12,,,,
,14.74,,,,
,13.80,,,,
,12.27,,,,
,14.65,,,,
,121.62,,,,
,51.06,,,,
,53.66,,,,
,16.67,,,,
,24.79,,,,
,7.25,,,,
,46.48,,,,
,8.57,,,,
,14.90,,,,
,12.26,,,,
,27.68,,,,
,16.01,,,,
,6.26,,,,
,15.63,,,,
,12.68,,,,
,14.13,,,,
,20.74,,,,
,9.01,,,,
,13.08,,,,
,9.08,,,,
,57.87,,,,
,15.38,,,,
,16.44,,,,
,13.64,,,,
,17.25,,,,
,5.83,,,,
,15.02,,,,
,41.13,,,,
,18.07,,,,
,51.64,,,,
,178.64,,,,
,25.58,,,,
,14.62,,,,
,9.45,,,,
,8.89,,,,
,17.87,,,,
,13.37,,,,
,11.27,,,,
,10.05,,,,
,6.83,,,,
,3.01,,,,
,14.26,,,,
,66.31,,,,
,5.12,,,,
,19.54,,,,
,8.17,,,,
,34.61,,,,
,8.82,,,,
,16.42,,,,
,13.84,,,,
,10.24,,,,
,89.86,,,,
,-2.31,,,,
,15.56,,,,
,7.71,,,,
,6.77,,,,
,6.31,,,,
,11.69,,,,
,12.96,,,,
,10.15,,,,
,10.28,,,,
,14.81,,,,
,1.29,,,,
,13.35,,,,
,27.34,,,,
,39.53,,,,
,-0.87,,,,
,9.44,,,,
,5.50,,,,
,7.28,,,,
,13.17,,,,
,8.98,,,,
,22.08,,,,
,12.73,,,,
,3.99,,,,
,4.77,,,,
,4.29,,,,
,38.00,,,,
,29.12,,,,
,13.02,,,,
,28.08,,,,
,16.77,,,,
,8.06,,,,
,9.85,,,,
,14.17,,,,
,1.54,,,,
,30.24,,,,
,13.36,,,,
,33.15,,,,
,22.88,,,,
,8.62,,,,
,7.01,,,,
,8.98,,,,
,12.27,,,,
,15.49,,,,
,4.79,,,,
,12.84,,,,
,9.67,,,,
,20.71,,,,
,37.74,,,,
,8.63,,,,
,15.34,,,,
,15.25,,,,
,2.13,,,,
,5.88,,,,
,3.43,,,,
,43.05,,,,
,15.77,,,,
,2.07,,,,
,22.32,,,,
,18.30,,,,
,18.27,,,,
,16.84,,,,
,14.71,,,,
,20.99,,,,
,17.56,,,,
,6.66,,,,
,8.50,,,,
,13.07,,,,
,7.87,,,,
,14.36,,,,
,12.46,,,,
,19.28,,,,
,9.02,,,,
,4.93,,,,
,7.56,,,,
,0.17,,,,
,6.78,,,,
,21.26,,,,
,50.85,,,,
,8.48,,,,
,7.68,,,,
,0.77,,,,
,21.13,,,,
,31.78,,,,
,4.11,,,,
,26.52,,,,
,10.73,,,,
,7.55,,,,
,3.76,,,,
,42.86,,,,
,40.90,,,,
,11.54,,,,
,0.95,,,,
,26.31,,,,
,-1.84,,,,
,-1.21,,,,
,7.92,,,,
,9.41,,,,
,15.93,,,,
,19.32,,,,
,12.66,,,,
,25.11,,,,
,13.01,,,,
,20.73,,,,
,27.69,,,,
,10.28,,,,
,-1.13,,,,
,16.38,,,,
,18.07,,,,
,26.26,,,,
,1.62,,,,
,18.86,,,,
,30.28,,,,
,16.56,,,,
,39.90,,,,
,13.09,,,,
,10.83,,,,
,13.79,,,,
,11.61,,,,
,18.47,,,,
,83.08,,,,
,32.88,,,,
,8.56,,,,
,21.96,,,,
,5.29,,,,
,-1.82,,,,
,3.33,,,,
