Qext,Qscat,Qabs
1.028580841,0.046804027,0.981776814
1.041828578,0.048705969,0.993122608
1.055153115,0.050664097,1.004489018
1.068553037,0.052679139,1.015873898
1.08202689,0.054751811,1.027275079
1.095573186,0.056882812,1.038690374
1.109190398,0.059072825,1.050117573
1.12287696,0.061322517,1.061554444
1.13663127,0.063632535,1.072998735
1.150451682,0.066003511,1.084448171
1.164336513,0.068436053,1.09590046
1.178284038,0.070930754,1.107353284
1.19229249,0.073488182,1.118804308
1.206360061,0.076108885,1.130251176
1.220484901,0.078793388,1.141691513
1.234665118,0.081542194,1.153122924
1.248898777,0.084355781,1.164542996
1.263183901,0.087234601,1.1759493
1.277518471,0.090179083,1.187339388
1.291900426,0.093189629,1.198710797
1.306327664,0.096266612,1.210061051
1.320798041,0.099410381,1.22138766
1.335309373,0.102621254,1.232688119
1.349859437,0.10589952,1.243959916
1.364445969,0.109245441,1.255200528
1.379066667,0.112659246,1.266407422
1.393719193,0.116141133,1.27757806
1.408401171,0.119691272,1.288709899
1.423110189,0.123309797,1.299800391
1.437843801,0.126996813,1.310846988
1.452599529,0.130752388,1.321847141
1.467374861,0.13457656,1.332798302
1.482167256,0.138469331,1.343697926
1.496974143,0.14243067,1.354543473
1.511792922,0.14646051,1.365332412
1.526620969,0.150558751,1.376062218
1.541455632,0.154725254,1.386730378
1.556294239,0.158959847,1.397334392
1.571134094,0.163262322,1.407871773
1.585972484,0.167632433,1.418340051
1.600806673,0.172069899,1.428736775
1.615633914,0.176574402,1.439059513
1.630451443,0.181145587,1.449305856
1.645256482,0.185783064,1.459473418
1.660046245,0.190486404,1.469559841
1.674817935,0.195255142,1.479562793
1.68956875,0.200088776,1.489479973
1.704295881,0.20498677,1.499309111
1.718996518,0.209948547,1.509047971
1.733667848,0.214973496,1.518694352
1.748307062,0.220060972,1.52824609
1.762911352,0.22521029,1.537701061
1.777477915,0.230420733,1.547057182
1.792003956,0.235691546,1.55631241
1.806486691,0.241021941,1.56546475
1.820923344,0.246411095,1.574512248
1.835311155,0.251858152,1.583453003
1.849647378,0.25736222,1.592285158
1.863929286,0.262922376,1.60100691
1.878154171,0.268537665,1.609616506
1.892319346,0.2742071,1.618112246
1.906422148,0.279929661,1.626492487
1.920459939,0.285704301,1.634755639
1.93443011,0.291529939,1.642900171
1.94833008,0.29740547,1.65092461
1.9621573,0.303329757,1.658827543
1.975909254,0.309301638,1.666607616
1.98958346,0.315319924,1.674263537
2.003177476,0.321383399,1.681794077
2.016688894,0.327490824,1.68919807
2.03011535,0.333640936,1.696474413
2.043454519,0.339832451,1.703622069
2.056704123,0.346064059,1.710640065
2.069861926,0.352334433,1.717527494
2.08292574,0.358642225,1.724283516
2.095893425,0.364986068,1.730907356
2.108762889,0.37136458,1.737398309
2.121532092,0.377776359,1.743755733
2.134199047,0.38421999,1.749979057
2.146761819,0.390694044,1.756067776
2.159218528,0.397197076,1.762021451
2.171567348,0.403727633,1.767839714
2.183806511,0.41028425,1.773522262
2.195934307,0.41686545,1.779068857
2.207949084,0.423469751,1.784479333
2.219849248,0.430095661,1.789753587
2.231633266,0.436741684,1.794891582
2.243299667,0.443406319,1.799893348
2.254847038,0.450088059,1.80475898
2.266274031,0.456785396,1.809488636
2.27757936,0.46349682,1.814082539
2.288761799,0.470220822,1.818540977
2.299820188,0.476955893,1.822864296
2.310753431,0.483700524,1.827052906
2.321560492,0.490453213,1.831107279
2.332240402,0.497212458,1.835027943
2.342792254,0.503976766,1.838815488
2.353215206,0.510744647,1.842470559
2.36350848,0.517514621,1.845993859
2.373671361,0.524285215,1.849386146
2.383703196,0.531054965,1.852648232
2.393603399,0.537822418,1.855780981
2.403371443,0.544586133,1.85878531
2.413006867,0.551344681,1.861662185
2.422509269,0.558096645,1.864412623
2.431878311,0.564840624,1.867037687
2.441113715,0.57157523,1.869538485
2.450215264,0.578299092,1.871916172
2.459182802,0.585010856,1.874171946
2.46801623,0.591709184,1.876307046
2.47671551,0.598392758,1.878322752
2.485280659,0.605060277,1.880220382
2.493711754,0.611710461,1.882001293
2.502008926,0.618342049,1.883666877
2.510172361,0.624953802,1.885218559
2.518202302,0.631544502,1.886657799
2.526099041,0.638112954,1.887986087
2.533862927,0.644657983,1.889204944
2.541494357,0.65117844,1.890315917
2.54899378,0.657673198,1.891320581
2.556361692,0.664141155,1.892220537
2.563598639,0.670581232,1.893017407
2.570705214,0.676992376,1.893712837
2.577682054,0.68337356,1.894308495
2.584529843,0.689723779,1.894806063
2.591249305,0.696042058,1.895207247
2.59784121,0.702327446,1.895513764
2.604306366,0.708579018,1.895727348
2.610645623,0.714795877,1.895849746
2.616859867,0.720977151,1.895882717
2.622950024,0.727121995,1.895828029
2.628917054,0.733229593,1.895687461
2.634761952,0.739299153,1.895462799
2.640485748,0.745329912,1.895155836
2.646089502,0.751321134,1.894768368
2.651574308,0.757272111,1.894302197
2.656941286,0.763182159,1.893759127
2.662191588,0.769050624,1.893140964
2.667326391,0.774876878,1.892449512
2.672346899,0.780660321,1.891686578
2.677254341,0.786400378,1.890853963
2.682049969,0.792096503,1.889953466
2.686735058,0.797748174,1.888986884
2.691310905,0.803354898,1.887956006
2.695778824,0.808916207,1.886862617
2.700140151,0.814431659,1.885708492
2.70439624,0.819900838,1.884495402
2.708548458,0.825323354,1.883225104
2.712598191,0.830698842,1.881899349
2.716546838,0.836026962,1.880519876
2.720395811,0.841307399,1.879088412
2.724146536,0.846539863,1.877606673
2.727800448,0.851724088,1.876076361
2.731358994,0.856859831,1.874499163
2.734823629,0.861946875,1.872876754
2.738195816,0.866985023,1.871210793
2.741477026,0.871974104,1.869502922
2.744668736,0.876913967,1.867754769
2.74777243,0.881804486,1.865967943
2.750789592,0.886645555,1.864144038
2.753721715,0.891437088,1.862284627
2.756570292,0.896179025,1.860391267
2.759336817,0.900871321,1.858465496
2.762022787,0.905513955,1.856508831
2.764629698,0.910106926,1.854522773
2.767159047,0.914650249,1.852508798
2.769612329,0.919143963,1.850468366
2.771991036,0.923588122,1.848402915
2.77429666,0.927982799,1.846313861
2.776530686,0.932328087,1.844202599
2.778694599,0.936624094,1.842070505
2.780789877,0.940870947,1.83991893
2.782817993,0.945068787,1.837749206
2.784780415,0.949217774,1.83556264
2.786678603,0.953318083,1.83336052
2.788514013,0.957369904,1.831144109
2.790288091,0.961373442,1.82891465
2.792002276,0.965328916,1.82667336
2.793657998,0.969236561,1.824421438
2.795256679,0.973096624,1.822160055
2.796799731,0.976909367,1.819890364
2.798288556,0.980675063,1.817613493
2.799724547,0.984394,1.815330547
2.801109083,0.988066476,1.813042608
2.802443537,0.991692801,1.810750736
2.803729266,0.995273299,1.808455968
2.804967619,0.998808301,1.806159318
2.80615993,1.002298151,1.803861778
2.807307522,1.005743205,1.801564317
2.808411705,1.009143824,1.799267881
2.809473776,1.012500384,1.796973393
2.81049502,1.015813266,1.794681754
2.811476706,1.019082861,1.792393845
2.812420091,1.022309571,1.790110521
2.813326418,1.025493801,1.787832617
2.814196915,1.028635969,1.785560946
2.815032797,1.031736498,1.783296299
2.815835262,1.034795817,1.781039445
2.816605495,1.037814364,1.778791131
2.817344667,1.040792582,1.776552085
2.818053931,1.043730921,1.77432301
2.818734427,1.046629836,1.772104591
2.819387279,1.049489788,1.76989749
2.820013594,1.052311243,1.767702351
2.820614467,1.055094673,1.765519794
2.821190974,1.057840553,1.763350421
2.821744176,1.060549363,1.761194813
2.822275118,1.063221586,1.759053531
2.822784829,1.065857712,1.756927117
2.823274323,1.068458231,1.754816091
2.823744595,1.071023639,1.752720957
2.824196628,1.073554432,1.750642196
2.824631384,1.07605111,1.748580274
2.825049813,1.078514178,1.746535634
2.825452844,1.08094414,1.744508704
2.825841395,1.083341503,1.742499892
2.826216362,1.085706775,1.740509587
2.826578629,1.088040468,1.738538161
2.826929061,1.090343093,1.736585967
2.827268507,1.092615163,1.734653344
2.8275978,1.094857191,1.732740608
2.827917755,1.097069692,1.730848063
2.828229173,1.09925318,1.728975993
2.828532837,1.101408171,1.727124666
2.828829513,1.103535179,1.725294334
2.829119951,1.105634719,1.723485232
2.829404885,1.107707306,1.721697579
2.829685032,1.109753454,1.719931578
2.829961092,1.111773675,1.718187417
2.830233751,1.113768483,1.716465268
2.830503675,1.115738388,1.714765287
2.830771518,1.117683901,1.713087617
2.831037913,1.119605529,1.711432384
2.831303481,1.121503781,1.7097997
2.831568823,1.123379161,1.708189663
2.831834528,1.125232172,1.706602356
2.832101165,1.127063315,1.70503785
2.832369289,1.12887309,1.703496199
2.832639439,1.130661993,1.701977447
2.832912138,1.132430518,1.700481621
2.833187893,1.134179156,1.699008737
2.833467194,1.135908396,1.697558798
2.833750518,1.137618723,1.696131795
2.834038323,1.13931062,1.694727703
2.834331054,1.140984566,1.693346488
2.834629139,1.142641036,1.691988103
2.834932993,1.144280504,1.690652489
2.835243012,1.145903437,1.689339575
2.835559579,1.147510301,1.688049278
2.835883063,1.149101557,1.686781506
2.836213814,1.150677661,1.685536152
2.83655217,1.152239067,1.684313103
2.836898455,1.153786224,1.683112231
2.837252974,1.155319575,1.681933399
2.837616022,1.156839561,1.680776462
2.837987877,1.158346617,1.67964126
2.838368802,1.159841173,1.678527629
2.838759047,1.161323657,1.67743539
2.839158846,1.162794487,1.676364359
2.839568422,1.164254082,1.675314339
2.839987979,1.165702852,1.674285128
2.840417712,1.167141202,1.673276511
2.8408578,1.168569533,1.672288267
2.841308407,1.169988241,1.671320166
2.841769686,1.171397715,1.670371971
2.842241774,1.172798339,1.669443435
2.842724796,1.174190492,1.668534304
2.843218865,1.175574548,1.667644317
2.843724078,1.176950873,1.666773205
2.844240522,1.178319828,1.665920694
2.844768269,1.17968177,1.665086499
2.845307379,1.181037046,1.664270333
2.8458579,1.182386002,1.663471899
2.846419868,1.183728973,1.662690895
2.846993306,1.185066292,1.661927014
2.847578224,1.186398282,1.661179942
2.848174622,1.187725261,1.66044936
2.848782487,1.189047543,1.659734944
2.849401796,1.190365433,1.659036363
2.850032512,1.191679228,1.658353283
2.850674589,1.192989223,1.657685366
2.851327969,1.194295702,1.657032267
2.851992583,1.195598945,1.656393638
2.852668353,1.196899225,1.655769128
2.853355187,1.198196807,1.655158381
2.854052987,1.199491949,1.654561038
2.85476164,1.200784905,1.653976736
2.855481028,1.202075918,1.65340511
2.85621102,1.203365229,1.652845791
2.856951475,1.204653067,1.652298408
2.857702246,1.205939658,1.651762588
2.858463174,1.207225219,1.651237955
2.859234091,1.20850996,1.650724131
2.860014822,1.209794085,1.650220737
2.860805182,1.211077791,1.649727391
2.861604978,1.212361266,1.649243713
2.86241401,1.213644693,1.648769317
2.863232069,1.214928248,1.648303821
2.864058937,1.216212098,1.647846839
2.864894391,1.217496405,1.647397986
2.865738201,1.218781324,1.646956877
2.866590127,1.220067,1.646523127
2.867449924,1.221353574,1.64609635
2.868317342,1.222641179,1.645676163
2.869192122,1.223929942,1.64526218
2.870074001,1.22521998,1.644854021
2.870962708,1.226511407,1.644451302
2.871857969,1.227804327,1.644053643
2.872759503,1.229098838,1.643660666
2.873667024,1.230395031,1.643271993
2.874580242,1.231692992,1.64288725
2.875498861,1.232992798,1.642506063
2.876422581,1.234294519,1.642128062
2.877351099,1.23559822,1.64175288
2.878284108,1.236903957,1.64138015
2.879221295,1.238211783,1.641009512
2.880162347,1.239521741,1.640640606
2.881106946,1.240833869,1.640273077
2.88205477,1.242148199,1.639906572
2.883005497,1.243464754,1.639540743
2.883958801,1.244783554,1.639175247
2.884914355,1.246104611,1.638809743
2.885871827,1.247427932,1.638443896
2.886830888,1.248753515,1.638077372
2.887791204,1.250081356,1.637709847
2.888752441,1.251411443,1.637340998
2.889714265,1.252743757,1.636970508
2.89067634,1.254078275,1.636598065
2.89163833,1.255414968,1.636223362
2.892599899,1.256753801,1.635846098
2.893560711,1.258094734,1.635465977
2.894520431,1.259437722,1.635082709
2.895478723,1.260782713,1.63469601
2.896435253,1.262129651,1.634305602
2.897389688,1.263478475,1.633911213
2.898341695,1.264829119,1.633512576
2.899290943,1.266181511,1.633109432
2.900237105,1.267535577,1.632701527
2.901179852,1.268891236,1.632288615
2.902118859,1.270248403,1.631870456
2.903053805,1.271606989,1.631446817
2.903984369,1.272966899,1.63101747
2.904910234,1.274328038,1.630582196
2.905831085,1.275690302,1.630140782
2.906746611,1.277053587,1.629693024
2.907656504,1.278417782,1.629238722
2.908560461,1.279782776,1.628777685
2.90945818,1.281148451,1.628309729
2.910349365,1.282514688,1.627834677
2.911233724,1.283881364,1.62735236
2.912110968,1.285248352,1.626862616
2.912980814,1.286615524,1.62636529
2.913842983,1.287982747,1.625860235
2.914697199,1.289349887,1.625347312
2.915543195,1.290716807,1.624826388
2.916380705,1.292083366,1.624297339
2.917209471,1.293449423,1.623760048
2.918029239,1.294814834,1.623214405
2.91883976,1.296179453,1.622660307
2.919640793,1.297543131,1.622097662
2.9204321,1.29890572,1.621526381
2.921213452,1.300267067,1.620946385
2.921984622,1.30162702,1.620357602
2.922745393,1.302985425,1.619759968
2.923495552,1.304342126,1.619153426
2.924234892,1.305696968,1.618537925
2.924963215,1.307049792,1.617913423
2.925680327,1.308400442,1.617279886
2.926386042,1.309748757,1.616637285
2.927080179,1.31109458,1.615985599
2.927762565,1.31243775,1.615324815
2.928433035,1.313778108,1.614654927
2.929091428,1.315115493,1.613975935
2.929737592,1.316449746,1.613287846
2.930371382,1.317780707,1.612590675
2.930992658,1.319108215,1.611884442
2.931601289,1.320432113,1.611169176
2.932197152,1.321752242,1.61044491
2.932780127,1.323068442,1.609711685
2.933350106,1.324380557,1.608969549
2.933906985,1.325688431,1.608218554
2.934450668,1.326991907,1.607458761
2.934981066,1.328290832,1.606690234
2.935498098,1.329585051,1.605913047
2.936001689,1.330874414,1.605127275
2.936491772,1.332158769,1.604333003
2.936968286,1.333437967,1.603530319
2.937431179,1.334711861,1.602719318
2.937880404,1.335980305,1.601900099
2.938315923,1.337243155,1.601072767
2.938737703,1.338500269,1.600237434
2.939145719,1.339751507,1.599394212
2.939539954,1.34099673,1.598543224
2.939920395,1.342235803,1.597684593
2.94028704,1.343468592,1.596818448
2.940639889,1.344694965,1.595944924
2.940978953,1.345914795,1.595064158
2.941304247,1.347127953,1.594176293
2.941615793,1.348334317,1.593281476
2.941913619,1.349533764,1.592379855
2.942197763,1.350726177,1.591471585
2.942468264,1.351911439,1.590556824
2.94272517,1.353089437,1.589635733
2.942968537,1.354260061,1.588708475
2.943198423,1.355423204,1.587775219
2.943414895,1.35657876,1.586836134
2.943618025,1.35772663,1.585891395
2.94380789,1.358866713,1.584941177
2.943984574,1.359998916,1.583985658
2.944148167,1.361123146,1.58302502
2.944298762,1.362239315,1.582059447
2.944436459,1.363347336,1.581089123
2.944561364,1.364447127,1.580114237
2.944673587,1.36553861,1.579134977
2.944773243,1.366621709,1.578151535
2.944860452,1.36769635,1.577164102
2.94493534,1.368762466,1.576172874
2.944998036,1.36981999,1.575178046
2.945048673,1.37086886,1.574179813
2.945087391,1.371909018,1.573178373
2.945114333,1.372940408,1.572173925
2.945129646,1.373962978,1.571166668
2.94513348,1.374976679,1.5701568
2.94512599,1.375981468,1.569144523
2.945107336,1.376977301,1.568130035
2.94507768,1.377964141,1.567113539
2.945037187,1.378941954,1.566095233
2.944986027,1.379910708,1.565075319
2.944924372,1.380870375,1.564053997
2.944852397,1.381820931,1.563031466
2.944770282,1.382762356,1.562007927
2.944678207,1.383694631,1.560983577
2.944576357,1.384617743,1.559958615
2.944464919,1.385531681,1.558933237
2.94434408,1.386436438,1.557907642
2.944214033,1.38733201,1.556882023
2.94407497,1.388218396,1.555856574
2.943927088,1.389095599,1.554831489
2.943770583,1.389963624,1.553806959
2.943605655,1.390822482,1.552783174
2.943432505,1.391672184,1.551760321
2.943251334,1.392512746,1.550738588
2.943062346,1.393344186,1.549718159
2.942865745,1.394166527,1.548699218
2.942661738,1.394979794,1.547681944
2.942450531,1.395784014,1.546666517
2.942232332,1.396579218,1.545653114
2.942007349,1.39736544,1.544641908
2.94177579,1.398142718,1.543633072
2.941537865,1.39891109,1.542626775
2.941293784,1.3996706,1.541623185
2.941043756,1.400421292,1.540622464
2.940787991,1.401163214,1.539624776
2.940526698,1.401896419,1.53863028
2.940260088,1.402620957,1.53763913
2.939988369,1.403336887,1.536651482
2.93971175,1.404044266,1.535667484
2.939430439,1.404743155,1.534687284
2.939144645,1.405433617,1.533711027
2.938854573,1.40611572,1.532738854
2.938560431,1.406789529,1.531770901
2.938262422,1.407455117,1.530807305
2.937960751,1.408112555,1.529848196
2.93765562,1.408761919,1.528893702
2.937347232,1.409403284,1.527943947
2.937035785,1.410036731,1.526999054
2.936721478,1.41066234,1.526059138
2.936404509,1.411280193,1.525124315
2.936085072,1.411890376,1.524194695
2.93576336,1.412492975,1.523270385
2.935439566,1.413088078,1.522351488
2.935113878,1.413675775,1.521438103
2.934786484,1.414256157,1.520530327
2.934457569,1.414829318,1.519628251
2.934127317,1.415395352,1.518731965
2.933795907,1.415954355,1.517841552
2.933463518,1.416506424,1.516957094
2.933130326,1.417051658,1.516078668
2.932796504,1.417590158,1.515206347
2.932462222,1.418122023,1.514340199
2.932127649,1.418647356,1.513480292
2.931792948,1.419166261,1.512626687
2.931458283,1.419678842,1.511779441
2.931123812,1.420185203,1.510938609
2.930789692,1.420685451,1.510104241
2.930456075,1.421179693,1.509276383
2.930123112,1.421668035,1.508455077
2.92979095,1.422150588,1.507640363
2.929459732,1.422627458,1.506832274
2.929129599,1.423098756,1.506030843
2.928800687,1.423564591,1.505236096
2.928473131,1.424025074,1.504448056
2.92814706,1.424480316,1.503666744
2.927822601,1.424930427,1.502892174
2.927499878,1.425375518,1.502124359
2.927179009,1.425815701,1.501363308
2.926860112,1.426251088,1.500609024
2.926543298,1.426681789,1.499861509
2.926228676,1.427107917,1.499120759
2.925916352,1.427529582,1.49838677
2.925606427,1.427946897,1.49765953
2.925298998,1.428359972,1.496939026
2.924994159,1.428768918,1.496225241
2.924692001,1.429173846,1.495518155
2.924392609,1.429574866,1.494817743
2.924096066,1.429972087,1.494123979
2.923802452,1.43036562,1.493436831
2.923511839,1.430755574,1.492756266
2.9232243,1.431142056,1.492082245
2.922939902,1.431525173,1.491414729
2.922658707,1.431905034,1.490753673
2.922380775,1.432281744,1.490099031
2.922106162,1.43265541,1.489450753
2.921834919,1.433026134,1.488808785
2.921567093,1.433394022,1.488173072
2.921302729,1.433759175,1.487543554
2.921041867,1.434121696,1.48692017
2.920784542,1.434481686,1.486302856
2.920530787,1.434839244,1.485691543
2.920280631,1.43519447,1.485086162
2.920034099,1.435547459,1.48448664
2.919791211,1.435898309,1.483892901
2.919551984,1.436247115,1.483304869
2.919316432,1.43659397,1.482722463
2.919084565,1.436938966,1.482145599
2.91885639,1.437282195,1.481574195
2.918631907,1.437623746,1.481008161
2.918411117,1.437963708,1.480447409
2.918194015,1.438302166,1.479891849
2.917980592,1.438639207,1.479341385
2.917770836,1.438974913,1.478795924
2.917564734,1.439309367,1.478255367
2.917362265,1.439642649,1.477719616
2.917163408,1.439974837,1.477188571
2.916968137,1.44030601,1.476662128
2.916776425,1.440636241,1.476140184
2.916588239,1.440965605,1.475622633
2.916403544,1.441294174,1.47510937
2.916222302,1.441622018,1.474600284
2.916044472,1.441949204,1.474095268
2.91587001,1.4422758,1.473594209
2.915698868,1.44260187,1.473096998
2.915530998,1.442927477,1.47260352
2.915366344,1.443252682,1.472113663
2.915204853,1.443577543,1.471627311
2.915046466,1.443902117,1.471144349
2.914891121,1.44422646,1.470664661
2.914738756,1.444550626,1.47018813
2.914589304,1.444874664,1.46971464
2.914442696,1.445198624,1.469244072
2.914298862,1.445522554,1.468776308
2.914157729,1.445846499,1.46831123
2.914019221,1.446170502,1.467848719
2.913883261,1.446494605,1.467388657
2.913749769,1.446818846,1.466930923
2.913618664,1.447143263,1.466475401
2.913489861,1.447467891,1.46602197
2.913363276,1.447792764,1.465570512
2.913238822,1.448117913,1.465120909
2.91311641,1.448443367,1.464673042
2.912995949,1.448769154,1.464226795
2.912877347,1.449095298,1.463782049
2.912760511,1.449421824,1.463338688
2.912645347,1.449748752,1.462896595
2.912531758,1.450076102,1.462455657
2.912419648,1.450403891,1.462015757
2.912308917,1.450732135,1.461576781
2.912199466,1.451060848,1.461138618
2.912091196,1.451390041,1.460701155
2.911984005,1.451719723,1.460264281
2.91187779,1.452049903,1.459827887
2.91177245,1.452380587,1.459391863
2.911667881,1.452711779,1.458956102
2.91156398,1.453043481,1.458520499
2.911460641,1.453375694,1.458084947
2.911357761,1.453708416,1.457649345
2.911255234,1.454041645,1.457213589
2.911152956,1.454375375,1.45677758
2.91105082,1.454709601,1.45634122
2.910948723,1.455044313,1.45590441
2.910846558,1.455379503,1.455467055
2.910744221,1.455715159,1.455029062
2.910641606,1.456051267,1.454590339
2.910538609,1.456387814,1.454150795
2.910435126,1.456724782,1.453710343
2.910331052,1.457062155,1.453268897
2.910226285,1.457399913,1.452826372
2.910120721,1.457738035,1.452382686
2.910014259,1.4580765,1.451937759
2.909906797,1.458415283,1.451491514
2.909798234,1.458754361,1.451043873
2.909688471,1.459093708,1.450594764
2.909577409,1.459433295,1.450144115
2.909464951,1.459773094,1.449691856
2.909350999,1.460113076,1.449237922
2.909235458,1.46045321,1.448782247
2.909118233,1.460793464,1.448324769
2.908999232,1.461133804,1.447865428
2.908878363,1.461474197,1.447404167
2.908755536,1.461814606,1.446940929
2.908630661,1.462154997,1.446475664
2.908503652,1.462495332,1.446008319
2.908374422,1.462835574,1.445538848
2.908242888,1.463175682,1.445067205
2.908108966,1.463515619,1.444593347
2.907972576,1.463855343,1.444117233
2.90783364,1.464194814,1.443638826
2.907692079,1.464533989,1.44315809
2.90754782,1.464872828,1.442674992
2.907400787,1.465211285,1.442189502
2.90725091,1.465549319,1.441701591
2.907098119,1.465886885,1.441211234
2.906942347,1.466223939,1.440718408
2.906783529,1.466560436,1.440223093
2.906621601,1.46689633,1.439725271
2.906456502,1.467231577,1.439224926
2.906288174,1.46756613,1.438722044
2.906116559,1.467899942,1.438216616
2.905941603,1.468232969,1.437708634
2.905763254,1.468565163,1.43719809
2.905581461,1.468896478,1.436684983
2.905396177,1.469226866,1.436169311
2.905207357,1.469556282,1.435651076
2.905014958,1.469884678,1.43513028
2.904818939,1.470212007,1.434606931
2.904619261,1.470538224,1.434081037
2.904415889,1.47086328,1.433552609
2.904208789,1.471187131,1.433021658
2.90399793,1.471509728,1.432488201
2.903783283,1.471831027,1.431952255
2.903564821,1.472150982,1.431413839
2.903342522,1.472469547,1.430872975
2.903116363,1.472786677,1.430329686
2.902886325,1.473102326,1.429783999
2.902652391,1.473416451,1.42923594
2.902414548,1.473729007,1.428685541
2.902172783,1.474039952,1.428132831
2.901927086,1.474349241,1.427577846
2.901677451,1.474656832,1.42702062
2.901423873,1.474962683,1.426461191
2.90116635,1.475266753,1.425899597
2.90090488,1.475569,1.42533588
2.900639468,1.475869385,1.424770083
2.900370116,1.476167868,1.424202248
2.900096833,1.47646441,1.423632423
2.899819627,1.476758974,1.423060653
2.899538509,1.47705152,1.422486989
2.899253494,1.477342014,1.42191148
2.898964597,1.477630419,1.421334179
2.898671836,1.477916699,1.420755137
2.898375232,1.478200822,1.42017441
2.898074806,1.478482753,1.419592053
2.897770583,1.47876246,1.419008123
2.897462589,1.479039911,1.418422678
2.897150854,1.479315076,1.417835778
2.896835406,1.479587925,1.417247482
2.89651628,1.479858429,1.416657852
2.896193509,1.48012656,1.416066949
2.89586713,1.480392292,1.415474838
2.89553718,1.480655598,1.414881582
2.895203699,1.480916454,1.414287245
2.89486673,1.481174836,1.413691894
2.894526316,1.481430721,1.413095595
2.894182502,1.481684087,1.412498415
2.893835334,1.481934914,1.41190042
2.893484861,1.482183182,1.41130168
2.893131134,1.482428872,1.410702262
2.892774203,1.482671967,1.410102236
2.892414121,1.48291245,1.409501671
2.892050944,1.483150306,1.408900637
2.891684726,1.483385521,1.408299205
2.891315524,1.483618081,1.407697443
2.890943399,1.483847975,1.407095423
2.890568408,1.484075192,1.406493216
2.890190612,1.484299721,1.405890891
2.889810075,1.484521554,1.405288521
2.889426859,1.484740684,1.404686175
2.889041027,1.484957103,1.404083924
2.888652646,1.485170807,1.403481839
2.888261781,1.48538179,1.402879991
2.8878685,1.485590051,1.402278449
2.887472869,1.485795586,1.401677284
2.887074959,1.485998394,1.401076565
2.886674838,1.486198476,1.400476362
2.886272576,1.486395833,1.399876743
2.885868245,1.486590467,1.399277778
2.885461915,1.48678238,1.398679535
2.885053659,1.486971579,1.39808208
2.884643549,1.487158067,1.397485482
2.884231657,1.487341851,1.396889806
2.883818058,1.487522939,1.396295119
2.883402825,1.487701339,1.395701485
2.882986031,1.487877061,1.39510897
2.882567751,1.488050115,1.394517636
2.882148059,1.488220512,1.393927547
2.88172703,1.488388265,1.393338765
2.881304739,1.488553388,1.392751351
2.880881259,1.488715894,1.392165365
2.880456667,1.4888758,1.391580867
2.880031036,1.48903312,1.390997916
2.879604441,1.489187873,1.390416568
2.879176956,1.489340076,1.389836881
2.878748657,1.489489748,1.389258909
2.878319616,1.489636909,1.388682707
2.877889908,1.48978158,1.388108328
2.877459606,1.489923781,1.387535825
2.877028783,1.490063535,1.386965248
2.876597512,1.490200865,1.386396647
2.876165865,1.490335795,1.38583007
2.875733914,1.49046835,1.385265565
2.875301731,1.490598553,1.384703177
2.874869385,1.490726433,1.384142952
2.874436946,1.490852014,1.383584932
2.874004485,1.490975325,1.383029161
2.87357207,1.491096393,1.382475678
2.873139769,1.491215247,1.381924522
2.87270765,1.491331916,1.381375733
2.872275777,1.49144643,1.380829347
2.871844218,1.49155882,1.380285398
2.871413037,1.491669116,1.379743921
2.870982297,1.49177735,1.379204947
2.870552062,1.491883553,1.378668509
2.870122393,1.491987758,1.378134635
2.869693351,1.492089999,1.377603352
2.869264997,1.492190308,1.377074689
2.868837388,1.492288719,1.376548669
2.868410583,1.492385266,1.376025317
2.867984638,1.492479984,1.375504654
2.867559608,1.492572908,1.3749867
2.867135548,1.492664072,1.374471476
2.866712511,1.492753513,1.373958997
2.866290548,1.492841266,1.373449282
2.86586971,1.492927368,1.372942342
2.865450047,1.493011854,1.372438193
2.865031606,1.493094761,1.371936845
2.864614433,1.493176125,1.371438308
2.864198575,1.493255984,1.370942591
2.863784076,1.493334375,1.370449701
2.863370977,1.493411335,1.369959642
2.86295932,1.4934869,1.36947242
2.862549145,1.493561109,1.368988036
2.86214049,1.493633998,1.368506492
2.861733392,1.493705605,1.368027787
2.861327887,1.493775968,1.367551919
2.860924008,1.493845123,1.367078885
2.860521789,1.493913109,1.36660868
2.86012126,1.493979963,1.366141298
2.859722452,1.494045721,1.365676731
2.859325391,1.494110421,1.36521497
2.858930105,1.4941741,1.364756005
2.858536619,1.494236796,1.364299823
2.858144956,1.494298544,1.363846413
2.857755139,1.494359381,1.363395758
2.857367188,1.494419344,1.362947845
2.856981123,1.494478468,1.362502654
2.85659696,1.494536791,1.362060169
2.856214715,1.494594347,1.361620368
2.855834404,1.494651172,1.361183232
2.85545604,1.494707301,1.360748739
2.855079633,1.494762768,1.360316864
2.854705194,1.494817609,1.359887584
2.854332731,1.494871858,1.359460873
2.853962251,1.494925547,1.359036704
2.85359376,1.494978711,1.358615049
2.853227261,1.495031382,1.358195879
2.852862758,1.495083594,1.357779164
2.852500251,1.495135378,1.357364874
2.852139741,1.495186765,1.356952975
2.851781224,1.495237788,1.356543436
2.851424698,1.495288477,1.356136221
2.851070159,1.495338862,1.355731297
2.8507176,1.495388973,1.355328627
2.850367014,1.495438839,1.354928175
2.850018392,1.495488489,1.354529903
2.849671724,1.495537951,1.354133773
2.849326998,1.495587253,1.353739745
2.848984202,1.495636421,1.353347781
2.848643322,1.495685483,1.352957839
2.848304343,1.495734464,1.352569878
2.847967247,1.49578339,1.352183857
2.847632017,1.495832284,1.351799732
2.847298634,1.495881172,1.351417462
2.846967078,1.495930076,1.351037001
2.846637327,1.49597902,1.350658307
2.846309359,1.496028025,1.350281333
2.84598315,1.496077114,1.349906036
2.845658676,1.496126306,1.34953237
2.84533591,1.496175622,1.349160288
2.845014826,1.496225082,1.348789745
2.844695397,1.496274704,1.348420693
2.844377593,1.496324506,1.348053087
2.844061384,1.496374506,1.347686878
2.84374674,1.496424721,1.347322019
2.84343363,1.496475167,1.346958463
2.843122021,1.496525858,1.346596162
2.842811879,1.49657681,1.346235068
2.84250317,1.496628037,1.345875133
2.842195861,1.496679552,1.345516309
2.841889914,1.496731366,1.345158548
2.841585295,1.496783493,1.344801801
2.841281965,1.496835944,1.344446021
2.840979887,1.496888727,1.34409116
2.840679023,1.496941854,1.343737169
2.840379335,1.496995334,1.343384001
2.840080782,1.497049173,1.343031608
2.839783325,1.497103381,1.342679943
2.839486923,1.497157964,1.342328959
2.839191536,1.497212928,1.341978608
2.838897122,1.497268278,1.341628844
2.83860364,1.497324019,1.341279621
2.838311048,1.497380156,1.340930892
2.838019303,1.497436691,1.340582612
2.837728362,1.497493627,1.340234735
2.837438184,1.497550967,1.339887216
2.837148724,1.497608712,1.339540012
2.83685994,1.497666862,1.339193078
2.836571788,1.497725418,1.33884637
2.836284224,1.497784378,1.338499847
2.835997206,1.497843742,1.338153464
2.835710689,1.497903507,1.337807181
2.835424629,1.497963672,1.337460957
2.835138983,1.498024233,1.33711475
2.834853707,1.498085186,1.336768521
2.834568758,1.498146527,1.336422231
2.834284092,1.498208251,1.336075841
2.833999666,1.498270353,1.335729313
2.833715436,1.498332826,1.33538261
2.83343136,1.498395664,1.335035696
2.833147395,1.498458859,1.334688536
2.832863498,1.498522405,1.334341093
2.832579627,1.498586292,1.333993335
2.832295741,1.498650512,1.333645229
2.832011797,1.498715056,1.333296741
2.831727755,1.498779914,1.332947841
2.831443574,1.498845075,1.332598498
2.831159213,1.49891053,1.332248683
2.830874632,1.498976267,1.331898366
2.830589793,1.499042274,1.331547519
2.830304656,1.499108539,1.331196117
2.830019183,1.499175051,1.330844132
2.829733336,1.499241796,1.33049154
2.829447078,1.499308761,1.330138317
2.829160372,1.499375932,1.32978444
2.828873182,1.499443296,1.329429886
2.828585474,1.499510839,1.329074635
2.828297211,1.499578545,1.328718666
2.82800836,1.4996464,1.32836196
2.827718889,1.49971439,1.328004499
2.827428763,1.499782497,1.327646266
2.827137953,1.499850708,1.327287245
2.826846425,1.499919004,1.326927421
2.826554151,1.499987372,1.326566779
2.826261101,1.500055794,1.326205307
2.825967246,1.500124253,1.325842993
2.825672558,1.500192732,1.325479826
2.825377011,1.500261216,1.325115795
2.825080577,1.500329685,1.324750892
2.824783233,1.500398124,1.324385109
2.824484954,1.500466515,1.324018439
2.824185716,1.50053484,1.323650876
2.823885497,1.500603081,1.323282415
2.823584275,1.500671222,1.322913053
2.823282029,1.500739243,1.322542787
2.822978741,1.500807127,1.322171614
2.82267439,1.500874856,1.321799533
2.822368959,1.500942413,1.321426546
2.822062432,1.501009779,1.321052653
2.821754792,1.501076936,1.320677856
2.821446024,1.501143866,1.320302158
2.821136115,1.501210552,1.319925563
2.820825051,1.501276975,1.319548076
2.820512821,1.501343118,1.319169702
2.820199412,1.501408963,1.31879045
2.819884817,1.501474492,1.318410325
2.819569024,1.501539687,1.318029337
2.819252027,1.501604532,1.317647495
2.818933818,1.501669008,1.317264809
2.81861439,1.501733099,1.316881291
2.81829374,1.501796787,1.316496953
2.817971862,1.501860056,1.316111806
2.817648754,1.501922888,1.315725866
2.817324413,1.501985267,1.315339145
2.816998838,1.502047177,1.31495166
2.816672029,1.502108602,1.314563427
2.816343986,1.502169525,1.314174461
2.816014711,1.502229931,1.31378478
2.815684207,1.502289804,1.313394403
2.815352476,1.502349129,1.313003348
2.815019525,1.502407891,1.312611634
2.814685357,1.502466074,1.312219282
2.814349979,1.502523666,1.311826313
2.814013397,1.502580651,1.311432747
2.813675622,1.502637015,1.311038606
2.813336659,1.502692746,1.310643914
2.812996521,1.502747829,1.310248692
2.812655217,1.502802251,1.309852966
2.812312758,1.502856001,1.309456758
2.811969157,1.502909065,1.309060093
2.811624427,1.502961431,1.308662996
2.811278582,1.503013088,1.308265494
2.810931636,1.503064025,1.307867611
2.810583604,1.503114231,1.307469374
2.810234504,1.503163694,1.30707081
2.80988435,1.503212405,1.306671945
2.809533162,1.503260354,1.306272808
2.809180957,1.503307532,1.305873425
2.808827754,1.503353929,1.305473825
2.808473573,1.503399536,1.305074037
2.808118435,1.503444346,1.304674088
2.807762359,1.503488351,1.304274008
2.807405367,1.503531542,1.303873825
2.807047482,1.503573913,1.303473569
2.806688725,1.503615456,1.303073269
2.806329121,1.503656167,1.302672954
2.805968693,1.503696039,1.302272654
2.805607465,1.503735065,1.3018724
2.805245461,1.503773242,1.301472219
2.804882708,1.503810565,1.301072143
2.80451923,1.503847028,1.300672202
2.804155054,1.50388263,1.300272425
2.803790207,1.503917365,1.299872842
2.803424714,1.503951231,1.299473483
2.803058603,1.503984226,1.299074377
2.802691903,1.504016347,1.298675556
2.80232464,1.504047592,1.298277048
2.801956843,1.504077961,1.297878882
2.801588541,1.504107451,1.297481089
2.801219762,1.504136064,1.297083698
2.800850535,1.504163797,1.296686738
2.80048089,1.504190653,1.296290237
2.800110856,1.504216631,1.295894226
2.799740463,1.504241732,1.295498731
2.799369741,1.504265959,1.295103782
2.798998718,1.504289312,1.294709406
2.798627427,1.504311795,1.294315632
2.798255896,1.504333409,1.293922486
2.797884155,1.504354159,1.293529997
2.797512237,1.504374046,1.29313819
2.797140169,1.504393076,1.292747093
2.796767984,1.504411252,1.292356732
2.79639571,1.504428579,1.291967132
2.79602338,1.504445061,1.291578318
2.795651022,1.504460705,1.291190317
2.795278667,1.504475515,1.290803152
2.794906345,1.504489498,1.290416848
2.794534087,1.504502659,1.290031428
2.794161922,1.504515006,1.289646916
2.793789879,1.504526545,1.289263334
2.79341799,1.504537284,1.288880705
2.793046282,1.504547231,1.288499051
2.792674785,1.504556392,1.288118392
2.792303528,1.504564778,1.287738751
2.791932541,1.504572395,1.287360146
2.791561851,1.504579253,1.286982598
2.791191487,1.50458536,1.286606127
2.790821477,1.504590727,1.286230749
2.790451848,1.504595363,1.285856485
2.790082628,1.504599278,1.28548335
2.789713845,1.504602482,1.285111363
2.789345524,1.504604985,1.284740539
2.788977692,1.504606797,1.284370894
2.788610375,1.504607931,1.284002444
2.788243598,1.504608396,1.283635202
2.787877388,1.504608205,1.283269182
2.787511767,1.504607368,1.282904399
2.787146762,1.504605898,1.282540864
2.786782395,1.504603806,1.282178589
2.786418691,1.504601104,1.281817586
2.786055671,1.504597805,1.281457866
2.785693359,1.504593921,1.281099438
2.785331777,1.504589464,1.280742312
2.784970945,1.504584448,1.280386497
2.784610886,1.504578885,1.280032001
2.784251618,1.504572788,1.279678831
2.783893163,1.504566169,1.279326994
2.783535539,1.504559044,1.278976496
2.783178766,1.504551424,1.278627342
2.782822861,1.504543323,1.278279538
2.782467842,1.504534754,1.277933088
2.782113727,1.504525732,1.277587995
2.781760531,1.504516269,1.277244262
2.781408271,1.50450638,1.27690189
2.781056961,1.504496078,1.276560883
2.780706617,1.504485378,1.27622124
2.780357253,1.504474292,1.275882961
2.780008882,1.504462834,1.275546047
2.779661516,1.50445102,1.275210497
2.779315169,1.504438861,1.274876307
2.778969851,1.504426373,1.274543478
2.778625574,1.50441357,1.274212004
2.778282347,1.504400464,1.273881884
2.777940181,1.50438707,1.273553112
2.777599085,1.504373402,1.273225683
2.777259066,1.504359473,1.272899594
2.776920134,1.504345297,1.272574837
2.776582293,1.504330888,1.272251405
2.776245552,1.504316259,1.271929293
2.775909916,1.504301424,1.271608492
2.77557539,1.504286397,1.271288993
2.775241978,1.50427119,1.270970789
2.774909685,1.504255817,1.270653869
2.774578514,1.50424029,1.270338223
2.774248466,1.504224624,1.270023842
2.773919545,1.504208831,1.269710714
2.773591752,1.504192924,1.269398828
2.773265086,1.504176915,1.269088172
2.772939549,1.504160816,1.268778733
2.772615139,1.504144641,1.268470498
2.772291856,1.504128402,1.268163454
2.771969698,1.50411211,1.267857588
2.771648662,1.504095777,1.267552884
2.771328745,1.504079416,1.267249329
2.771009943,1.504063038,1.266946906
2.770692254,1.504046653,1.266645601
2.770375671,1.504030274,1.266345397
2.770060189,1.504013911,1.266046278
2.769745803,1.503997576,1.265748227
2.769432506,1.503981278,1.265451228
2.769120291,1.503965028,1.265155263
2.76880915,1.503948836,1.264860314
2.768499076,1.503932712,1.264566364
2.76819006,1.503916667,1.264273393
2.767882092,1.503900709,1.263981383
2.767575163,1.503884848,1.263690315
2.767269263,1.503869092,1.263400171
2.766964381,1.503853451,1.26311093
2.766660506,1.503837933,1.262822573
2.766357627,1.503822547,1.26253508
2.766055731,1.5038073,1.262248431
2.765754807,1.5037922,1.261962606
2.76545484,1.503777256,1.261677584
2.765155819,1.503762474,1.261393346
2.764857729,1.503747861,1.261109868
2.764560556,1.503733424,1.260827133
2.764264286,1.503719169,1.260545117
2.763968904,1.503705104,1.2602638
2.763674394,1.503691233,1.259983161
2.763380741,1.503677564,1.259703178
2.76308793,1.5036641,1.25942383
2.762795943,1.503650847,1.259145096
2.762504765,1.50363781,1.258866955
2.762214379,1.503624995,1.258589385
2.761924768,1.503612404,1.258312363
2.761635913,1.503600043,1.258035871
2.761347799,1.503587914,1.257759884
2.761060406,1.503576023,1.257484383
2.760773717,1.503564371,1.257209346
2.760487714,1.503552962,1.256934752
2.760202378,1.503541799,1.256660579
2.75991769,1.503530883,1.256386807
2.759633633,1.503520218,1.256113414
2.759350186,1.503509805,1.25584038
2.759067331,1.503499646,1.255567685
2.758785048,1.503489742,1.255295306
2.758503319,1.503480094,1.255023224
2.758222123,1.503470704,1.254751419
2.757941442,1.503461571,1.254479871
2.757661256,1.503452696,1.25420856
2.757381544,1.503444079,1.253937466
2.757102289,1.503435719,1.253666569
2.756823469,1.503427618,1.253395851
2.756545065,1.503419772,1.253125292
2.756267058,1.503412183,1.252854875
2.755989427,1.503404848,1.252584579
2.755712154,1.503397766,1.252314388
2.755435218,1.503390935,1.252044282
2.7551586,1.503384354,1.251774246
2.754882281,1.50337802,1.25150426
2.75460624,1.503371931,1.251234309
2.75433046,1.503366085,1.250964375
2.75405492,1.503360478,1.250694443
2.753779602,1.503355107,1.250424496
2.753504487,1.503349969,1.250154518
2.753229555,1.503345061,1.249884494
2.752954789,1.503340379,1.24961441
2.752680169,1.50333592,1.24934425
2.752405678,1.503331678,1.249074
2.752131297,1.50332765,1.248803647
2.751857009,1.503323831,1.248533177
2.751582795,1.503320217,1.248262578
2.751308639,1.503316804,1.247991835
2.751034523,1.503313585,1.247720938
2.75076043,1.503310555,1.247449875
2.750486343,1.503307711,1.247178633
2.750212247,1.503305045,1.246907202
2.749938124,1.503302553,1.246635572
2.749663959,1.503300228,1.246363731
2.749389737,1.503298065,1.246091672
2.749115441,1.503296058,1.245819384
2.748841058,1.5032942,1.245546858
2.748566572,1.503292486,1.245274086
2.748291969,1.503290908,1.245001061
2.748017235,1.50328946,1.244727775
2.747742357,1.503288137,1.24445422
2.74746732,1.50328693,1.24418039
2.747192113,1.503285833,1.243906279
2.746916722,1.50328484,1.243631882
2.746641136,1.503283943,1.243357193
2.746365342,1.503283134,1.243082207
2.746089329,1.503282408,1.24280692
2.745813085,1.503281757,1.242531329
2.745536602,1.503281173,1.242255429
2.745259867,1.503280649,1.241979218
2.744982871,1.503280178,1.241702693
2.744705605,1.503279752,1.241425853
2.744428059,1.503279364,1.241148695
2.744150225,1.503279006,1.240871219
2.743872094,1.503278671,1.240593424
2.74359366,1.503278351,1.240315309
2.743314913,1.503278039,1.240036874
2.743035848,1.503277727,1.239758121
2.742756458,1.503277407,1.23947905
2.742476736,1.503277072,1.239199663
2.742196677,1.503276715,1.238919962
2.741916275,1.503276327,1.238639948
2.741635527,1.503275902,1.238359625
2.741354426,1.503275431,1.238078995
2.74107297,1.503274908,1.237798062
2.740791154,1.503274324,1.237516831
2.740508977,1.503273672,1.237235305
2.740226433,1.503272945,1.236953488
2.739943523,1.503272136,1.236671387
2.739660243,1.503271237,1.236389006
2.739376592,1.503270241,1.236106351
2.739092569,1.503269141,1.235823429
2.738808174,1.503267929,1.235540245
2.738523407,1.503266599,1.235256807
2.738238267,1.503265144,1.234973122
2.737952755,1.503263557,1.234689198
2.737666872,1.503261831,1.234405042
2.737380621,1.503259959,1.234120662
2.737094001,1.503257935,1.233836066
2.736807017,1.503255752,1.233551265
2.73651967,1.503253404,1.233266266
2.736231964,1.503250885,1.232981079
2.735943901,1.503248187,1.232695714
2.735655486,1.503245306,1.23241018
2.735366724,1.503242235,1.232124488
2.735077617,1.503238969,1.231838648
2.734788172,1.503235501,1.231552671
2.734498393,1.503231826,1.231266566
2.734208286,1.503227939,1.230980347
2.733917857,1.503223834,1.230694023
2.733627113,1.503219506,1.230407607
2.733336059,1.50321495,1.23012111
2.733044704,1.50321016,1.229834543
2.732753053,1.503205133,1.22954792
2.732461115,1.503199864,1.229261252
2.732168898,1.503194347,1.228974551
2.731876409,1.503188579,1.22868783
2.731583657,1.503182556,1.228401102
2.731290652,1.503176272,1.228114379
2.730997401,1.503169726,1.227827675
2.730703914,1.503162912,1.227541002
2.7304102,1.503155827,1.227254373
2.73011627,1.503148468,1.226967802
2.729822134,1.503140832,1.226681302
2.7295278,1.503132915,1.226394886
2.729233281,1.503124714,1.226108568
2.728938587,1.503116227,1.22582236
2.728643728,1.503107451,1.225536277
2.728348716,1.503098384,1.225250333
2.728053562,1.503089023,1.224964539
2.727758277,1.503079366,1.224678911
2.727462873,1.503069412,1.224393462
2.727167362,1.503059158,1.224108205
2.726871756,1.503048603,1.223823153
2.726576066,1.503037745,1.223538321
2.726280305,1.503026584,1.223253721
2.725984486,1.503015118,1.222969368
2.72568862,1.503003346,1.222685273
2.72539272,1.502991268,1.222401452
2.725096799,1.502978882,1.222117917
2.72480087,1.502966189,1.221834681
2.724504945,1.502953188,1.221551757
2.724209038,1.502939879,1.221269158
2.72391316,1.502926263,1.220986898
2.723617326,1.502912338,1.220704988
2.723321548,1.502898107,1.220423442
2.72302584,1.502883568,1.220142271
2.722730214,1.502868724,1.21986149
2.722434683,1.502853575,1.219581108
2.722139261,1.502838121,1.21930114
2.721843961,1.502822365,1.219021596
2.721548795,1.502806307,1.218742488
2.721253778,1.502789949,1.218463828
2.720958921,1.502773293,1.218185628
2.720664238,1.50275634,1.217907898
2.720369743,1.502739092,1.21763065
2.720075447,1.502721552,1.217353895
2.719781364,1.502703722,1.217077642
2.719487506,1.502685603,1.216801903
2.719193886,1.502667199,1.216526687
2.718900517,1.502648512,1.216252006
2.718607412,1.502629544,1.215977867
2.718314582,1.5026103,1.215704282
2.71802204,1.502590781,1.215431258
2.717729798,1.502570991,1.215158806
2.717437868,1.502550934,1.214886934
2.717146263,1.502530612,1.214615651
2.716854993,1.502510029,1.214344964
2.716564071,1.502489189,1.214074882
2.716273508,1.502468096,1.213805413
2.715983316,1.502446752,1.213536563
2.715693505,1.502425163,1.213268341
2.715404086,1.502403333,1.213000753
2.715115071,1.502381264,1.212733806
2.71482647,1.502358963,1.212467507
2.714538293,1.502336432,1.21220186
2.71425055,1.502313677,1.211936873
2.713963252,1.502290702,1.21167255
2.713676409,1.502267512,1.211408897
2.713390029,1.50224411,1.211145919
2.713104123,1.502220503,1.21088362
2.712818699,1.502196695,1.210622005
2.712533767,1.50217269,1.210361077
2.712249335,1.502148494,1.210100841
2.711965412,1.502124111,1.209841301
2.711682005,1.502099547,1.209582458
2.711399123,1.502074807,1.209324316
2.711116773,1.502049896,1.209066877
2.710834964,1.50202482,1.208810144
2.710553701,1.501999582,1.208554119
2.710272993,1.50197419,1.208298802
2.709992845,1.501948648,1.208044197
2.709713264,1.501922962,1.207790302
2.709434257,1.501897136,1.20753712
2.709155828,1.501871177,1.207284651
2.708877985,1.50184509,1.207032895
2.708600731,1.50181888,1.206781851
2.708324073,1.501792553,1.206531519
2.708048014,1.501766115,1.206281899
2.70777256,1.501739571,1.206032989
2.707497714,1.501712925,1.205784788
2.70722348,1.501686185,1.205537295
2.706949863,1.501659356,1.205290507
2.706676865,1.501632443,1.205044422
2.706404489,1.501605451,1.204799038
2.706132738,1.501578386,1.204554353
2.705861616,1.501551254,1.204310362
2.705591122,1.501524059,1.204067063
2.705321261,1.501496809,1.203824452
2.705052033,1.501469507,1.203582526
2.70478344,1.501442159,1.20334128
2.704515482,1.501414772,1.203100711
2.704248161,1.501387349,1.202860812
2.703981477,1.501359897,1.202621581
2.70371543,1.50133242,1.202383011
2.70345002,1.501304924,1.202145097
2.703185247,1.501277414,1.201907834
2.70292111,1.501249895,1.201671216
2.702657608,1.501222372,1.201435237
2.702394741,1.50119485,1.20119989
2.702132505,1.501167335,1.200965171
2.701870901,1.50113983,1.200731071
2.701609925,1.501112342,1.200497584
2.701349576,1.501084873,1.200264702
2.701089851,1.501057431,1.20003242
2.700830747,1.501030018,1.199800729
2.700572261,1.50100264,1.199569622
2.700314391,1.500975301,1.19933909
2.700057132,1.500948005,1.199109127
2.699800481,1.500920757,1.198879724
2.699544433,1.500893561,1.198650872
2.699288985,1.500866421,1.198422564
2.699034132,1.500839341,1.198194791
2.69877987,1.500812326,1.197967544
2.698526193,1.500785379,1.197740814
2.698273096,1.500758503,1.197514593
2.698020574,1.500731703,1.197288871
2.697768622,1.500704983,1.197063639
2.697517233,1.500678345,1.196838888
2.697266403,1.500651794,1.196614609
2.697016124,1.500625332,1.196390792
2.69676639,1.500598962,1.196167428
2.696517195,1.500572689,1.195944506
2.696268533,1.500546515,1.195722018
2.696020395,1.500520442,1.195499953
2.695772776,1.500494474,1.195278302
2.695525668,1.500468614,1.195057055
2.695279064,1.500442863,1.194836201
2.695032956,1.500417225,1.194615732
2.694787337,1.500391701,1.194395636
2.694542199,1.500366295,1.194175904
2.694297534,1.500341008,1.193956526
2.694053334,1.500315842,1.193737492
2.693809591,1.5002908,1.193518791
2.693566296,1.500265882,1.193300414
2.693323442,1.500241092,1.19308235
2.693081019,1.50021643,1.19286459
2.69283902,1.500191897,1.192647123
2.692597435,1.500167496,1.192429939
2.692356257,1.500143228,1.192213029
2.692115475,1.500119093,1.191996382
2.691875082,1.500095093,1.191779989
2.691635067,1.500071228,1.191563839
2.691395424,1.5000475,1.191347924
2.691156141,1.500023909,1.191132232
2.690917211,1.500000456,1.190916755
2.690678623,1.499977141,1.190701482
2.69044037,1.499953965,1.190486405
2.690202441,1.499930928,1.190271513
2.689964828,1.499908029,1.190056798
2.689727521,1.49988527,1.189842251
2.689490511,1.49986265,1.189627861
2.689253789,1.499840169,1.18941362
2.689017345,1.499817826,1.189199519
2.688781171,1.499795621,1.18898555
2.688545257,1.499773555,1.188771702
2.688309594,1.499751625,1.188557969
2.688074173,1.499729832,1.188344341
2.687838984,1.499708174,1.18813081
2.687604019,1.499686651,1.187917368
2.687369269,1.499665262,1.187704007
2.687134724,1.499644006,1.187490718
2.686900376,1.499622881,1.187277495
2.686666216,1.499601887,1.18706433
2.686432235,1.499581021,1.186851214
2.686198425,1.499560283,1.186638141
2.685964776,1.499539671,1.186425105
2.68573128,1.499519183,1.186212096
2.685497929,1.499498818,1.18599911
2.685264714,1.499478574,1.18578614
2.685031627,1.499458449,1.185573178
2.68479866,1.49943844,1.18536022
2.684565805,1.499418547,1.185147258
2.684333053,1.499398766,1.184934287
2.684100397,1.499379096,1.184721301
2.68386783,1.499359535,1.184508295
2.683635343,1.49934008,1.184295264
2.68340293,1.499320728,1.184082201
2.683170582,1.499301478,1.183869104
2.682938293,1.499282327,1.183655966
2.682706056,1.499263272,1.183442784
2.682473863,1.49924431,1.183229553
2.682241708,1.499225439,1.183016269
2.682009585,1.499206657,1.182802928
2.681777486,1.499187959,1.182589527
2.681545406,1.499169345,1.182376061
2.681313338,1.499150809,1.182162529
2.681081277,1.499132351,1.181948926
2.680849217,1.499113966,1.181735251
2.680617151,1.499095652,1.1815215
2.680385076,1.499077405,1.18130767
2.680152984,1.499059223,1.181093761
2.679920872,1.499041103,1.180879769
2.679688734,1.49902304,1.180665694
2.679456565,1.499005033,1.180451533
2.679224362,1.498987077,1.180237285
2.678992119,1.49896917,1.180022949
2.678759833,1.498951308,1.179808524
2.678527499,1.498933489,1.17959401
2.678295113,1.498915708,1.179379406
2.678062673,1.498897962,1.179164711
2.677830174,1.498880249,1.178949926
2.677597614,1.498862564,1.17873505
2.677364988,1.498844904,1.178520084
2.677132295,1.498827267,1.178305028
2.676899532,1.498809648,1.178089884
2.676666697,1.498792045,1.177874652
2.676433786,1.498774454,1.177659332
2.676200798,1.498756871,1.177443927
2.675967732,1.498739294,1.177228438
2.675734585,1.498721719,1.177012866
2.675501356,1.498704142,1.176797214
2.675268043,1.49868656,1.176581483
2.675034647,1.498668971,1.176365676
2.674801164,1.49865137,1.176149794
2.674567596,1.498633755,1.175933841
2.674333942,1.498616122,1.175717819
2.6741002,1.498598468,1.175501732
2.673866372,1.49858079,1.175285581
2.673632456,1.498563085,1.175069371
2.673398454,1.498545349,1.174853105
2.673164366,1.49852758,1.174636787
2.672930192,1.498509773,1.174420419
2.672695933,1.498491928,1.174204006
2.672461591,1.498474039,1.173987552
2.672227165,1.498456105,1.173771061
2.671992659,1.498438122,1.173554537
2.671758072,1.498420088,1.173337985
2.671523407,1.498401999,1.173121408
2.671288666,1.498383853,1.172904813
2.671053851,1.498365648,1.172688203
2.670818964,1.498347379,1.172471584
2.670584006,1.498329046,1.17225496
2.670348982,1.498310645,1.172038337
2.670113892,1.498292173,1.17182172
2.669878741,1.498273628,1.171605113
2.669643532,1.498255008,1.171388523
2.669408266,1.498236311,1.171171955
2.669172948,1.498217533,1.170955415
2.668937581,1.498198673,1.170738908
2.668702168,1.498179728,1.17052244
2.668466714,1.498160697,1.170306017
2.668231221,1.498141577,1.170089644
2.667995694,1.498122366,1.169873328
2.667760137,1.498103062,1.169657075
2.667524555,1.498083664,1.169440891
2.667288951,1.498064169,1.169224782
2.667053329,1.498044576,1.169008753
2.666817695,1.498024883,1.168792812
2.666582053,1.498005088,1.168576965
2.666346407,1.49798519,1.168361218
2.666110764,1.497965187,1.168145576
2.665875126,1.497945079,1.167930048
2.6656395,1.497924863,1.167714638
2.665403891,1.497904538,1.167499353
2.665168303,1.497884103,1.1672842
2.664932742,1.497863557,1.167069186
2.664697214,1.497842899,1.166854316
2.664461724,1.497822127,1.166639596
2.664226276,1.497801242,1.166425034
2.663990878,1.497780242,1.166210636
2.663755533,1.497759125,1.165996408
2.663520249,1.497737893,1.165782356
2.66328503,1.497716543,1.165568487
2.663049883,1.497695076,1.165354807
2.662814813,1.49767349,1.165141323
2.662579826,1.497651786,1.16492804
2.662344928,1.497629963,1.164714965
2.662110125,1.497608021,1.164502104
2.661875422,1.49758596,1.164289463
2.661640826,1.497563779,1.164077047
2.661406342,1.497541478,1.163864865
2.661171977,1.497519058,1.16365292
2.660937737,1.497496518,1.163441219
2.660703626,1.497473859,1.163229768
2.660469652,1.49745108,1.163018572
2.660235821,1.497428183,1.162807638
2.660002137,1.497405167,1.16259697
2.659768608,1.497382034,1.162386575
2.659535239,1.497358782,1.162176457
2.659302036,1.497335414,1.161966622
2.659069005,1.497311929,1.161757076
2.658836152,1.497288328,1.161547824
2.658603482,1.497264613,1.161338869
2.658371002,1.497240783,1.161130219
2.658138716,1.49721684,1.160921877
2.657906632,1.497192784,1.160713848
2.657674754,1.497168618,1.160506136
2.657443088,1.497144341,1.160298748
2.65721164,1.497119954,1.160091686
2.656980415,1.49709546,1.159884955
2.656749418,1.497070859,1.159678559
2.656518656,1.497046152,1.159472504
2.656288132,1.497021341,1.159266791
2.656057853,1.496996428,1.159061426
2.655827824,1.496971413,1.158856411
2.65559805,1.496946298,1.158651752
2.655368535,1.496921085,1.15844745
2.655139285,1.496895775,1.15824351
2.654910304,1.49687037,1.158039934
2.654681598,1.496844872,1.157836726
2.65445317,1.496819282,1.157633888
2.654225026,1.496793602,1.157431424
2.65399717,1.496767834,1.157229336
2.653769607,1.49674198,1.157027626
2.65354234,1.496716042,1.156826298
2.653315373,1.496690021,1.156625352
2.653088712,1.496663919,1.156424792
2.652862359,1.49663774,1.156224619
2.652636319,1.496611483,1.156024836
2.652410595,1.496585153,1.155825443
2.652185192,1.49655875,1.155626442
2.651960111,1.496532277,1.155427835
2.651735358,1.496505735,1.155229623
2.651510935,1.496479128,1.155031807
2.651286845,1.496452458,1.154834388
2.651063092,1.496425726,1.154637366
2.650839678,1.496398935,1.154440743
2.650616606,1.496372087,1.154244519
2.650393879,1.496345184,1.154048695
2.650171499,1.496318229,1.15385327
2.649949468,1.496291224,1.153658245
2.64972779,1.496264171,1.153463619
2.649506466,1.496237073,1.153269393
2.649285497,1.496209932,1.153075566
2.649064887,1.49618275,1.152882137
2.648844637,1.496155529,1.152689107
2.648624747,1.496128273,1.152496474
2.648405221,1.496100984,1.152304237
2.648186059,1.496073663,1.152112396
2.647967262,1.496046313,1.151920949
2.647748832,1.496018937,1.151729895
2.647530769,1.495991537,1.151539233
2.647313075,1.495964115,1.15134896
2.64709575,1.495936674,1.151159076
2.646878794,1.495909216,1.150969578
2.646662208,1.495881743,1.150780465
2.646445992,1.495854258,1.150591734
2.646230147,1.495826763,1.150403384
2.646014673,1.495799261,1.150215412
2.645799568,1.495771753,1.150027815
2.645584834,1.495744242,1.149840592
2.64537047,1.495716731,1.149653739
2.645156474,1.495689221,1.149467254
2.644942848,1.495661715,1.149281133
2.644729589,1.495634215,1.149095375
2.644516698,1.495606723,1.148909975
2.644304172,1.495579242,1.148724931
2.644092012,1.495551773,1.148540239
2.643880215,1.495524319,1.148355896
2.64366878,1.495496881,1.148171899
2.643457707,1.495469463,1.147988244
2.643246993,1.495442066,1.147804927
2.643036636,1.495414691,1.147621944
2.642826635,1.495387342,1.147439293
2.642616988,1.49536002,1.147256968
2.642407692,1.495332726,1.147074966
2.642198747,1.495305463,1.146893283
2.641990148,1.495278233,1.146711915
2.641781895,1.495251038,1.146530857
2.641573984,1.495223879,1.146350105
2.641366413,1.495196757,1.146169655
2.641159179,1.495169676,1.145989503
2.64095228,1.495142636,1.145809644
2.640745713,1.495115639,1.145630074
2.640539474,1.495088687,1.145450787
2.640333561,1.495061781,1.14527178
2.64012797,1.495034923,1.145093048
2.639922699,1.495008114,1.144914585
2.639717744,1.494981356,1.144736388
2.639513102,1.49495465,1.144558452
2.639308769,1.494927997,1.144380772
2.639104741,1.494901399,1.144203342
2.638901016,1.494874857,1.144026159
2.638697589,1.494848372,1.143849217
2.638494456,1.494821946,1.143672511
2.638291615,1.494795579,1.143496037
2.638089061,1.494769272,1.143319789
2.63788679,1.494743027,1.143143762
2.637684798,1.494716845,1.142967953
2.637483081,1.494690726,1.142792355
2.637281635,1.494664672,1.142616963
2.637080457,1.494638683,1.142441774
2.63687954,1.494612759,1.142266781
2.636678883,1.494586903,1.14209198
2.63647848,1.494561114,1.141917366
2.636278327,1.494535393,1.141742934
2.636078419,1.49450974,1.141568679
2.635878753,1.494484157,1.141394597
2.635679325,1.494458643,1.141220682
2.635480128,1.494433199,1.141046929
2.63528116,1.494407826,1.140873334
2.635082416,1.494382524,1.140699892
2.63488389,1.494357293,1.140526598
2.63468558,1.494332133,1.140353448
2.63448748,1.494307044,1.140180436
2.634289586,1.494282028,1.140007559
2.634091893,1.494257083,1.139834811
2.633894398,1.49423221,1.139662188
2.633697094,1.494207408,1.139489686
2.633499979,1.494182679,1.1393173
2.633303047,1.494158021,1.139145026
2.633106294,1.494133435,1.138972859
2.632909715,1.49410892,1.138800795
2.632713307,1.494084476,1.138628831
2.632517064,1.494060104,1.138456961
2.632320983,1.494035801,1.138285182
2.632125059,1.494011569,1.138113489
2.631929287,1.493987407,1.13794188
2.631733663,1.493963314,1.137770349
2.631538183,1.49393929,1.137598894
2.631342843,1.493915334,1.13742751
2.631147639,1.493891445,1.137256193
2.630952565,1.493867624,1.137084941
2.630757619,1.493843869,1.13691375
2.630562796,1.49382018,1.136742616
2.630368092,1.493796556,1.136571536
2.630173503,1.493772997,1.136400506
2.629979025,1.4937495,1.136229525
2.629784654,1.493726066,1.136058588
2.629590386,1.493702694,1.135887692
2.629396218,1.493679382,1.135716835
2.629202145,1.493656131,1.135546015
2.629008165,1.493632938,1.135375227
2.628814273,1.493609802,1.135204471
2.628620466,1.493586724,1.135033742
2.62842674,1.493563701,1.134863039
2.628233093,1.493540733,1.13469236
2.62803952,1.493517818,1.134521702
2.627846018,1.493494955,1.134351063
2.627652585,1.493472143,1.134180441
2.627459216,1.493449381,1.134009835
2.62726591,1.493426668,1.133839242
2.627072663,1.493404002,1.133668661
2.626879472,1.493381382,1.13349809
2.626686334,1.493358806,1.133327528
2.626493247,1.493336274,1.133156973
2.626300208,1.493313784,1.132986423
2.626107214,1.493291334,1.132815879
2.625914263,1.493268924,1.132645338
2.625721352,1.493246552,1.1324748
2.62552848,1.493224215,1.132304264
2.625335643,1.493201914,1.132133729
2.62514284,1.493179646,1.131963194
2.624950069,1.49315741,1.131792659
2.624757328,1.493135205,1.131622123
2.624564615,1.493113029,1.131451586
2.624371928,1.49309088,1.131281048
2.624179265,1.493068757,1.131110508
2.623986626,1.493046659,1.130939966
2.623794007,1.493024584,1.130769423
2.623601409,1.49300253,1.130598879
2.623408829,1.492980496,1.130428333
2.623216266,1.49295848,1.130257786
2.62302372,1.492936482,1.130087238
2.622831189,1.492914498,1.129916691
2.622638672,1.492892528,1.129746144
2.622446169,1.492870571,1.129575598
2.622253678,1.492848624,1.129405054
2.622061199,1.492826686,1.129234513
2.621868732,1.492804756,1.129063976
2.621676276,1.492782832,1.128893444
2.62148383,1.492760912,1.128722918
2.621291394,1.492738995,1.128552399
2.621098969,1.49271708,1.128381889
2.620906553,1.492695165,1.128211388
2.620714147,1.492673248,1.128040899
2.620521751,1.492651328,1.127870423
2.620329365,1.492629404,1.127699962
2.62013699,1.492607474,1.127529516
2.619944625,1.492585536,1.127359089
2.619752271,1.492563589,1.127188682
2.619559929,1.492541633,1.127018297
2.619367599,1.492519664,1.126847935
2.619175282,1.492497683,1.126677599
2.618982979,1.492475687,1.126507292
2.618790689,1.492453675,1.126337014
2.618598415,1.492431646,1.126166769
2.618406158,1.492409599,1.125996559
2.618213918,1.492387532,1.125826386
2.618021696,1.492365444,1.125656252
2.617829494,1.492343333,1.125486161
2.617637313,1.492321199,1.125316114
2.617445154,1.49229904,1.125146114
2.617253019,1.492276856,1.124976164
2.61706091,1.492254644,1.124806266
2.616868827,1.492232404,1.124636423
2.616676773,1.492210134,1.124466639
2.61648475,1.492187834,1.124296915
2.616292758,1.492165503,1.124127255
2.6161008,1.492143139,1.123957661
2.615908878,1.492120741,1.123788137
2.615716994,1.492098309,1.123618685
2.615525149,1.492075841,1.123449308
2.615333346,1.492053337,1.12328001
2.615141588,1.492030795,1.123110792
2.614949875,1.492008215,1.122941659
2.61475821,1.491985596,1.122772614
2.614566596,1.491962938,1.122603659
2.614375036,1.491940238,1.122434798
2.61418353,1.491917497,1.122266033
2.613992082,1.491894714,1.122097368
2.613800694,1.491871888,1.121928806
2.613609368,1.491849018,1.12176035
2.613418108,1.491826105,1.121592003
2.613226916,1.491803147,1.121423769
2.613035794,1.491780143,1.12125565
2.612844744,1.491757094,1.12108765
2.61265377,1.491733998,1.120919772
2.612462875,1.491710856,1.120752019
2.61227206,1.491687667,1.120584393
2.612081329,1.491664429,1.120416899
2.611890684,1.491641144,1.12024954
2.611700128,1.491617811,1.120082317
2.611509665,1.491594429,1.119915236
2.611319296,1.491570998,1.119748297
2.611129024,1.491547519,1.119581505
2.610938853,1.49152399,1.119414863
2.610748785,1.491500411,1.119248374
2.610558823,1.491476783,1.11908204
2.61036897,1.491453106,1.118915864
2.610179229,1.491429378,1.11874985
2.609989602,1.491405601,1.118584001
2.609800092,1.491381774,1.118418318
2.609610703,1.491357898,1.118252805
2.609421437,1.491333971,1.118087465
2.609232296,1.491309995,1.117922301
2.609043285,1.49128597,1.117757315
2.608854405,1.491261895,1.117592509
2.608665659,1.491237772,1.117427887
2.60847705,1.491213599,1.117263451
2.608288582,1.491189378,1.117099204
2.608100256,1.491165108,1.116935148
2.607912075,1.49114079,1.116771285
2.607724042,1.491116425,1.116607618
2.607536161,1.491092012,1.116444149
2.607348432,1.491067552,1.11628088
2.60716086,1.491043046,1.116117814
2.606973447,1.491018494,1.115954953
2.606786195,1.490993896,1.115792299
2.606599106,1.490969253,1.115629854
2.606412184,1.490944565,1.115467619
2.606225431,1.490919833,1.115305598
2.60603885,1.490895058,1.115143791
2.605852442,1.49087024,1.114982201
2.60566621,1.49084538,1.11482083
2.605480156,1.490820479,1.114659678
2.605294284,1.490795536,1.114498748
2.605108594,1.490770553,1.114338041
2.604923089,1.490745531,1.114177558
2.604737772,1.49072047,1.114017302
2.604552645,1.490695372,1.113857273
2.604367709,1.490670236,1.113697473
2.604182966,1.490645064,1.113537903
2.603998419,1.490619856,1.113378563
2.60381407,1.490594614,1.113219456
2.60362992,1.490569337,1.113060582
2.603445971,1.490544029,1.112901942
2.603262225,1.490518688,1.112743537
2.603078683,1.490493315,1.112585368
2.602895348,1.490467913,1.112427435
2.602712221,1.490442481,1.112269739
2.602529303,1.490417022,1.112112281
2.602346596,1.490391535,1.111955061
2.602164101,1.490366021,1.11179808
2.60198182,1.490340483,1.111641338
2.601799754,1.49031492,1.111484835
2.601617904,1.490289333,1.111328571
2.601436272,1.490263725,1.111172547
2.601254858,1.490238095,1.111016763
2.601073664,1.490212445,1.110861218
2.60089269,1.490186776,1.110705914
2.600711937,1.490161089,1.110550848
2.600531407,1.490135385,1.110396022
2.6003511,1.490109665,1.110241435
2.600171017,1.49008393,1.110087087
2.599991158,1.490058181,1.109932977
2.599811525,1.49003242,1.109779105
2.599632117,1.490006647,1.10962547
2.599452936,1.489980864,1.109472072
2.599273981,1.489955071,1.109318909
2.599095253,1.48992927,1.109165982
2.598916752,1.489903462,1.10901329
2.598738478,1.489877648,1.10886083
2.598560433,1.489851829,1.108708604
2.598382614,1.489826006,1.108556609
2.598205024,1.48980018,1.108404844
2.598027661,1.489774352,1.108253309
2.597850526,1.489748524,1.108102002
2.597673618,1.489722696,1.107950922
2.597496937,1.48969687,1.107800067
2.597320483,1.489671046,1.107649437
2.597144256,1.489645226,1.10749903
2.596968255,1.489619411,1.107348844
2.596792479,1.489593601,1.107198878
2.596616929,1.489567798,1.10704913
2.596441603,1.489542003,1.106899599
2.596266501,1.489516217,1.106750283
2.596091622,1.489490441,1.10660118
2.595916965,1.489464676,1.106452289
2.59574253,1.489438922,1.106303607
2.595568315,1.489413182,1.106155133
2.59539432,1.489387455,1.106006865
2.595220544,1.489361743,1.105858801
2.595046986,1.489336047,1.105710939
2.594873644,1.489310367,1.105563277
2.594700517,1.489284705,1.105415812
2.594527605,1.489259062,1.105268543
2.594354906,1.489233437,1.105121468
2.594182418,1.489207834,1.104974584
2.59401014,1.489182251,1.10482789
2.593838072,1.48915669,1.104681382
2.59366621,1.489131152,1.104535058
2.593494555,1.489105637,1.104388918
2.593323104,1.489080147,1.104242957
2.593151855,1.489054682,1.104097174
2.592980808,1.489029242,1.103951566
2.59280996,1.48900383,1.103806131
2.592639311,1.488978444,1.103660866
2.592468857,1.488953087,1.10351577
2.592298597,1.488927758,1.103370839
2.59212853,1.488902459,1.103226071
2.591958653,1.48887719,1.103081464
2.591788965,1.488851951,1.102937015
2.591619464,1.488826743,1.102792721
2.591450148,1.488801567,1.102648581
2.591281015,1.488776424,1.102504591
2.591112062,1.488751313,1.102360749
2.590943288,1.488726236,1.102217053
2.590774691,1.488701192,1.102073499
2.590606269,1.488676183,1.101930086
2.590438019,1.488651209,1.101786811
2.59026994,1.488626269,1.101643671
2.590102029,1.488601365,1.101500664
2.589934284,1.488576497,1.101357787
2.589766704,1.488551666,1.101215038
2.589599285,1.488526871,1.101072414
2.589432025,1.488502113,1.100929912
2.589264923,1.488477392,1.100787531
2.589097976,1.488452709,1.100645268
2.588931182,1.488428063,1.100503119
2.588764539,1.488403455,1.100361084
2.588598044,1.488378885,1.100219158
2.588431695,1.488354354,1.100077341
2.588265489,1.488329861,1.099935629
2.588099426,1.488305406,1.09979402
2.587933502,1.488280991,1.099652511
2.587767714,1.488256613,1.099511101
2.587602062,1.488232275,1.099369787
2.587436542,1.488207975,1.099228566
2.587271152,1.488183714,1.099087437
2.58710589,1.488159493,1.098946397
2.586940753,1.488135309,1.098805444
2.586775741,1.488111165,1.098664576
2.586610849,1.488087059,1.09852379
2.586446077,1.488062992,1.098383085
2.586281421,1.488038963,1.098242458
2.586116879,1.488014972,1.098101907
2.58595245,1.48799102,1.09796143
2.585788132,1.487967106,1.097821026
2.585623921,1.487943229,1.097680692
2.585459816,1.487919389,1.097540427
2.585295815,1.487895587,1.097400228
2.585131916,1.487871822,1.097260094
2.584968117,1.487848094,1.097120022
2.584804414,1.487824402,1.096980012
2.584640808,1.487800746,1.096840061
2.584477295,1.487777126,1.096700168
2.584313873,1.487753541,1.096560332
2.584150541,1.487729992,1.096420549
2.583987297,1.487706476,1.09628082
2.583824138,1.487682996,1.096141143
2.583661064,1.487659549,1.096001515
2.583498071,1.487636135,1.095861936
2.583335159,1.487612753,1.095722405
2.583172325,1.487589405,1.09558292
2.583009568,1.487566088,1.095443479
2.582846886,1.487542804,1.095304083
2.582684277,1.487519549,1.095164728
2.58252174,1.487496325,1.095025415
2.582359274,1.487473131,1.094886143
2.582196876,1.487449966,1.09474691
2.582034544,1.487426829,1.094607715
2.581872279,1.487403721,1.094468558
2.581710078,1.48738064,1.094329437
2.581547939,1.487357586,1.094190353
2.581385862,1.487334559,1.094051303
2.581223845,1.487311557,1.093912288
2.581061886,1.48728858,1.093773307
2.580899985,1.487265627,1.093634359
2.580738141,1.487242697,1.093495443
2.580576351,1.487219791,1.09335656
2.580414616,1.487196907,1.093217709
2.580252934,1.487174045,1.093078889
2.580091304,1.487151204,1.0929401
2.579929725,1.487128382,1.092801342
2.579768196,1.487105581,1.092662615
2.579606716,1.487082798,1.092523918
2.579445284,1.487060033,1.092385251
2.579283901,1.487037286,1.092246615
2.579122564,1.487014555,1.092108008
2.578961273,1.48699184,1.091969432
2.578800028,1.486969141,1.091830887
2.578638827,1.486946456,1.091692371
2.578477672,1.486923785,1.091553887
2.578316559,1.486901126,1.091415433
2.57815549,1.48687848,1.09127701
2.577994464,1.486855845,1.091138619
2.577833481,1.486833221,1.09100026
2.57767254,1.486810607,1.090861933
2.577511641,1.486788002,1.090723638
2.577350783,1.486765406,1.090585377
2.577189967,1.486742817,1.09044715
2.577029192,1.486720235,1.090308957
2.576868459,1.48669766,1.090170798
2.576707767,1.486675091,1.090032676
2.576547116,1.486652526,1.08989459
2.576386507,1.486629966,1.089756541
2.576225938,1.486607408,1.08961853
2.576065411,1.486584853,1.089480558
2.575904926,1.486562301,1.089342625
2.575744482,1.486539749,1.089204733
2.575584081,1.486517198,1.089066883
2.575423721,1.486494646,1.088929075
2.575263405,1.486472095,1.08879131
2.575103131,1.486449541,1.08865359
2.574942901,1.486426985,1.088515916
2.574782716,1.486404427,1.088378289
2.574622574,1.486381864,1.08824071
2.574462478,1.486359298,1.08810318
2.574302426,1.486336726,1.0879657
2.574142421,1.486314149,1.087828272
2.573982462,1.486291566,1.087690897
2.573822552,1.486268977,1.087553576
2.573662689,1.486246379,1.08741631
2.573502876,1.486223774,1.087279101
2.573343112,1.486201161,1.087141951
2.573183399,1.486178539,1.08700486
2.573023737,1.486155906,1.086867831
2.572864127,1.486133264,1.086730863
2.572704571,1.486110611,1.08659396
2.572545068,1.486087946,1.086457122
2.572385621,1.48606527,1.086320351
2.57222623,1.486042581,1.086183648
2.572066896,1.48601988,1.086047015
2.57190762,1.485997166,1.085910454
2.571748403,1.485974438,1.085773966
2.571589247,1.485951695,1.085637552
2.571430152,1.485928938,1.085501214
2.571271121,1.485906167,1.085364954
2.571112152,1.485883379,1.085228773
2.57095325,1.485860577,1.085092673
2.570794413,1.485837757,1.084956655
2.570635643,1.485814921,1.084820722
2.570476943,1.485792069,1.084684874
2.570318313,1.4857692,1.084549113
2.570159752,1.485746311,1.084413441
2.570001266,1.485723407,1.084277859
2.569842854,1.485700484,1.08414237
2.569684516,1.485677542,1.084006974
2.569526255,1.485654581,1.083871673
2.569368072,1.485631602,1.08373647
2.569209969,1.485608605,1.083601364
2.569051946,1.485585587,1.083466359
2.568894005,1.48556255,1.083331455
2.568736147,1.485539493,1.083196654
2.568578376,1.485516418,1.083061958
2.56842069,1.485493321,1.082927369
2.56826309,1.485470204,1.082792886
2.568105581,1.485447067,1.082658514
2.567948163,1.485423911,1.082524252
2.567790835,1.485400733,1.082390102
2.567633603,1.485377536,1.082256066
2.567476463,1.485354317,1.082122146
2.567319421,1.485331079,1.081988342
2.567162475,1.485307819,1.081854656
2.56700563,1.48528454,1.08172109
2.566848884,1.485261239,1.081587645
2.566692241,1.485237919,1.081454322
2.566535701,1.485214578,1.081321123
2.566379265,1.485191217,1.081188048
2.566222935,1.485167835,1.0810551
2.566066712,1.485144432,1.08092228
2.565910597,1.485121009,1.080789588
2.565754594,1.485097567,1.080657026
2.565598702,1.485074105,1.080524596
2.565442922,1.485050624,1.080392298
2.565287257,1.485027123,1.080260134
2.565131705,1.485003601,1.080128104
2.564976272,1.484980062,1.07999621
2.564820957,1.484956504,1.079864453
2.56466576,1.484932926,1.079732834
2.564510684,1.48490933,1.079601354
2.564355727,1.484885714,1.079470013
2.564200895,1.484862082,1.079338814
2.564046187,1.484838432,1.079207756
2.563891605,1.484814765,1.07907684
2.563737149,1.48479108,1.078946069
2.563582819,1.484767378,1.078815441
2.563428619,1.48474366,1.078684959
2.563274548,1.484719926,1.078554622
2.563120606,1.484696174,1.078424432
2.562966799,1.48467241,1.078294389
2.562813122,1.484648629,1.078164493
2.562659578,1.484624832,1.078034746
2.56250617,1.484601022,1.077905148
2.562352899,1.484577199,1.0777757
2.562199761,1.48455336,1.077646402
2.562046763,1.484529509,1.077517254
2.561893901,1.484505645,1.077388256
2.56174118,1.484481769,1.077259411
2.561588598,1.484457881,1.077130717
2.561436156,1.484433982,1.077002174
2.561283856,1.484410072,1.076873784
2.561131696,1.484386149,1.076745547
2.56097968,1.484362218,1.076617462
2.560827807,1.484338277,1.076489529
2.560676078,1.484314327,1.07636175
2.560524494,1.48429037,1.076234124
2.560373053,1.484266402,1.076106651
2.560221758,1.484242428,1.075979331
2.560070608,1.484218444,1.075852164
2.559919605,1.484194455,1.07572515
2.55976875,1.484170462,1.075598289
2.559618043,1.484146462,1.075471581
2.559467482,1.484122457,1.075345025
2.559317068,1.484098446,1.075218622
2.559166802,1.484074431,1.075092371
2.559016688,1.484050416,1.074966272
2.558866717,1.484026393,1.074840324
2.558716898,1.48400237,1.074714528
2.558567229,1.483978347,1.074588882
2.558417705,1.483954317,1.074463387
2.558268334,1.483930291,1.074338042
2.558119113,1.483906266,1.074212847
2.557970039,1.483882239,1.074087801
2.557821111,1.483858209,1.073962902
2.557672336,1.483834184,1.073838152
2.557523711,1.483810161,1.07371355
2.557375233,1.48378614,1.073589093
2.557226903,1.48376212,1.073464783
2.557078722,1.483738104,1.073340618
2.55693069,1.483714092,1.073216598
2.556782809,1.483690088,1.073092721
2.556635071,1.483666084,1.072968987
2.556487483,1.483642087,1.072845396
2.556340042,1.483618097,1.072721945
2.55619275,1.483594114,1.072598636
2.556045602,1.483570137,1.072475465
2.555898601,1.483546167,1.072352434
2.555751746,1.483522206,1.07222954
2.555605033,1.483498251,1.072106783
2.55545847,1.483474309,1.071984161
2.555312048,1.483450374,1.071861674
2.555165773,1.483426453,1.07173932
2.555019637,1.483402537,1.0716171
2.554873643,1.483378633,1.07149501
2.554727795,1.483354743,1.071373051
2.554582086,1.483330864,1.071251221
2.554436518,1.483306998,1.07112952
2.554291088,1.483283143,1.071007945
2.554145798,1.483259302,1.070886495
2.554000647,1.483235476,1.070765171
2.553855632,1.483211662,1.07064397
2.553710756,1.483187866,1.07052289
2.553566016,1.483164083,1.070401932
2.553421405,1.483140311,1.070281094
2.553276934,1.483116561,1.070160373
2.553132593,1.483092823,1.07003977
2.552988387,1.483069105,1.069919282
2.552844308,1.483045399,1.069798909
2.552700363,1.483021714,1.069678649
2.552556547,1.482998046,1.069558501
2.552412858,1.482974395,1.069438463
2.552269295,1.48295076,1.069318534
2.552125863,1.48292715,1.069198714
2.551982553,1.482903554,1.069078999
2.551839366,1.482879976,1.06895939
2.551696304,1.48285642,1.068839884
2.551553366,1.482832884,1.068720482
2.551410546,1.482809366,1.068601179
2.55126785,1.482785873,1.068481977
2.551125265,1.482762392,1.068362873
2.550982804,1.482738939,1.068243866
2.550840454,1.4827155,1.068124954
2.550698227,1.482692091,1.068006136
2.550556109,1.482668697,1.067887412
2.550414103,1.482645324,1.067768779
2.550272212,1.482621976,1.067650236
2.55013043,1.482598648,1.067531782
2.54998876,1.482575345,1.067413415
2.549847195,1.48255206,1.067295135
2.54970574,1.482528801,1.067176939
2.549564387,1.482505561,1.067058826
2.54942314,1.482482343,1.066940796
2.549282001,1.482459154,1.066822847
2.549140958,1.482435981,1.066704977
2.549000022,1.482412835,1.066587186
2.548859178,1.482389706,1.066469472
2.548718442,1.482366608,1.066351833
2.548577798,1.482343529,1.06623427
2.548437247,1.482320468,1.066116779
2.548296796,1.482297437,1.06599936
2.548156436,1.482274424,1.065882012
2.548016171,1.482251437,1.065764734
2.547875998,1.482228474,1.065647524
2.547735917,1.482205534,1.065530382
2.547595919,1.482182614,1.065413306
2.547456013,1.482159718,1.065296295
2.547316194,1.482136846,1.065179347
2.54717646,1.482113996,1.065062464
2.547036812,1.482091171,1.064945641
2.546897248,1.482068368,1.06482888
2.54675776,1.482045582,1.064712178
2.546618363,1.482022828,1.064595535
2.546479036,1.482000086,1.06447895
2.54633979,1.481977369,1.064362421
2.546200627,1.481954679,1.064245948
2.546061537,1.481932007,1.06412953
2.545922525,1.481909358,1.064013167
2.54578359,1.481886734,1.063896856
2.545644725,1.481864128,1.063780598
2.54550593,1.481841538,1.063664392
2.545367209,1.481818974,1.063548235
2.545228559,1.48179643,1.063432129
2.545089979,1.481773907,1.063316072
2.544951472,1.481751408,1.063200064
2.544813024,1.481728921,1.063084103
2.544674652,1.481706463,1.06296819
2.544536343,1.481684021,1.062852322
2.544398102,1.481661602,1.062736501
2.544259921,1.481639196,1.062620725
2.544121807,1.481616814,1.062504993
2.54398375,1.481594445,1.062389306
2.543845752,1.481572091,1.062273662
2.543707831,1.48154977,1.06215806
2.543569952,1.481527449,1.062042503
2.543432138,1.481505152,1.061926987
2.543294395,1.481482883,1.061811512
2.543156699,1.481460619,1.061696079
2.543019069,1.481438382,1.061580687
2.542881482,1.481416146,1.061465336
2.542743967,1.481393942,1.061350025
2.542606499,1.481371745,1.061234754
2.542469081,1.481349558,1.061119523
2.542331726,1.481327393,1.061004333
2.542194417,1.481305236,1.060889181
2.542057177,1.481283109,1.060774069
2.541919974,1.481260978,1.060658996
2.541782837,1.481238876,1.060543962
2.541645743,1.481216777,1.060428967
2.541508708,1.481194697,1.060314011
2.541371716,1.481172622,1.060199095
2.541234773,1.481150557,1.060084216
2.54109789,1.481128512,1.059969378
2.540961056,1.481106479,1.059854577
2.540824273,1.481084457,1.059739816
2.540687541,1.481062447,1.059625094
2.540550852,1.48104044,1.059510412
2.540414212,1.481018443,1.059395769
2.540277622,1.480996456,1.059281165
2.540141085,1.480974483,1.059166602
2.540004592,1.480952513,1.059052079
2.539868153,1.480930557,1.058937596
2.539731757,1.480908603,1.058823154
2.539595416,1.480886664,1.058708752
2.539459116,1.480864724,1.058594392
2.53932287,1.480842798,1.058480073
2.539186675,1.480820878,1.058365796
2.539050519,1.480798958,1.058251562
2.538914418,1.480777048,1.05813737
2.538778369,1.480755148,1.058023221
2.538642362,1.480733246,1.057909117
2.538506398,1.480711342,1.057795056
2.538370497,1.480689458,1.057681039
2.538234641,1.480667572,1.057567068
2.538098837,1.480645693,1.057453144
2.537963077,1.480623813,1.057339263
2.537827367,1.480601935,1.057225432
2.537691706,1.480580059,1.057111646
2.537556093,1.480558184,1.056997909
2.537420536,1.480536316,1.05688422
2.537285023,1.480514442,1.05677058
2.537149569,1.480492579,1.056656991
2.537014157,1.480470706,1.056543451
2.536878808,1.480448843,1.056429964
2.536743503,1.480426976,1.056316527
2.536608257,1.480405113,1.056203144
2.536473049,1.480383235,1.056089814
2.536337911,1.480361374,1.055976537
2.536202824,1.48033951,1.055863315
2.53606778,1.480317631,1.055750149
2.535932812,1.480295773,1.055637039
2.535797879,1.480273895,1.055523985
2.535663001,1.48025201,1.055410992
2.535528186,1.480230133,1.055298053
2.53539343,1.480208254,1.055185176
2.535258718,1.480186359,1.055072359
2.535124075,1.480164472,1.054959603
2.534989504,1.480142595,1.054846909
2.534854975,1.480120699,1.054734277
2.53472051,1.480098802,1.054621709
2.534586106,1.480076901,1.054509205
2.534451761,1.480054995,1.054396766
2.534317466,1.480033074,1.054284393
2.534183251,1.480011164,1.054172087
2.534049093,1.479989245,1.054059847
2.533914999,1.47996732,1.053947679
2.533780959,1.479945382,1.053835577
2.533646986,1.479923439,1.053723547
2.533513084,1.479901497,1.053611586
2.533379251,1.479879552,1.053499699
2.533245483,1.479857598,1.053387885
2.533111776,1.479835634,1.053276142
2.532978145,1.47981367,1.053164475
2.532844584,1.4797917,1.053052884
2.532711084,1.479769718,1.052941367
2.532577652,1.479747723,1.052829929
2.532444296,1.479725729,1.052718567
2.532311008,1.479703724,1.052607284
2.532177801,1.47968172,1.052496081
2.532044686,1.479659728,1.052384958
2.531911601,1.479637687,1.052273914
2.531778625,1.479615671,1.052162954
2.531645705,1.479593629,1.052052076
2.53151286,1.47957158,1.05194128
2.531380103,1.479549534,1.051830569
2.531247432,1.479527489,1.051719943
2.531114811,1.479505409,1.051609403
2.530982301,1.479483352,1.051498948
2.530849848,1.479461266,1.051388582
2.530717476,1.479439175,1.051278301
2.530585208,1.479417095,1.051168112
2.530453004,1.479394995,1.051058009
2.530320873,1.479372877,1.050947996
2.530188838,1.479350764,1.050838075
2.530056886,1.479328641,1.050728245
2.529925007,1.479306501,1.050618506
2.529793227,1.479284367,1.050508859
2.529661537,1.47926223,1.050399307
2.529529914,1.479240068,1.050289846
2.529398396,1.479217914,1.050180482
2.529266961,1.47919575,1.050071211
2.529135624,1.479173587,1.049962037
2.529004366,1.479151411,1.049852956
2.528873201,1.479129228,1.049743973
2.528742126,1.479107039,1.049635087
2.528611132,1.479084834,1.049526297
2.528480241,1.479062636,1.049417605
2.528349429,1.479040417,1.049309012
2.528218722,1.479018204,1.049200517
2.528088122,1.478995999,1.049092123
2.527957595,1.478973766,1.048983829
2.527827174,1.478951541,1.048875633
2.527696858,1.478929321,1.048767537
2.52756661,1.478907068,1.048659543
2.527436486,1.478884837,1.048551649
2.527306403,1.478862548,1.048443855
2.527176477,1.478840313,1.048336164
2.527046625,1.47881805,1.048228575
2.526916855,1.478795769,1.048121086
2.526787222,1.478773521,1.048013701
2.52665766,1.478751239,1.047906421
2.5265282,1.478728961,1.047799238
2.526398848,1.478706687,1.047692161
2.526269582,1.478684395,1.047585187
2.526140414,1.478662098,1.047478316
2.526011383,1.478639835,1.047371548
2.525882417,1.478617534,1.047264883
2.525753565,1.478595244,1.047158322
2.52562483,1.478572968,1.047051862
2.525496174,1.478550667,1.046945507
2.525367634,1.478528378,1.046839256
2.525239175,1.478506067,1.046733108
2.525110846,1.478483783,1.046627064
2.524982596,1.478461474,1.046521122
2.524854465,1.478439181,1.046415283
2.524726402,1.478416853,1.046309549
2.524598468,1.478394553,1.046203915
2.524470651,1.478372265,1.046098386
2.524342937,1.478349975,1.045992962
2.524215297,1.478327659,1.045887638
2.524087783,1.478305367,1.045782416
2.52396038,1.478283084,1.045677296
2.523833072,1.478260793,1.04557228
2.523705863,1.4782385,1.045467363
2.523578747,1.478216199,1.045362548
2.523451775,1.478193939,1.045257836
2.523324886,1.478171662,1.045153224
2.523198077,1.478149367,1.04504871
2.523071398,1.478127097,1.044944301
2.522944785,1.478104797,1.044839988
2.522818307,1.478082531,1.044735776
2.522691901,1.478060238,1.044631663
2.522565641,1.478037993,1.044527648
2.522439492,1.478015761,1.044423731
2.522313401,1.477993486,1.044319914
2.522187441,1.47797125,1.04421619
2.522061584,1.477949013,1.044112571
2.521935835,1.477926794,1.044009041
2.521810175,1.477904566,1.043905609
2.521684612,1.477882337,1.043802274
2.521559148,1.477860117,1.043699032
2.521433788,1.477837902,1.043595886
2.521308544,1.477815711,1.043492833
2.521183379,1.477793507,1.043389872
2.521058314,1.477771309,1.043287005
2.520933362,1.477749131,1.043184231
2.520808505,1.47772696,1.043081546
2.520683747,1.477704792,1.042978955
2.520559131,1.477682677,1.042876454
2.520434503,1.477660462,1.04277404
2.520310101,1.477638386,1.042671716
2.520185738,1.477616255,1.042569483
2.520061479,1.477594143,1.042467336
2.51993729,1.477572016,1.042365273
2.519813236,1.477549935,1.042263301
2.519689256,1.477527844,1.042161412
2.519565339,1.477505732,1.042059607
2.519441571,1.477483681,1.04195789
2.519317902,1.477461647,1.041856255
2.519194308,1.477439606,1.041754702
2.519070809,1.477417572,1.041653236
2.518947386,1.477395544,1.041551842
2.518824107,1.477373575,1.041450532
2.518700839,1.477351533,1.041349306
2.518577744,1.47732959,1.041248155
2.518454685,1.477307598,1.041147087
2.518331713,1.477285621,1.041046092
2.51820886,1.477263684,1.040945176
2.518086089,1.477241753,1.040844336
2.517963393,1.477219821,1.040743572
2.517840819,1.477197937,1.040642881
2.517718317,1.47717605,1.040542267
2.51759587,1.477154145,1.040441725
2.517473511,1.477132257,1.040341255
2.517351254,1.4771104,1.040240854
2.51722909,1.477088562,1.040140528
2.517107012,1.477066744,1.040040268
2.516985012,1.47704493,1.039940082
2.516863105,1.47702314,1.039839965
2.516741241,1.477001332,1.039739909
2.516619543,1.47697962,1.039639923
2.51649782,1.47695781,1.039540009
2.516376235,1.476936081,1.039440154
2.516254745,1.476914379,1.039340367
2.516133325,1.476892683,1.039240643
2.516011943,1.476870961,1.039140982
2.515890655,1.476849273,1.039041382
2.515769435,1.476827586,1.038941849
2.515648283,1.47680591,1.038842373
2.515527249,1.47678429,1.038742959
2.51540629,1.476762685,1.038643604
2.515285357,1.476741045,1.038544312
2.515164566,1.47671949,1.038445076
2.515043828,1.476697929,1.038345899
2.514923141,1.476676368,1.038246773
2.5148025,1.476654794,1.038147706
2.514681999,1.476633296,1.038048702
2.514561431,1.476611684,1.037949748
2.51444108,1.476590238,1.037850842
2.514320735,1.476568737,1.037751998
2.514200481,1.476547276,1.037653205
2.514080262,1.476525797,1.037554465
2.51396017,1.476504391,1.037455779
2.513840092,1.476482953,1.037357139
2.513720082,1.476461532,1.03725855
2.513600176,1.476440161,1.037160015
2.513480316,1.476418789,1.037061527
2.513360416,1.476397327,1.036963089
2.513240712,1.476376008,1.036864703
2.513121058,1.476354696,1.036766362
2.513001502,1.476333431,1.036668071
2.512881888,1.476312061,1.036569826
2.512762412,1.476290787,1.036471625
2.512642985,1.476269516,1.036373469
2.512523618,1.476248256,1.036275363
2.512404297,1.476226997,1.0361773
2.512284996,1.476205717,1.036079279
2.512165843,1.476184537,1.035981306
2.512046692,1.476163318,1.035883374
2.511927589,1.4761421,1.035785489
2.511808563,1.476120914,1.035687649
2.51168955,1.476099698,1.035589852
2.511570666,1.476078567,1.035492098
2.511451803,1.47605742,1.035394383
2.511333022,1.47603632,1.035296702
2.511214284,1.476015213,1.035199072
2.511095611,1.475994134,1.035101477
2.510977003,1.475973068,1.035003934
2.510858351,1.475951928,1.034906423
2.510739788,1.47593083,1.034808958
2.510621335,1.475909811,1.034711524
2.510502886,1.475888758,1.034614128
2.510384615,1.47586783,1.034516785
2.510266163,1.475846686,1.034419476
2.510147928,1.475825717,1.034322211
2.510029712,1.475804726,1.034224986
2.509911551,1.475783762,1.034127789
2.509793371,1.475762736,1.034030635
2.50967532,1.475741799,1.033933521
2.509557298,1.475720847,1.033836451
2.509439333,1.475699913,1.03373942
2.509321396,1.475678978,1.033642418
2.509203467,1.475658011,1.033545456
2.509085636,1.475637089,1.033448547
2.508967921,1.475616258,1.033351664
2.508850057,1.475595236,1.033254821
2.508732524,1.475574505,1.033158019
2.508614781,1.475553525,1.033061256
2.508497267,1.475532746,1.032964521
2.508379668,1.475511827,1.032867841
2.508262083,1.475490899,1.032771185
2.508144831,1.475470251,1.032674579
2.508027338,1.475449323,1.032578015
2.507910061,1.47542859,1.032481471
2.507792737,1.475407745,1.032384992
2.507675489,1.475386959,1.032288529
2.507558269,1.47536615,1.032192119
2.507441059,1.475345317,1.032095742
2.507323942,1.475324533,1.031999409
2.50720691,1.475303797,1.031903112
2.507089736,1.475282881,1.031806856
2.506972888,1.475262238,1.031710651
2.50685595,1.475241487,1.031614464
2.506739056,1.475220707,1.031518349
2.506622191,1.475199946,1.031422245
2.506505449,1.475179253,1.031326196
2.506388666,1.475158472,1.031230195
2.506271982,1.475137752,1.031134231
2.506155279,1.475116971,1.031038308
2.506038627,1.475096216,1.030942411
2.505922212,1.47507564,1.030846572
2.505805721,1.475054937,1.030750784
2.505689177,1.475034151,1.030655026
2.505572847,1.475013539,1.030559309
2.505456309,1.474992652,1.030463657
2.5053401,1.47497206,1.030368041
2.505223904,1.474951441,1.030272463
2.505107622,1.474930702,1.03017692
2.504991528,1.474910079,1.030081449
2.504875273,1.474889268,1.029986005
2.504759359,1.474868751,1.029890608
2.504643159,1.474847887,1.029795271
2.504527131,1.474827159,1.029699972
2.504411237,1.47480652,1.029604717
2.504295507,1.474786005,1.029509502
2.504179556,1.474765198,1.029414358
2.504063861,1.474744604,1.029319257
2.503948208,1.474724012,1.029224196
2.503832384,1.474703184,1.0291292
2.503716728,1.474682503,1.029034225
2.503601356,1.474662037,1.028939319
2.503485872,1.474641408,1.028844464
2.503370264,1.474620611,1.028749653
2.50325485,1.474599941,1.028654909
2.5031395,1.474579299,1.028560201
2.503024081,1.474558533,1.028465548
2.502908904,1.474537928,1.028370977
2.502793781,1.474517357,1.028276424
2.502678596,1.474496666,1.02818193
2.502563513,1.474476015,1.028087498
2.502448452,1.474455339,1.027993112
2.502333543,1.474434747,1.027898796
2.502218638,1.474414108,1.02780453
2.502103788,1.474393479,1.027710309
2.501988886,1.474372706,1.02761618
2.501874137,1.474352051,1.027522086
2.501759395,1.474331361,1.027428034
2.501644745,1.474310682,1.027334063
2.501530342,1.474290213,1.027240129
2.501415738,1.474269475,1.027146263
2.501301271,1.474248801,1.027052469
2.501186907,1.4742282,1.026958708
2.501072486,1.474207467,1.026865019
2.500958307,1.474186888,1.02677142
2.500844005,1.474166145,1.02667786
2.500729755,1.474145399,1.026584357
2.500615774,1.474124846,1.026490928
2.500501791,1.474104237,1.026397553
2.500387923,1.474083676,1.026304247
2.50027389,1.474062896,1.026210994
2.500160007,1.474042202,1.026117804
2.5000462,1.474021517,1.026024683
2.499932522,1.47400091,1.025931612
2.499818609,1.473979974,1.025838635
2.499705139,1.473959427,1.025745712
2.499591674,1.473938816,1.025652858
2.499478233,1.473918173,1.02556006
2.499364922,1.473897588,1.025467333
2.499251478,1.47387679,1.025374689
2.499138311,1.473856206,1.025282106
2.49902498,1.47383542,1.025189561
2.498911772,1.473814677,1.025097095
2.49879879,1.473794067,1.025004723
2.498685746,1.47377334,1.024912407
2.498572831,1.473752699,1.024820131
2.498459732,1.473731792,1.02472794
2.498347244,1.47371138,1.024635864
2.498234495,1.473690703,1.024543791
2.498121766,1.473669958,1.024451808
2.49800896,1.473649047,1.024359913
2.497896799,1.473628726,1.024268073
2.497784166,1.47360785,1.024176316
2.497671873,1.473587222,1.02408465
2.497559506,1.473566492,1.023993014
2.497447195,1.473545704,1.023901491
2.497335063,1.473525084,1.023809979
2.497223096,1.473504502,1.023718595
2.497110731,1.473483512,1.023627219
2.496998945,1.473462956,1.023535989
2.496887174,1.473442375,1.023444799
2.496775261,1.473421589,1.023353672
2.4966637,1.473401081,1.023262619
2.496551957,1.473380302,1.023171655
2.496440474,1.473359696,1.023080778
2.496328652,1.473338744,1.022989908
2.496217636,1.473318464,1.022899172
2.496105963,1.473297481,1.022808482
2.495994621,1.473276712,1.022717909
2.495883562,1.473256186,1.022627376
2.495772293,1.473235377,1.022536917
2.495661102,1.47321459,1.022446512
2.495550154,1.47319394,1.022356214
2.495439428,1.473173473,1.022265955
2.495328735,1.473152967,1.022175768
2.495217765,1.473132084,1.022085681
2.49510712,1.473111443,1.021995677
2.49499649,1.473090764,1.021905727
2.494885649,1.473069793,1.021815856
2.494775551,1.473049523,1.021726029
2.494665055,1.473028753,1.021636303
2.494554797,1.473008137,1.02154666
2.494444354,1.472987292,1.021457063
2.494334423,1.472966845,1.021367578
2.494224503,1.472946374,1.021278129
2.494114116,1.472925343,1.021188773
2.494004025,1.472904579,1.021099446
2.493894102,1.472883877,1.021010226
2.493784456,1.472863375,1.020921081
2.493674953,1.472842932,1.020832022
2.493565341,1.472822329,1.020743012
2.493455719,1.472801638,1.020654081
2.493346233,1.472781047,1.020565186
2.49323668,1.472760256,1.020476424
2.493127386,1.47273967,1.020387716
