Cext,Cscat,Cabs
8240.83198,374.9866866,7865.845293
8513.075616,397.9902338,8115.085382
8791.840816,422.1479026,8369.692913
9077.215433,447.5022561,8629.713177
9369.286804,474.0967391,8895.190065
9668.141688,501.9756705,9166.166017
9973.866205,531.1842347,9442.681971
10286.54578,561.7684719,9724.777309
10606.26507,593.7752664,10012.48981
10933.10792,627.252335,10305.85558
11267.15726,662.2482131,10604.90904
11608.49506,698.8122397,10909.68282
11957.20229,736.9945418,11220.20775
12313.3588,776.8460168,11536.51278
12677.04329,818.4183138,11858.62497
13048.33321,861.7638142,12186.56939
13427.30473,906.9356098,12520.36912
13814.03265,953.9874812,12860.04516
14208.59032,1002.973873,13205.61644
14611.04959,1053.949871,13557.09972
15021.48076,1106.971172,13914.50959
15439.95246,1162.09406,14277.8584
15866.53163,1219.375376,14647.15625
16301.28343,1278.872489,15022.41095
16744.27122,1340.643262,15403.62795
17195.5564,1404.746021,15790.81038
17655.19847,1471.239524,16183.95895
18123.25487,1540.182923,16583.07195
18599.78097,1611.635728,16988.14524
19084.82998,1685.657771,17399.17221
19578.45295,1762.309171,17816.14378
20080.69863,1841.650288,18239.04834
20591.6135,1923.741691,18667.87181
21111.24166,2008.644109,19102.59755
21639.62478,2096.418395,19543.20639
22176.80212,2187.125482,19989.67664
22722.81039,2280.826339,20441.98405
23277.68377,2377.581924,20900.10185
23841.45384,2477.453146,21364.0007
24414.14957,2580.500811,21833.64875
24995.79722,2686.785583,22309.01164
25586.42039,2796.367933,22790.05246
26186.03993,2909.308093,23276.73183
26794.67391,3025.66601,23769.0079
27412.33764,3145.501296,24266.83635
28039.0436,3268.873181,24770.17042
28674.80143,3395.840466,25278.96096
29319.61792,3526.461473,25793.15645
29973.49701,3660.793996,26312.70301
30636.43974,3798.895257,26837.54448
31308.44426,3940.821851,27367.62241
31989.50585,4086.629704,27902.87615
32679.61687,4236.374023,28443.24285
33378.76679,4390.10925,28988.65754
34086.94218,4547.889012,29539.05317
34804.12675,4709.766078,30094.36067
35530.3013,4875.792311,30654.50899
36265.4438,5046.018624,31219.42517
37009.52934,5220.494935,31789.03441
37762.53022,5399.270124,32363.26009
38524.41591,5582.391991,32942.02391
39295.1531,5769.90721,33525.24589
40074.70577,5961.861295,34112.84447
40863.03513,6158.298554,34704.73657
41660.09974,6359.262053,35300.83769
42465.85553,6564.793582,35901.06195
43280.25579,6774.933612,36505.32218
44103.25128,6989.721266,37113.53002
44934.79025,7209.194284,37725.59597
45774.81847,7433.388989,38341.42948
46623.27932,7662.34026,38960.93906
47480.11382,7896.081502,39584.03232
48345.26069,8134.644618,40210.61607
49218.65641,8378.059985,40840.59643
50100.23531,8626.356427,41473.87888
50989.92958,8879.561196,42110.36838
51887.66938,9137.699953,42749.96943
52793.3829,9400.796742,43392.58616
53706.99642,9668.873983,44038.12244
54628.4344,9941.952449,44686.48195
55557.61952,10220.05126,45337.56826
56494.47279,10503.18786,45991.28494
57438.91364,10791.37802,46647.53562
58390.85992,11084.63582,47306.2241
59350.22809,11382.97367,47967.25442
60316.93321,11686.40226,48630.53095
61290.88907,11994.93059,49295.95848
62272.00824,12308.56597,49963.44227
63260.2022,12627.31401,50632.88819
64255.38138,12951.17863,51304.20275
65257.45526,13280.16206,51977.29319
66266.33245,13614.26486,52652.06759
67281.92079,13953.48591,53328.43488
68304.12743,14297.82244,54006.30499
69332.8589,14647.27003,54685.58887
70368.02119,15001.82262,55366.19857
71409.51988,15361.47255,56048.04733
72457.26016,15726.21054,56731.04962
73511.14699,16096.02576,57415.12123
74571.08509,16470.90579,58100.1793
75636.9791,16850.83668,58786.14242
76708.73363,17235.80298,59472.93065
77786.25335,17625.78775,60160.4656
78869.44305,18020.77256,60848.67049
79958.20773,18420.73757,61537.47016
81052.45271,18825.66153,62226.79118
82152.08363,19235.52181,62916.56183
83257.00661,19650.29442,63606.71219
84367.12826,20069.95409,64297.17417
85482.35578,20494.47423,64987.88156
86602.59703,20923.82702,65678.77001
87727.76059,21357.98343,66369.77716
88857.75582,21796.91325,67060.84257
89992.49295,22240.58512,67751.90783
91131.88313,22688.9666,68442.91653
92275.83848,23142.02416,69133.81432
93424.27216,23599.72325,69824.54891
94577.09843,24062.02833,70515.07011
95734.23271,24528.90291,71205.3298
96895.5916,25000.30959,71895.28201
98061.09298,25476.2101,72584.88288
99230.65605,25956.56535,73274.0907
100404.2013,26441.33543,73962.86589
101581.6507,26930.47971,74651.17104
102762.9277,27423.95684,75338.97086
103947.957,27921.72479,76026.23225
105136.6652,28423.74094,76712.92424
106328.98,28929.96204,77399.01801
107524.8312,29440.34431,78084.48688
108724.1498,29954.84348,78769.30631
109926.8687,30473.4148,79453.45388
111132.9224,30996.01309,80136.9093
112342.2472,31522.5928,80819.65435
113554.781,32053.10803,81501.67293
114770.4636,32587.51256,82182.951
115989.2365,33125.75991,82863.47656
117211.043,33667.80339,83543.23965
118435.8284,34213.5961,84222.23234
119663.5397,34763.09099,84900.44866
120894.1255,35316.2409,85577.88464
122127.5368,35872.99857,86254.53824
123363.726,36433.31672,86930.40933
124602.6477,36997.14805,87605.49967
125844.2582,37564.44529,88279.81291
127088.5157,38135.16124,88953.3545
128335.3805,38709.24877,89626.1317
129584.8145,39286.66089,90298.15358
130836.7817,39867.35078,90969.4309
132091.248,40451.27179,91639.97617
133348.1811,41038.37751,92309.80356
134607.5506,41628.62177,92978.92888
135869.3282,42221.95869,93647.36956
137133.4873,42818.34268,94315.1446
138400.003,43417.72851,94982.27454
139668.8527,44020.0713,95648.78143
140940.0154,44625.32656,96314.68879
142213.4718,45233.45024,96980.02156
143489.2048,45844.3987,97644.80608
144767.1988,46458.12878,98309.07006
146047.4403,47074.59782,98972.84252
147329.9174,47693.76364,99636.15377
148614.62,48315.58462,100299.0354
149901.5398,48940.0197,100961.5201
151190.6702,49567.02836,101623.6419
152482.0065,50196.57072,102285.4358
153775.5455,50828.60747,102946.938
155071.2858,51463.09996,103608.1858
156369.2276,52100.01019,104269.2174
157669.3729,52739.3008,104930.0721
158971.7252,53380.93514,105590.7901
160276.2896,54024.87725,106251.4124
161583.073,54671.09188,106911.9811
162892.0835,55319.54449,107572.539
164203.331,55970.20131,108233.1297
165516.8269,56623.0293,108893.7976
166832.5841,57277.9962,109554.5879
168150.6169,57935.07051,110215.5464
169470.9411,58594.22152,110876.7196
170793.5739,59255.41933,111538.1546
172118.5338,59918.63483,112199.899
173445.841,60583.83973,112862.0012
174775.5166,61251.00658,113524.51
176107.5833,61920.10874,114187.4746
177442.0651,62591.12042,114850.9447
178778.9872,63264.01667,115514.9705
180118.376,63938.77339,116179.6026
181460.2592,64615.36736,116844.8918
182804.6656,65293.77619,117510.8894
184151.6253,65973.97838,118177.6469
185501.1693,66655.95329,118845.216
186853.33,67339.68117,119513.6489
188208.1407,68025.14314,120182.9976
189565.6357,68712.3212,120853.3145
190925.8505,69401.19823,121524.6523
192288.8215,70091.75801,122197.0635
193654.586,70783.98521,122870.6008
195023.1824,71477.86536,123545.317
196394.6499,72173.38492,124221.265
197769.0286,72870.5312,124898.4974
199146.3594,73569.29243,125577.067
200526.6843,74269.65771,126257.0266
201910.0457,74971.61705,126938.4286
203296.4871,75675.16133,127621.3257
204686.0525,76380.28231,128305.7702
206078.7869,77086.97266,128991.8142
207474.7357,77795.2259,129679.5098
208873.9451,78505.03645,130368.9087
210276.462,79216.3996,131060.0624
211682.3338,79929.31152,131753.0222
213091.6084,80643.76924,132447.8391
214504.3344,81359.77066,133144.5637
215920.5608,82077.31453,133843.2463
217340.3373,82796.40047,134543.9368
218763.7138,83517.02895,135246.6848
220190.7407,84239.20128,135951.5395
221621.469,84962.91962,136658.5494
223055.9498,85688.18696,137367.7629
224494.2348,86415.00712,138079.2276
225936.3757,87143.38475,138792.991
227382.4248,87873.3253,139509.0995
228832.4346,88604.83505,140227.5996
230286.4577,89337.92107,140948.5366
231744.5469,90072.59122,141671.9557
233206.7554,90808.85417,142397.9013
234673.1364,91546.71934,143126.417
236143.7431,92286.19695,143857.5461
237618.6289,93027.29797,144591.331
239097.8475,93770.03411,145327.8134
240581.4521,94514.41786,146067.0343
242069.4965,95260.4624,146809.0341
243562.0339,96008.18168,147553.8522
245059.1179,96757.59034,148301.5276
246560.8019,97508.70374,149052.0981
248067.139,98261.53791,149805.6011
249578.1823,99016.10959,150562.0727
251093.9848,99772.4362,151321.5486
252614.5991,100530.5358,152084.0633
254140.0779,101290.4271,152849.6508
255670.4733,102052.1295,153618.3438
257205.8373,102815.6629,154390.1744
258746.2216,103581.048,155165.1736
260291.6775,104348.306,155943.3715
261842.2559,105117.4586,156724.7972
263398.0073,105888.5283,157509.4791
264958.982,106661.5379,158297.4442
266525.2296,107436.511,159088.7187
268096.7993,108213.4715,159883.3278
269673.7398,108992.4441,160681.2958
271256.0993,109773.4537,161482.6456
272843.9252,110556.5259,162287.3993
274437.2648,111341.6867,163095.578
276036.1643,112128.9627,163907.2016
277640.6694,112918.3806,164722.2888
279250.8253,113709.968,165540.8574
280866.6764,114503.7525,166362.924
282488.2663,115299.7623,167188.504
284115.6379,116098.0259,168017.6119
285748.8333,116898.5724,168850.2609
287387.894,117701.4309,169686.463
289032.8603,118506.6311,170526.2292
290683.7719,119314.2029,171369.5691
292340.6677,120124.1764,172216.4914
294003.5856,120936.5821,173067.0034
295672.5624,121751.4509,173921.1115
297347.6342,122568.8137,174778.8205
299028.836,123388.7016,175640.1344
300716.202,124211.1462,176505.0558
302409.765,125036.179,177373.5861
304109.5572,125863.8317,178245.7255
305815.6095,126694.1363,179121.4732
307527.9517,127527.1249,180000.8269
309246.6127,128362.8295,180883.7832
310971.62,129201.2825,181770.3375
312703.0001,130042.516,182660.4841
314440.7785,130886.5625,183554.216
316184.9792,131733.4544,184451.5249
317935.6253,132583.2239,185352.4014
319692.7386,133435.9036,186256.8349
321456.3395,134291.5257,187164.8137
323226.4474,135150.1226,188076.3248
325003.0803,136011.7264,188991.3539
326786.255,136876.3692,189909.8858
328575.987,137744.0831,190831.9038
330372.2904,138614.9,191757.3905
332175.1782,139488.8514,192686.3268
333984.6619,140365.969,193618.6929
335800.7516,141246.284,194554.4676
337623.4564,142129.8277,195493.6287
339452.7836,143016.6307,196436.1529
341288.7396,143906.7238,197382.0158
343131.329,144800.1373,198331.1917
344980.5553,145696.9011,199283.6542
346836.4205,146597.045,200239.3755
348698.9253,147500.5983,201198.327
350568.069,148407.59,202160.479
352443.8494,149318.0486,203125.8007
354326.263,150232.0025,204094.2605
356215.3049,151149.4793,205065.8256
358110.9688,152070.5063,206040.4624
360013.2469,152995.1105,207018.1364
361922.1303,153923.3182,207998.8121
363837.6084,154855.1553,208982.4531
365759.6692,155790.6471,209969.0221
367688.2997,156729.8185,210958.4812
369623.4851,157672.6937,211950.7914
371565.2094,158619.2963,212945.913
373513.4552,159569.6496,213943.8056
375468.2039,160523.776,214944.428
377429.4354,161481.6972,215947.7382
379397.1282,162443.4346,216953.6936
381371.2597,163409.0088,217962.2509
383351.8057,164378.4395,218973.3662
385338.741,165351.746,219986.9951
387332.039,166328.9467,221003.0923
389331.6717,167310.0596,222021.6122
391337.6101,168295.1015,223042.5086
393349.8237,169284.0887,224065.7349
395368.2809,170277.0369,225091.244
397392.949,171273.9608,226118.9882
399423.7941,172274.8744,227148.9197
401460.7809,173279.7908,228180.9902
403503.8733,174288.7224,229215.1509
405553.0338,175301.6809,230251.3529
407608.2241,176318.6769,231289.5471
409669.4046,177339.7205,232329.6841
411736.5347,178364.8206,233371.7141
413809.5729,179393.9855,234415.5874
415888.4766,180427.2226,235461.254
417973.2023,181464.5383,236508.664
420063.7056,182505.9384,237557.7673
422159.9411,183551.4275,238608.5137
424261.8627,184601.0096,239660.8531
426369.4232,185654.6877,240714.7355
428482.5748,186712.4638,241770.111
430601.2689,187774.3394,242826.9296
432725.4561,188840.3145,243885.1416
434855.0863,189910.3889,244944.6975
436990.1087,190984.5609,246005.5479
439130.472,192062.8282,247067.6437
441276.124,193145.1877,248130.9363
443427.0122,194231.6352,249195.377
445583.0834,195322.1657,250260.9177
447744.2841,196416.7734,251327.5107
449910.5601,197515.4514,252395.1087
452081.8568,198618.1921,253463.6647
454258.1194,199724.987,254533.1324
456439.2926,200835.8268,255603.4658
458625.3207,201950.7011,256674.6196
460816.1479,203069.5989,257746.549
463011.7181,204192.5082,258819.2098
465211.9748,205319.4163,259892.5585
467416.8617,206450.3095,260966.5523
469626.3221,207585.1733,262041.1488
471840.2993,208723.9926,263116.3067
474058.7366,209866.7513,264191.9853
476281.577,211013.4325,265268.1445
478508.764,212164.0187,266344.7453
480740.2407,213318.4914,267421.7493
482975.9506,214476.8315,268499.1191
485215.8373,215639.0191,269576.8182
487459.8444,216805.0337,270654.8107
489707.916,217974.8539,271733.062
491959.9961,219148.4578,272811.5383
494216.0293,220325.8225,273890.2067
496475.9603,221506.9249,274969.0354
498739.7343,222691.7408,276047.9935
501007.2969,223880.2457,277127.0512
503278.5941,225072.4143,278206.1798
505553.5722,226268.2208,279285.3515
507832.1783,227467.6387,280364.5396
510114.3598,228670.641,281443.7188
512400.0648,229877.2004,282522.8644
514689.2419,231087.2886,283601.9534
516981.8405,232300.8772,284680.9633
519277.8105,233517.9371,285759.8734
521577.1024,234738.4389,286838.6636
523879.6679,235962.3526,287917.3153
526185.4588,237189.6478,288995.811
528494.4282,238420.2939,290074.1344
530806.5299,239654.2596,291152.2703
533121.7184,240891.5136,292230.2048
535439.9491,242132.0239,293307.9252
537761.1784,243375.7584,294385.42
540085.3636,244622.6848,295462.6788
542412.4629,245872.7702,296539.6926
544742.4355,247125.9818,297616.4536
547075.2415,248382.2864,298692.9551
549410.8423,249641.6505,299769.1917
551749.1999,250904.0407,300845.1592
554090.2778,252169.4232,301920.8546
556434.0403,253437.7641,302996.2762
558780.4528,254709.0295,304071.4233
561129.482,255983.1852,305146.2968
563481.0956,257260.1972,306220.8984
565835.2624,258540.0313,307295.2312
568191.9526,259822.6531,308369.2994
570551.1372,261108.0286,309443.1086
572912.7888,262396.1236,310516.6652
575276.8809,263686.9037,311589.9772
577643.3884,264980.335,312663.0534
580012.2873,266276.3834,313735.9038
582383.5549,267575.0151,314808.5398
584757.1698,268876.1961,315880.9737
587133.1117,270179.8928,316953.2188
589511.3617,271486.0719,318025.2898
591891.9021,272794.6999,319097.2022
594274.7166,274105.7438,320168.9728
596659.7899,275419.1707,321240.6192
599047.1084,276734.948,322312.1603
601436.6592,278053.0434,323383.6159
603828.4313,279373.4247,324455.0066
606222.4146,280696.0603,325526.3543
608618.6004,282020.9187,326597.6817
611016.9813,283347.9687,327669.0126
613417.551,284677.1797,328740.3714
615820.3049,286008.5212,329811.7836
618225.2392,287341.9634,330883.2758
620632.3517,288677.4766,331954.875
623041.6412,290015.0318,333026.6094
625453.1081,291354.6001,334098.508
627866.7538,292696.1535,335170.6003
630282.5809,294039.6641,336242.9168
632700.5934,295385.1046,337315.4888
635120.7966,296732.4483,338388.3482
637543.1967,298081.669,339461.5277
639967.8014,299432.7409,340535.0605
642394.6195,300785.6389,341608.9806
644823.6609,302140.3382,342683.3227
647254.9368,303496.815,343758.1218
649688.4595,304855.0456,344833.4138
652124.2424,306215.0073,345909.2351
654562.3001,307576.6778,346985.6223
657002.6483,308940.0354,348062.6129
659445.3037,310305.059,349140.2447
661890.2843,311671.7283,350218.556
664337.6089,313040.0236,351297.5853
666787.2975,314409.9256,352377.3718
669239.371,315781.4161,353457.9549
671693.8515,317154.4771,354539.3743
674150.7619,318529.0917,355621.6702
676610.1261,319905.2434,356704.8828
679071.9691,321282.9164,357789.0527
681536.3167,322662.0958,358874.2208
684003.1954,324042.7673,359960.4282
686472.633,325424.9171,361047.7159
688944.6579,326808.5324,362136.1255
691419.2993,328193.6011,363225.6982
693896.5873,329580.1116,364316.4757
696376.5527,330968.0532,365408.4995
698859.2272,332357.4158,366501.8114
701344.6432,333748.1902,367596.453
703832.8336,335140.3678,368692.4659
706323.8323,336533.9407,369789.8916
708817.6737,337928.9019,370888.7718
711314.3927,339325.245,371989.1478
713814.0251,340722.9643,373091.0608
716316.6071,342122.0549,374194.5522
718822.1754,343522.5127,375299.6627
721330.7673,344924.3342,376406.4331
723842.4207,346327.5167,377514.904
726357.1738,347732.0582,378625.1157
728875.0654,349137.9574,379737.108
731396.1345,350545.2138,380850.9206
733920.4206,351953.8276,381966.593
736447.9637,353363.7997,383084.164
738978.8039,354775.1316,384203.6723
741512.9817,356187.8256,385325.1561
744050.538,357601.8849,386448.6531
746591.5136,359017.313,387574.2006
749135.9498,360434.1143,388701.8355
751683.8881,361852.294,389831.5941
754235.3699,363271.8577,390963.5122
756790.437,364692.8119,392097.6251
759349.1312,366115.1637,393233.9675
761911.4943,367538.9208,394372.5735
764477.5682,368964.0916,395513.4766
767047.3948,370390.6851,396656.7097
769621.0159,371818.7109,397802.305
772198.4735,373248.1794,398950.2941
774779.8092,374679.1014,400100.7078
777365.0648,376111.4884,401253.5764
779954.2817,377545.3524,402408.9293
782547.5013,378980.7062,403566.7951
785144.7647,380417.5629,404727.2019
787746.1129,381855.9363,405890.1767
790351.5866,383295.8407,407055.7459
792961.2262,384737.291,408223.9352
795575.0718,386180.3027,409394.7692
798193.1632,387624.8915,410568.2718
800815.5399,389071.0738,411744.466
803442.2408,390518.8667,412923.3741
806073.3046,391968.2873,414105.0173
808708.7695,393419.3536,415289.4159
811348.6732,394872.0837,416476.5895
813993.0529,396326.4964,417666.5566
816641.9455,397782.6107,418859.3348
819295.387,399240.4462,420054.9408
821953.4131,400700.0227,421253.3903
824616.0588,402161.3606,422454.6982
827283.3585,403624.4803,423658.8781
829955.346,405089.403,424865.943
832632.0545,406556.1499,426075.9046
835313.5163,408024.7425,427288.7737
837999.7631,409495.2028,428504.5603
840690.8261,410967.553,429723.2731
843386.7354,412441.8156,430944.9199
846087.5206,413918.0131,432169.5075
848793.2102,415396.1685,433397.0418
851503.8323,416876.3049,434627.5274
854219.4138,418358.4457,435860.9681
856939.981,419842.6145,437097.3665
859665.5592,421328.8347,438336.7244
862396.1728,422817.1304,439579.0424
865131.8455,424307.5253,440824.3201
867872.5998,425800.0437,442072.5561
870618.4575,427294.7096,443323.7479
873369.4392,428791.5473,444577.8919
876125.5649,430290.5811,445834.9839
878886.8534,431791.8353,447095.0181
881653.3223,433295.3342,448357.9881
884424.9887,434801.1024,449623.8863
887201.8682,436309.1641,450892.7041
889983.9756,437819.5436,452164.432
892771.3248,439332.2653,453439.0594
895563.9283,440847.3534,454716.5749
898361.7979,442364.8321,455996.9657
901164.944,443884.7254,457280.2186
903973.3762,445407.0573,458566.3189
906787.103,446931.8517,459855.2513
909606.1316,448459.1321,461146.9995
912430.4683,449988.9221,462441.5462
915260.1182,451521.2451,463738.8731
918095.0853,453056.1241,465038.9612
920935.3727,454593.5822,466341.7905
923780.9821,456133.642,467647.3401
926631.9143,457676.326,468955.5883
929488.1689,459221.6564,470266.5125
932349.7444,460769.6551,471580.0893
935216.6381,462320.3437,472896.2944
938088.8464,463873.7436,474215.1028
940966.3645,465429.8758,475536.4887
943849.1864,466988.7609,476860.4255
946737.3051,468550.4193,478186.8859
949630.7126,470114.8709,479515.8417
952529.3996,471682.1353,480847.2643
955433.3558,473252.2316,482181.1242
958342.5699,474825.1787,483517.3912
961257.0295,476400.9949,484856.0345
964176.721,477979.6981,486197.0229
967101.63,479561.3059,487540.3242
970031.7409,481145.8351,488885.9058
972967.0371,482733.3024,490233.7347
975907.5009,484323.7238,491583.777
978853.1137,485917.115,492935.9987
981803.856,487513.4909,494290.3651
984759.7071,489112.8662,495646.8409
987720.6455,490715.2549,497005.3906
990686.6487,492320.6705,498365.9782
993657.6932,493929.1259,499728.5673
996633.7547,495540.6336,501093.121
999614.8079,497155.2055,502459.6024
1002600.827,498772.8527,503827.9739
1005591.784,500393.586,505198.198
1008587.652,502017.4156,506570.2365
1011588.402,503644.351,507944.0514
1014594.005,505274.4011,509319.6041
1017604.43,506907.5742,510696.8562
1020619.647,508543.8781,512075.7689
1023639.623,510183.3199,513456.3032
1026664.326,511825.9061,514838.4203
1029693.724,513471.6427,516222.0812
1032727.781,515120.5347,517607.2466
1035766.465,516772.587,518993.8776
1038809.738,518427.8035,520381.935
1041857.567,520086.1875,521771.3798
1044909.915,521747.7418,523162.173
1047966.744,523412.4685,524554.2757
1051028.018,525080.369,525947.6491
1054093.699,526751.4443,527342.2547
1057163.748,528425.6944,528738.0539
1060238.127,530103.119,530135.0085
1063316.797,531783.7169,531533.0804
1066399.719,533467.4865,532932.232
1069486.851,535154.4255,534332.4257
1072578.155,536844.5308,535733.6243
1075673.59,538537.7989,537135.7909
1078773.115,540234.2256,538538.8891
1081876.689,541933.806,539942.8828
1084984.271,543636.5347,541347.7361
1088095.82,545342.4057,542753.4139
1091211.294,547051.4123,544159.8813
1094330.651,548763.5473,545567.1039
1097453.851,550478.8029,546975.0479
1100580.85,552197.1706,548383.6799
1103711.609,553918.6414,549792.9673
1106846.083,555643.2058,551202.8777
1109984.233,557370.8536,552613.3795
1113126.016,559101.5742,554024.4418
1116271.391,560835.3564,555436.0341
1119420.315,562572.1885,556848.1268
1122572.749,564312.058,558260.6907
1125728.65,566054.9523,559673.6975
1128887.978,567800.8581,561087.1196
1132050.691,569549.7615,562500.9299
1135216.751,571301.6482,563915.1024
1138386.115,573056.5036,565329.6116
1141558.745,574814.3125,566744.4328
1144734.601,576575.059,568159.5422
1147913.644,578338.7273,569574.9167
1151095.835,580105.3007,570990.5341
1154281.135,581874.7622,572406.3731
1157469.508,583647.0947,573822.4129
1160660.914,585422.2803,575238.634
1163855.319,587200.301,576655.0176
1167052.684,588981.1383,578071.5457
1170252.975,590764.7735,579488.2012
1173456.155,592551.1873,580904.968
1176662.191,594340.3604,582321.831
1179871.049,596132.2731,583738.7757
1183082.694,597926.9052,585155.7887
1186297.094,599724.2365,586572.8577
1189514.218,601524.2465,587989.9711
1192734.033,603326.9143,589407.1184
1195956.509,605132.2189,590824.2898
1199181.616,606940.1391,592241.4768
1202409.325,608750.6534,593658.6717
1205639.608,610563.7402,595075.8676
1208872.437,612379.3778,596493.0587
1212107.785,614197.5442,597910.2403
1215345.626,616018.2173,599327.4085
1218585.935,617841.375,600744.5603
1221828.689,619666.995,602161.6938
1225073.863,621495.0548,603578.8081
1228321.435,623325.5321,604995.903
1231571.384,625158.4044,606412.9794
1234823.688,626993.6492,607830.0393
1238078.329,628831.2437,609247.0855
1241335.287,630671.1656,610664.1216
1244594.545,632513.3922,612081.1525
1247856.085,634357.901,613498.1836
1251119.891,636204.6695,614915.2215
1254385.949,638053.6752,616332.2738
1257654.244,639904.8958,617749.3486
1260924.764,641758.309,619166.4553
1264197.496,643613.8924,620583.6039
1267472.43,645471.6242,622000.8056
1270749.554,647331.4823,623418.0721
1274028.861,649193.4448,624835.4162
1277310.342,651057.4902,626252.8515
1280593.989,652923.597,627670.3923
1283879.798,654791.7437,629088.0539
1287167.762,656661.9094,630505.8523
1290457.877,658534.0731,631923.8043
1293750.142,660408.2141,633341.9275
1297044.552,662284.3121,634760.2402
1300341.108,664162.3468,636178.7616
1303639.81,666042.2983,637597.5114
1306940.657,667924.1469,639016.5103
1310243.653,669807.8734,640435.7793
1313548.799,671693.4586,641855.3406
1316856.1,673580.8838,643275.2165
1320165.561,675470.1305,644695.4305
1323477.187,677361.1808,646116.0062
1326790.985,679254.0167,647536.9682
1330106.963,681148.621,648958.3415
1333425.128,683044.9766,650380.1517
1336745.492,684943.0669,651802.4251
1340068.064,686842.8755,653225.1882
1343392.855,688744.3866,654648.4684
1346719.878,690647.5848,656072.2932
1350049.146,692552.455,657496.691
1353380.673,694458.9825,658921.6902
1356714.473,696367.1531,660347.32
1360050.563,698276.953,661773.6098
1363388.958,700188.3689,663200.5894
1366729.677,702101.388,664628.2891
1370072.737,704015.9977,666056.7393
1373418.157,705932.1861,667485.971
1376765.957,707849.9417,668916.0153
1380116.157,709769.2535,670346.9036
1383468.779,711690.111,671778.6677
1386823.843,713612.504,673211.3394
1390181.374,715536.4229,674644.9509
1393541.393,717461.8588,676079.5345
1396903.926,719388.8031,677515.1226
1400268.995,721317.2475,678951.7479
1403636.628,723247.1847,680389.4432
1407006.849,725178.6074,681828.2411
1410379.684,727111.5092,683268.1748
1413755.161,729045.8839,684709.277
1417133.307,730981.726,686151.5808
1420514.15,732919.0306,687595.1192
1423897.718,734857.7931,689039.9251
1427284.041,736798.0095,690486.0315
1430673.148,738739.6763,691933.4712
1434065.068,740682.7906,693382.2771
1437459.832,742627.35,694832.4817
1440857.47,744573.3525,696284.1177
1444258.014,746520.7967,697737.2175
1447661.495,748469.6818,699191.8133
1451067.944,750420.0073,700647.9371
1454477.394,752371.7733,702105.6207
1457889.877,754324.9806,703564.8959
1461305.424,756279.6303,705025.7938
1464724.07,758235.724,706488.3456
1468145.846,760193.2639,707952.5821
1471570.786,762152.2526,709418.5337
1474998.924,764112.6933,710886.2304
1478430.292,766074.5896,712355.7022
1481864.924,768037.9456,713826.9784
1485302.854,770002.766,715300.088
1488744.115,771969.0557,716775.0595
1492188.742,773936.8204,718251.9212
1495636.767,775906.0661,719730.7007
1499088.225,777876.7991,721211.4254
1502543.148,779849.0265,722694.122
1506001.572,781822.7556,724178.8167
1509463.53,783797.9942,725665.5353
1512929.054,785774.7506,727154.3031
1516398.178,787753.0334,728645.1447
1519870.936,789732.8516,730138.0842
1523347.36,791714.2149,731633.1452
1526827.484,793697.1331,733130.3506
1530311.339,795681.6164,734629.7228
1533798.959,797667.6756,736131.2834
1537290.375,799655.3217,737635.0537
1540785.62,801644.5662,739141.0539
1544284.725,803635.4208,740649.3039
1547787.72,805627.8976,742159.8228
1551294.638,807622.0092,743672.629
1554805.509,809617.7684,745187.7403
1558320.362,811615.1882,746705.1737
1561839.228,813614.2822,748224.9455
1565362.135,815615.0641,749747.0714
1568889.114,817617.5479,751271.5661
1572420.192,819621.7479,752798.4438
1575955.397,821627.6788,754327.7179
1579494.756,823635.3554,755859.4009
1583038.298,825644.7927,757393.5048
1586586.047,827656.0062,758930.0406
1590138.03,829669.0114,760469.0187
1593694.273,831683.8241,762010.4485
1597254.799,833700.4603,763554.3388
1600819.634,835718.9362,765100.6975
1604388.8,837739.268,766649.5318
1607962.32,839761.4725,768200.848
1611540.218,841785.5662,769754.6517
1615122.514,843811.5659,771310.9476
1618709.228,845839.4888,772869.7396
1622300.383,847869.3518,774431.031
1625895.996,849901.1722,775994.8239
1629496.087,851934.9673,777561.1199
1633100.674,853970.7545,779129.9198
1636709.775,856008.5512,780701.2233
1640323.405,858048.3751,782275.0297
1643941.581,860090.2435,783851.3371
1647564.317,862134.1743,785430.1431
1651191.629,864180.185,787011.4444
1654823.53,866228.2933,788595.2367
1658460.032,868278.5168,790181.5154
1662101.148,870330.8733,791770.2745
1665746.888,872385.3803,793361.5077
1669397.263,874442.0555,794955.2078
1673052.283,876500.9164,796551.3667
1676711.956,878561.9805,798149.9756
1680376.29,880625.2652,799751.025
1684045.292,882690.7878,801354.5046
1687718.969,884758.5657,802960.4034
1691397.326,886828.616,804568.7096
1695080.366,888900.9557,806179.4108
1698768.095,890975.6017,807792.4938
1702460.515,893052.5707,809407.9446
1706157.628,895131.8795,811025.7487
1709859.435,897213.5444,812645.8909
1713565.937,899297.5818,814268.3551
1717277.133,901384.0078,815893.1249
1720993.021,903472.8382,817520.1829
1724713.6,905564.0888,819149.5113
1728438.867,907657.775,820781.0916
1732168.817,909753.9123,822414.9047
1735903.446,911852.5155,824050.931
1739642.75,913953.5995,825689.1501
1743386.72,916057.1789,827329.5412
1747135.351,918163.2679,828972.083
1750888.634,920271.8805,830616.7536
1754646.561,922383.0306,832263.5306
1758409.122,924496.7315,833912.391
1762176.308,926612.9964,835563.3114
1765948.106,928731.8381,837216.268
1769724.506,930853.2692,838871.2365
1773505.494,932977.3019,840528.1921
1777291.058,935103.948,842187.1096
1781081.183,937233.2192,843847.9636
1784875.855,939365.1267,845510.7281
1788675.058,941499.6812,847175.3768
1792478.776,943636.8934,848841.883
1796286.993,945776.7733,850510.2199
1800099.691,947919.3307,852180.3601
1803916.851,950064.5751,853852.2763
1807738.456,952212.5154,855525.9404
1811564.485,954363.1604,857201.3247
1815394.919,956516.5182,858878.4007
1819229.737,958672.5967,860557.14
1823068.917,960831.4034,862237.514
1826912.439,962992.9453,863919.4938
1830760.28,965157.2291,865603.0506
1834612.416,967324.2611,867288.1552
1838468.826,969494.047,868974.7785
1842329.484,971666.5924,870662.8912
1846194.366,973841.9021,872352.4641
1850063.449,976019.9809,874043.4677
1853936.705,978200.8327,875735.8727
1857814.111,980384.4615,877429.6497
1861695.64,982570.8706,879124.7693
1865581.265,984760.0627,880821.2023
1869470.96,986952.0404,882518.9194
1873364.697,989146.8058,884217.8914
1877262.45,991344.3604,885918.0893
1881164.19,993544.7054,887619.4841
1885069.889,995747.8417,889322.047
1888979.519,997953.7695,891025.7493
1892893.052,1000162.489,892730.5627
1896810.458,1002373.999,894436.4588
1900731.709,1004588.3,896143.4095
1904656.776,1006805.389,897851.3872
1908585.629,1009025.265,899560.3641
1912518.239,1011247.926,901270.3131
1916454.576,1013473.369,902981.2072
1920394.611,1015701.592,904693.0196
1924338.314,1017932.59,906405.7241
1928285.656,1020166.361,908119.2947
1932236.605,1022402.9,909833.7057
1936191.133,1024642.202,911548.9318
1940149.21,1026884.262,913264.9483
1944110.806,1029129.076,914981.7306
1948075.892,1031376.637,916699.2548
1952044.437,1033626.94,918417.4973
1956016.412,1035879.977,920136.435
1959991.788,1038135.743,921856.0453
1963970.535,1040394.229,923576.3059
1967952.625,1042655.43,925297.1953
1971938.028,1044919.336,927018.6924
1975926.716,1047185.939,928740.7766
1979918.659,1049455.232,930463.4277
1983913.831,1051727.204,932186.6264
1987912.202,1054001.848,933910.3536
1991913.745,1056279.154,935634.5911
1995918.432,1058559.111,937359.3211
1999926.237,1060841.711,939084.5264
2003937.132,1063126.942,940810.1905
2007951.092,1065414.794,942536.2975
2011968.089,1067705.257,944262.832
2015988.098,1069998.319,945989.7793
2020011.094,1072293.968,947717.1256
2024037.052,1074592.195,949444.8574
2028065.947,1076892.985,951172.9621
2032097.756,1079196.329,952901.4275
2036132.455,1081502.212,954630.2424
2040170.02,1083810.624,956359.396
2044210.429,1086121.551,958088.8785
2048253.66,1088434.98,959818.6804
2052299.692,1090750.899,961548.7932
2056348.503,1093069.295,963279.209
2060400.074,1095390.153,965009.9205
2064454.383,1097713.462,966740.9213
2068511.412,1100039.206,968472.2056
2072571.142,1102367.374,970203.7683
2076633.555,1104697.95,971935.605
2080698.633,1107030.921,973667.712
2084766.36,1109366.273,975400.0864
2088836.718,1111703.992,977132.726
2092909.693,1114044.064,978865.6292
2096985.269,1116386.474,980598.7951
2101063.433,1118731.209,982332.2237
2105144.169,1121078.254,984065.9156
2109227.466,1123427.594,985799.8719
2113313.311,1125779.216,987534.0948
2117401.692,1128133.105,989268.5868
2121492.599,1130489.247,991003.3513
2125586.02,1132847.628,992738.3924
2129681.947,1135208.232,994473.7148
2133780.37,1137571.046,996209.3239
2137881.282,1139936.056,997945.2258
2141984.674,1142303.247,999681.4271
2146090.541,1144672.606,1001417.935
2150198.876,1147044.117,1003154.759
2154309.674,1149417.768,1004891.905
2158422.929,1151793.544,1006629.385
2162538.639,1154171.432,1008367.208
2166656.8,1156551.417,1010105.383
2170777.41,1158933.486,1011843.924
2174900.467,1161317.626,1013582.84
2179025.969,1163703.824,1015322.146
2183153.917,1166092.065,1017061.852
2187284.311,1168482.337,1018801.974
2191417.152,1170874.628,1020542.525
2195552.443,1173268.924,1022283.519
2199690.184,1175665.212,1024024.972
2203830.38,1178063.482,1025766.899
2207973.035,1180463.719,1027509.316
2212118.153,1182865.913,1029252.24
2216265.74,1185270.051,1030995.689
2220415.8,1187676.122,1032739.678
2224568.342,1190084.114,1034484.228
2228723.372,1192494.017,1036229.355
2232880.899,1194905.819,1037975.08
2237040.93,1197319.51,1039721.42
2241203.476,1199735.08,1041468.396
2245368.545,1202152.517,1043216.028
2249536.149,1204571.813,1044964.336
2253706.298,1206992.957,1046713.341
2257879.005,1209415.94,1048463.064
2262054.281,1211840.754,1050213.527
2266232.139,1214267.388,1051964.751
2270412.593,1216695.835,1053716.758
2274595.657,1219126.087,1055469.571
2278781.346,1221558.134,1057223.211
2282969.673,1223991.971,1058977.703
2287160.656,1226427.588,1060733.068
2291354.31,1228864.98,1062489.33
2295550.652,1231304.139,1064246.512
2299749.698,1233745.059,1066004.639
2303951.467,1236187.734,1067763.733
2308155.976,1238632.158,1069523.818
2312363.244,1241078.325,1071284.919
2316573.29,1243526.23,1073047.06
2320786.133,1245975.869,1074810.265
2325001.793,1248427.236,1076574.557
2329220.29,1250880.328,1078339.962
2333441.644,1253335.14,1080106.504
2337665.876,1255791.67,1081874.206
2341893.008,1258249.913,1083643.095
2346123.06,1260709.868,1085413.193
2350356.055,1263171.53,1087184.525
2354592.015,1265634.899,1088957.116
2358830.962,1268099.972,1090730.99
2363072.918,1270566.748,1092506.17
2367317.907,1273035.225,1094282.682
2371565.952,1275505.402,1096060.549
2375817.075,1277977.28,1097839.795
2380071.301,1280450.857,1099620.444
2384328.653,1282926.135,1101402.518
2388589.155,1285403.112,1103186.043
2392852.831,1287881.791,1104971.04
2397119.705,1290362.171,1106757.534
2401389.801,1292844.255,1108545.546
2405663.144,1295328.045,1110335.099
2409939.757,1297813.542,1112126.216
2414219.667,1300300.748,1113918.919
2418502.895,1302789.667,1115713.229
2422789.469,1305280.301,1117509.168
2427079.411,1307772.653,1119306.758
2431372.747,1310266.728,1121106.018
2435669.5,1312762.529,1122906.971
2439969.696,1315260.061,1124709.635
2444273.359,1317759.327,1126514.032
2448580.512,1320260.333,1128320.18
2452891.182,1322763.084,1130128.098
2457205.39,1325267.584,1131937.806
2461523.162,1327773.841,1133749.321
2465844.522,1330281.859,1135562.663
2470169.492,1332791.645,1137377.847
2474498.097,1335303.205,1139194.892
2478830.36,1337816.546,1141013.813
2483166.304,1340331.676,1142834.628
2487505.952,1342848.6,1144657.352
2491849.327,1345367.327,1146482
2496196.451,1347887.864,1148308.587
2500547.346,1350410.219,1150137.127
2504902.035,1352934.401,1151967.635
2509260.539,1355460.417,1153800.122
2513622.88,1357988.276,1155634.603
2517989.077,1360517.987,1157471.09
2522359.153,1363049.56,1159309.593
2526733.127,1365583.002,1161150.125
2531111.02,1368118.323,1162992.696
2535492.851,1370655.534,1164837.316
2539878.639,1373194.643,1166683.995
2544268.403,1375735.661,1168532.742
2548662.162,1378278.597,1170383.565
2553059.934,1380823.462,1172236.472
2557461.736,1383370.266,1174091.47
2561867.585,1385919.019,1175948.566
2566277.499,1388469.732,1177807.767
2570691.494,1391022.416,1179669.077
2575109.584,1393577.082,1181532.503
2579531.787,1396133.739,1183398.047
2583958.116,1398692.401,1185265.715
2588388.586,1401253.076,1187135.509
2592823.211,1403815.778,1189007.433
2597262.003,1406380.516,1190881.487
2601704.977,1408947.303,1192757.674
2606152.144,1411516.15,1194635.994
2610603.516,1414087.067,1196516.449
2615059.104,1416660.068,1198399.036
2619518.919,1419235.162,1200283.757
2623982.971,1421812.363,1202170.609
2628451.27,1424391.68,1204059.59
2632923.824,1426973.127,1205950.698
2637400.643,1429556.714,1207843.929
2641881.733,1432142.453,1209739.28
2646367.103,1434730.356,1211636.747
2650856.759,1437320.435,1213536.324
2655350.706,1439912.7,1215438.006
2659848.952,1442507.164,1217341.788
2664351.5,1445103.838,1219247.663
2668858.355,1447702.733,1221155.623
2673369.521,1450303.86,1223065.661
2677885.002,1452907.232,1224977.769
2682404.799,1455512.86,1226891.939
2686928.914,1458120.753,1228808.161
2691457.35,1460730.925,1230726.425
2695990.107,1463343.385,1232646.722
2700527.185,1465958.144,1234569.041
2705068.585,1468575.214,1236493.37
2709614.304,1471194.606,1238419.698
2714164.342,1473816.328,1240348.014
2718718.697,1476440.393,1242278.303
2723277.365,1479066.811,1244210.554
2727840.344,1481695.591,1246144.753
2732407.63,1484326.744,1248080.886
2736979.219,1486960.28,1250018.94
2741555.105,1489596.207,1251958.898
2746135.284,1492234.537,1253900.746
2750719.749,1494875.279,1255844.47
2755308.493,1497518.441,1257790.052
2759901.51,1500164.033,1259737.477
2764498.791,1502812.063,1261686.728
2769100.33,1505462.541,1263637.789
2773706.116,1508115.475,1265590.641
2778316.142,1510770.873,1267545.269
2782930.396,1513428.743,1269501.653
2787548.869,1516089.094,1271459.776
2792171.551,1518751.932,1273419.619
2796798.43,1521417.266,1275381.164
2801429.495,1524085.102,1277344.392
2806064.733,1526755.449,1279309.284
2810704.132,1529428.311,1281275.82
2815347.678,1532103.697,1283243.982
2819995.36,1534781.612,1285213.748
2824647.162,1537462.062,1287185.1
2829303.071,1540145.054,1289158.017
2833963.071,1542830.593,1291132.478
2838627.149,1545518.684,1293108.465
2843295.288,1548209.332,1295085.955
2847967.472,1550902.543,1297064.929
2852643.687,1553598.321,1299045.366
2857323.915,1556296.669,1301027.245
2862008.139,1558997.593,1303010.545
2866696.342,1561701.097,1304995.246
2871388.508,1564407.182,1306981.325
2876084.618,1567115.854,1308968.763
2880784.654,1569827.115,1310957.539
2885488.598,1572540.968,1312947.631
2890196.432,1575257.414,1314939.018
2894908.138,1577976.458,1316931.68
2899623.695,1580698.099,1318925.596
2904343.086,1583422.341,1320920.745
2909066.29,1586149.184,1322917.105
2913793.288,1588878.63,1324914.658
2918524.061,1591610.68,1326913.381
2923258.589,1594345.334,1328913.255
2927996.851,1597082.592,1330914.259
2932738.828,1599822.455,1332916.373
2937484.5,1602564.923,1334919.577
2942233.846,1605309.994,1336923.852
2946986.846,1608057.669,1338929.177
2951743.48,1610807.946,1340935.533
2956503.726,1613560.825,1342942.902
2961267.565,1616316.303,1344951.263
2966034.977,1619074.378,1346960.598
2970805.939,1621835.05,1348970.889
2975580.432,1624598.316,1350982.117
2980358.436,1627364.172,1352994.264
2985139.93,1630132.617,1355007.313
2989924.893,1632903.647,1357021.246
2994713.305,1635677.26,1359036.045
2999505.146,1638453.451,1361051.695
3004300.396,1641232.218,1363068.178
3009099.034,1644013.555,1365085.479
3013901.04,1646797.46,1367103.58
3018706.396,1649583.927,1369122.468
3023515.08,1652372.953,1371142.127
3028327.073,1655164.531,1373162.542
3033142.356,1657958.658,1375183.698
3037960.91,1660755.328,1377205.582
3042782.715,1663554.535,1379228.18
3047607.754,1666356.274,1381251.479
3052436.006,1669160.54,1383275.466
3057267.455,1671967.326,1385300.129
3062102.081,1674776.625,1387325.456
3066939.867,1677588.433,1389351.434
3071780.796,1680402.741,1391378.054
3076624.849,1683219.544,1393405.305
3081472.011,1686038.835,1395433.176
3086322.263,1688860.606,1397461.658
3091175.59,1691684.85,1399490.741
3096031.977,1694511.56,1401520.416
3100891.405,1697340.729,1403550.676
3105753.862,1700172.349,1405581.513
3110619.331,1703006.412,1407612.918
3115487.797,1705842.911,1409644.886
3120359.247,1708681.837,1411677.409
3125233.665,1711523.183,1413710.483
3130111.04,1714366.939,1415744.101
3134991.357,1717213.099,1417778.258
3139874.604,1720061.653,1419812.95
3144760.767,1722912.594,1421848.174
3149649.837,1725765.911,1423883.925
3154541.799,1728621.598,1425920.201
3159436.644,1731479.645,1427956.999
3164334.361,1734340.044,1429994.318
3169234.94,1737202.785,1432032.155
3174138.37,1740067.86,1434070.51
3179044.643,1742935.26,1436109.383
3183953.749,1745804.975,1438148.773
3188865.679,1748676.998,1440188.681
3193780.427,1751551.319,1442229.108
3198697.984,1754427.929,1444270.055
3203618.343,1757306.818,1446311.525
3208541.498,1760187.979,1448353.519
3213467.442,1763071.401,1450396.041
3218396.171,1765957.076,1452439.095
3223327.678,1768844.995,1454482.683
3228261.959,1771735.149,1456526.81
3233199.01,1774627.528,1458571.482
3238138.827,1777522.124,1460616.703
3243081.407,1780418.928,1462662.479
3248026.747,1783317.931,1464708.817
3252974.845,1786219.124,1466755.722
3257925.7,1789122.498,1468803.202
3262879.309,1792028.045,1470851.264
3267835.672,1794935.755,1472899.916
3272794.789,1797845.621,1474949.167
3277756.66,1800757.634,1476999.025
3282721.285,1803671.785,1479049.5
3287688.666,1806588.066,1481100.6
3292658.804,1809506.469,1483152.335
3297631.702,1812426.985,1485204.717
3302607.361,1815349.606,1487257.754
3307585.785,1818274.325,1489311.46
3312566.978,1821201.134,1491365.844
3317550.942,1824130.024,1493420.918
3322537.684,1827060.988,1495476.695
3327527.206,1829994.019,1497533.187
3332519.516,1832929.11,1499590.406
3337514.618,1835866.252,1501648.366
3342512.518,1838805.439,1503707.079
3347513.224,1841746.664,1505766.559
3352516.741,1844689.921,1507826.82
3357523.078,1847635.201,1509887.877
3362532.242,1850582.5,1511949.743
3367544.242,1853531.81,1514012.432
3372559.086,1856483.125,1516075.961
3377576.783,1859436.44,1518140.343
3382597.343,1862391.748,1520205.594
3387620.774,1865349.044,1522271.73
3392647.088,1868308.322,1524338.766
3397676.295,1871269.577,1526406.718
3402708.405,1874232.804,1528475.602
3407743.43,1877197.997,1530545.434
3412781.382,1880165.152,1532616.23
3417822.271,1883134.264,1534688.007
3422866.111,1886105.329,1536760.782
3427912.913,1889078.343,1538834.57
3432962.69,1892053.301,1540909.39
3438015.456,1895030.199,1542985.257
3443071.223,1898009.035,1545062.188
3448130.006,1900989.804,1547140.201
3453191.817,1903972.504,1549219.313
3458256.671,1906957.13,1551299.541
3463324.583,1909943.682,1553380.901
3468395.566,1912932.154,1555463.411
3473469.635,1915922.546,1557547.089
3478546.806,1918914.855,1559631.951
3483627.093,1921909.079,1561718.014
3488710.512,1924905.216,1563805.296
3493797.078,1927903.265,1565893.813
3498886.807,1930903.224,1567983.583
3503979.714,1933905.092,1570074.622
3509075.816,1936908.867,1572166.949
3514175.128,1939914.55,1574260.578
3519277.667,1942922.14,1576355.527
3524383.448,1945931.635,1578451.813
3529492.489,1948943.037,1580549.452
3534604.805,1951956.344,1582648.461
3539720.413,1954971.558,1584748.855
3544839.33,1957988.679,1586850.651
3549961.572,1961007.707,1588953.865
3555087.155,1964028.643,1591058.512
3560216.097,1967051.488,1593164.609
3565348.414,1970076.244,1595272.17
3570484.123,1973102.912,1597381.211
3575623.24,1976131.493,1599491.747
3580765.782,1979161.99,1601603.792
3585911.766,1982194.405,1603717.361
3591061.208,1985228.739,1605832.469
3596214.124,1988264.995,1607949.129
3601370.532,1991303.175,1610067.356
3606530.447,1994343.284,1612187.163
3611693.885,1997385.322,1614308.563
3616860.864,2000429.294,1616431.57
3622031.398,2003475.203,1618556.196
3627205.505,2006523.052,1620682.453
3632383.199,2009572.845,1622810.354
3637564.497,2012624.585,1624939.911
3642749.413,2015678.278,1627071.136
3647937.964,2018733.926,1629204.038
3653130.165,2021791.534,1631338.631
3658326.03,2024851.107,1633474.923
3663525.575,2027912.649,1635612.925
3668728.813,2030976.165,1637752.648
3673935.761,2034041.66,1639894.101
3679146.431,2037109.138,1642037.292
3684360.838,2040178.606,1644182.232
3689578.995,2043250.068,1646328.927
3694800.917,2046323.529,1648477.388
3700026.616,2049398.996,1650627.62
3705256.105,2052476.473,1652779.632
3710489.398,2055555.967,1654933.43
3715726.506,2058637.484,1657089.022
3720967.443,2061721.029,1659246.413
3726212.219,2064806.609,1661405.609
3731460.846,2067894.23,1663566.616
3736713.337,2070983.898,1665729.439
3741969.701,2074075.619,1667894.082
3747229.95,2077169.401,1670060.55
3752494.094,2080265.249,1672228.846
3757762.143,2083363.17,1674398.974
3763034.107,2086463.17,1676570.937
3768309.995,2089565.258,1678744.737
3773589.816,2092669.439,1680920.377
3778873.579,2095775.72,1683097.859
3784161.293,2098884.109,1685277.184
3789452.964,2101994.611,1687458.353
3794748.602,2105107.235,1689641.367
3800048.213,2108221.988,1691826.225
3805351.804,2111338.875,1694012.928
3810659.381,2114457.906,1696201.475
3815970.951,2117579.086,1698391.866
3821286.52,2120702.423,1700584.098
3826606.093,2123827.924,1702778.169
3831929.675,2126955.596,1704974.079
3837257.27,2130085.447,1707171.823
3842588.883,2133217.483,1709371.4
3847924.518,2136351.713,1711572.805
3853264.178,2139488.143,1713776.036
3858607.867,2142626.779,1715981.087
3863955.586,2145767.631,1718187.955
3869307.338,2148910.704,1720396.634
3874663.125,2152056.006,1722607.12
3880022.949,2155203.543,1724819.406
3885386.811,2158353.324,1727033.487
3890754.71,2161505.354,1729249.356
3896126.649,2164659.642,1731467.007
3901502.626,2167816.193,1733686.433
3906882.641,2170975.015,1735907.626
3912266.693,2174136.114,1738130.58
3917654.782,2177299.497,1740355.284
3923046.905,2180465.172,1742581.733
3928443.06,2183633.144,1744809.916
3933843.245,2186803.42,1747039.825
3939247.457,2189976.007,1749271.451
3944655.694,2193150.91,1751504.784
3950067.951,2196328.137,1753739.814
3955484.225,2199507.693,1755976.531
3960904.511,2202689.585,1758214.926
3966328.805,2205873.818,1760454.986
3971757.101,2209060.399,1762696.702
3977189.396,2212249.333,1764940.062
3982625.682,2215440.626,1767185.056
3988065.954,2218634.284,1769431.67
3993510.206,2221830.312,1771679.894
3998958.431,2225028.715,1773929.715
4004410.621,2228229.499,1776181.122
4009866.77,2231432.669,1778434.101
4015326.871,2234638.23,1780688.641
4020790.914,2237846.186,1782944.728
4026258.892,2241056.543,1785202.349
4031730.796,2244269.305,1787461.491
4037206.617,2247484.476,1789722.142
4042686.347,2250702.061,1791984.286
4048169.976,2253922.064,1794247.912
4053657.494,2257144.489,1796513.005
4059148.892,2260369.341,1798779.551
4064644.159,2263596.621,1801047.537
4070143.284,2266826.336,1803316.949
4075646.258,2270058.487,1805587.771
4081153.069,2273293.078,1807859.991
4086663.707,2276530.112,1810133.594
4092178.159,2279769.593,1812408.566
4097696.414,2283011.522,1814684.892
4103218.461,2286255.904,1816962.558
4108744.288,2289502.739,1819241.549
4114273.883,2292752.031,1821521.852
4119807.233,2296003.782,1823803.451
4125344.326,2299257.994,1826086.332
4130885.149,2302514.668,1828370.481
4136429.69,2305773.807,1830655.883
4141977.936,2309035.412,1832942.524
4147529.874,2312299.484,1835230.39
4153085.49,2315566.025,1837519.466
4158644.772,2318835.035,1839809.738
4164207.707,2322106.516,1842101.191
4169774.28,2325380.467,1844393.812
4175344.478,2328656.891,1846687.587
4180918.289,2331935.787,1848982.502
4186495.697,2335217.155,1851278.542
4192076.69,2338500.995,1853575.695
4197661.254,2341787.308,1855873.946
4203249.374,2345076.092,1858173.282
4208841.038,2348367.349,1860473.69
4214436.232,2351661.076,1862775.156
4220034.941,2354957.273,1865077.667
4225637.152,2358255.94,1867381.211
4231242.851,2361557.076,1869685.775
4236852.024,2364860.678,1871991.346
4242464.658,2368166.746,1874297.912
4248080.739,2371475.278,1876605.461
4253700.253,2374786.273,1878913.98
4259323.187,2378099.728,1881223.459
4264949.527,2381415.643,1883533.884
4270579.259,2384734.013,1885845.246
4276212.371,2388054.838,1888157.533
4281848.849,2391378.115,1890470.733
4287488.679,2394703.842,1892784.838
4293131.849,2398032.015,1895099.835
4298778.347,2401362.631,1897415.715
4304428.158,2404695.689,1899732.468
4310081.27,2408031.185,1902050.085
4315737.671,2411369.115,1904368.556
4321397.348,2414709.476,1906687.872
4327060.289,2418052.266,1909008.024
4332726.482,2421397.479,1911329.003
4338395.916,2424745.113,1913650.802
4344068.577,2428095.164,1915973.413
4349744.455,2431447.628,1918296.828
4355423.539,2434802.5,1920621.039
4361105.817,2438159.777,1922946.04
4366791.278,2441519.454,1925271.824
4372479.911,2444881.528,1927598.384
4378171.707,2448245.992,1929925.714
4383866.654,2451612.845,1932253.81
4389564.743,2454982.079,1934582.664
4395265.964,2458353.691,1936912.272
4400970.307,2461727.677,1939242.63
4406677.763,2465104.03,1941573.733
4412388.322,2468482.746,1943905.576
4418101.977,2471863.821,1946238.156
4423818.718,2475247.249,1948571.469
4429538.537,2478633.024,1950905.513
4435261.427,2482021.143,1953240.284
4440987.378,2485411.599,1955575.78
4446716.385,2488804.386,1957911.999
4452448.44,2492199.501,1960248.939
4458183.535,2495596.937,1962586.598
4463921.665,2498996.689,1964924.976
4469662.822,2502398.751,1967264.071
4475407.002,2505803.118,1969603.884
4481154.198,2509209.784,1971944.413
4486904.405,2512618.744,1974285.66
4492657.617,2516029.992,1976627.625
4498413.831,2519443.523,1978970.308
4504173.042,2522859.33,1981313.712
4509935.244,2526277.408,1983657.836
4515700.436,2529697.751,1986002.684
4521468.612,2533120.355,1988348.258
4527239.771,2536545.212,1990694.559
4533013.908,2539972.317,1993041.591
4538791.022,2543401.665,1995389.357
4544571.11,2546833.25,1997737.86
4550354.17,2550267.067,2000087.104
4556140.201,2553703.109,2002437.093
4561929.202,2557141.371,2004787.831
4567721.171,2560581.847,2007139.324
4573516.107,2564024.532,2009491.575
4579314.011,2567469.421,2011844.591
4585114.883,2570916.507,2014198.376
4590918.722,2574365.785,2016552.936
4596725.529,2577817.25,2018908.279
4602535.306,2581270.897,2021264.408
4608348.053,2584726.72,2023621.333
4614163.772,2588184.713,2025979.058
4619982.465,2591644.873,2028337.592
4625804.133,2595107.192,2030696.941
4631628.781,2598571.667,2033057.114
4637456.409,2602038.292,2035418.118
4643287.022,2605507.062,2037779.961
4649120.623,2608977.972,2040142.651
4654957.214,2612451.017,2042506.197
4660796.801,2615926.193,2044870.608
4666639.387,2619403.496,2047235.892
4672484.977,2622882.919,2049602.059
4678333.576,2626364.459,2051969.117
4684185.188,2629848.111,2054337.077
4690039.819,2633333.871,2056705.948
4695897.475,2636821.735,2059075.74
4701758.16,2640311.698,2061446.463
4707621.882,2643803.756,2063818.126
4713488.647,2647297.906,2066190.741
4719358.46,2650794.143,2068564.318
4725231.33,2654292.463,2070938.867
4731107.262,2657792.864,2073314.399
4736986.265,2661295.34,2075690.925
4742868.345,2664799.89,2078068.455
4748753.51,2668306.509,2080447.002
4754641.769,2671815.194,2082826.575
4760533.129,2675325.942,2085207.187
4766427.598,2678838.75,2087588.848
4772325.185,2682353.615,2089971.57
4778225.899,2685870.534,2092355.365
4784129.748,2689389.505,2094740.243
4790036.742,2692910.525,2097126.217
4795946.889,2696433.592,2099513.298
4801860.199,2699958.702,2101901.497
4807776.682,2703485.855,2104290.827
4813696.346,2707015.047,2106681.299
4819619.203,2710546.277,2109072.925
4825545.26,2714079.544,2111465.717
4831474.53,2717614.844,2113859.685
4837407.021,2721152.178,2116254.843
4843342.744,2724691.543,2118651.201
4849281.71,2728232.938,2121048.772
4855223.928,2731776.361,2123447.566
4861169.409,2735321.813,2125847.596
4867118.164,2738869.291,2128248.873
4873070.204,2742418.795,2130651.409
4879025.539,2745970.324,2133055.214
4884984.179,2749523.878,2135460.301
4890946.137,2753079.456,2137866.681
4896911.422,2756637.059,2140274.364
4902880.046,2760196.684,2142683.362
4908852.02,2763758.334,2145093.686
4914827.354,2767322.007,2147505.346
4920806.059,2770887.705,2149918.355
4926788.147,2774455.426,2152332.721
4932773.629,2778025.172,2154748.456
4938762.515,2781596.944,2157165.571
4944754.816,2785170.741,2159584.075
4950750.544,2788746.566,2162003.978
4956749.709,2792324.418,2164425.291
4962752.322,2795904.298,2166848.024
4968758.394,2799486.209,2169272.185
4974767.936,2803070.151,2171697.786
4980780.959,2806656.125,2174124.834
4986797.472,2810244.134,2176553.339
4992817.488,2813834.178,2178983.31
4998841.015,2817426.26,2181414.756
5004868.066,2821020.381,2183847.685
5010898.649,2824616.543,2186282.106
5016932.775,2828214.749,2188718.027
5022970.455,2831815,2191155.455
5029011.699,2835417.299,2193594.4
5035056.515,2839021.649,2196034.867
5041104.915,2842628.05,2198476.865
5047156.908,2846236.508,2200920.4
5053212.503,2849847.023,2203365.48
5059271.709,2853459.599,2205812.11
5065334.536,2857074.238,2208260.298
5071400.994,2860690.944,2210710.05
5077471.09,2864309.719,2213161.371
5083544.833,2867930.567,2215614.267
5089622.233,2871553.49,2218068.743
5095703.298,2875178.493,2220524.805
5101788.036,2878805.578,2222982.458
5107876.454,2882434.749,2225441.705
5113968.561,2886066.009,2227902.552
5120064.365,2889699.362,2230365.003
5126163.873,2893334.812,2232829.061
5132267.092,2896972.362,2235294.73
5138374.029,2900612.016,2237762.013
5144484.692,2904253.778,2240230.914
5150599.086,2907897.652,2242701.434
5156717.219,2911543.641,2245173.578
5162839.096,2915191.75,2247647.346
5168964.723,2918841.983,2250122.741
5175094.107,2922494.343,2252599.764
5181227.253,2926148.835,2255078.417
5187364.165,2929805.464,2257558.701
5193504.85,2933464.232,2260040.618
5199649.312,2937125.146,2262524.166
5205797.555,2940788.207,2265009.347
5211949.584,2944453.422,2267496.161
5218105.403,2948120.795,2269984.608
5224265.015,2951790.329,2272474.687
5230428.426,2955462.029,2274966.397
5236595.637,2959135.899,2277459.737
5242766.651,2962811.945,2279954.707
5248941.473,2966490.17,2282451.303
5255120.104,2970170.578,2284949.525
5261302.546,2973853.175,2287449.371
5267488.802,2977537.964,2289950.838
5273678.873,2981224.95,2292453.923
5279872.762,2984914.138,2294958.624
5286070.469,2988605.531,2297464.938
5292271.995,2992299.135,2299972.861
5298477.342,2995994.953,2302482.389
5304686.509,2999692.99,2304993.519
5310899.498,3003393.251,2307506.247
5317116.307,3007095.74,2310020.567
5323336.937,3010800.46,2312536.477
5329561.388,3014507.417,2315053.971
5335789.658,3018216.615,2317573.043
5342021.747,3021928.058,2320093.689
5348257.653,3025641.75,2322615.904
5354497.375,3029357.695,2325139.68
5360740.911,3033075.897,2327665.014
5366988.259,3036796.361,2330191.898
5373239.418,3040519.091,2332720.327
5379494.383,3044244.09,2335250.293
5385753.153,3047971.363,2337781.79
5392015.725,3051700.914,2340314.812
5398282.096,3055432.745,2342849.351
5404552.262,3059166.862,2345385.4
5410826.219,3062903.268,2347922.951
5417103.965,3066641.967,2350461.998
5423385.493,3070382.961,2353002.532
5429670.801,3074126.256,2355544.545
5435959.884,3077871.854,2358088.03
5442252.737,3081619.758,2360632.979
5448549.355,3085369.973,2363179.382
5454849.733,3089122.501,2365727.232
5461153.866,3092877.346,2368276.52
5467461.747,3096634.51,2370827.237
5473773.373,3100393.997,2373379.375
5480088.735,3104155.81,2375932.925
5486407.829,3107919.952,2378487.877
5492730.648,3111686.425,2381044.223
5499057.186,3115455.233,2383601.953
5505387.436,3119226.378,2386161.058
5511721.391,3122999.862,2388721.529
5518059.044,3126775.688,2391283.357
5524400.389,3130553.858,2393846.531
5530745.417,3134334.375,2396411.042
5537094.122,3138117.241,2398976.881
5543446.497,3141902.458,2401544.038
5549802.532,3145690.028,2404112.504
5556162.221,3149479.953,2406682.268
5562525.556,3153272.235,2409253.321
5568892.529,3157066.876,2411825.653
5575263.131,3160863.877,2414399.254
5581637.354,3164663.239,2416974.115
5588015.19,3168464.965,2419550.226
5594396.631,3172269.055,2422127.576
5600781.668,3176075.511,2424706.157
5607170.292,3179884.334,2427285.958
5613562.495,3183695.525,2429866.97
5619958.267,3187509.085,2432449.182
5626357.601,3191325.015,2435032.586
5632760.487,3195143.315,2437617.172
5639166.916,3198963.987,2440202.93
5645576.88,3202787.03,2442789.85
5651990.369,3206612.446,2445377.923
5658407.374,3210440.234,2447967.14
5664827.886,3214270.395,2450557.491
5671251.896,3218102.928,2453148.967
5677679.394,3221937.835,2455741.559
5684110.373,3225775.115,2458335.258
5690544.822,3229614.767,2460930.055
5696982.733,3233456.792,2463525.941
5703424.096,3237301.189,2466122.906
5709868.901,3241147.958,2468720.943
5716317.141,3244997.098,2471320.043
5722768.806,3248848.608,2473920.198
5729223.887,3252702.489,2476521.398
5735682.375,3256558.738,2479123.637
5742144.26,3260417.355,2481726.905
5748609.534,3264278.339,2484331.196
5755078.189,3268141.689,2486936.5
5761550.214,3272007.403,2489542.811
5768025.602,3275875.481,2492150.121
5774504.344,3279745.92,2494758.424
5780986.431,3283618.72,2497367.71
5787471.854,3287493.879,2499977.975
5793960.605,3291371.395,2502589.21
5800452.677,3295251.267,2505201.41
5806948.059,3299133.492,2507814.567
5813446.745,3303018.069,2510428.676
5819948.726,3306904.996,2513043.73
5826453.995,3310794.271,2515659.724
5832962.542,3314685.891,2518276.652
5839474.362,3318579.854,2520894.508
5845989.445,3322476.159,2523513.287
5852507.786,3326374.802,2526132.984
5859029.375,3330275.782,2528753.593
5865554.206,3334179.095,2531375.111
5872082.273,3338084.739,2533997.533
5878613.567,3341992.713,2536620.854
5885148.083,3345903.012,2539245.071
5891685.813,3349815.634,2541870.179
5898226.751,3353730.577,2544496.175
5904770.892,3357647.837,2547123.055
5911318.228,3361567.411,2549750.816
5917868.754,3365489.298,2552379.456
5924422.463,3369413.493,2555008.971
5930979.351,3373339.993,2557639.358
5937539.412,3377268.796,2560270.617
5944102.641,3381199.898,2562902.743
5950669.032,3385133.296,2565535.736
5957238.58,3389068.987,2568169.594
5963811.281,3393006.967,2570804.315
5970387.131,3396947.233,2573439.898
5976966.125,3400889.782,2576076.342
5983548.258,3404834.611,2578713.647
5990133.527,3408781.716,2581351.811
5996721.928,3412731.093,2583990.835
6003313.458,3416682.739,2586630.719
6009908.113,3420636.651,2589271.462
6016505.89,3424592.825,2591913.064
6023106.785,3428551.258,2594555.528
6029710.797,3432511.945,2597198.852
6036317.923,3436474.884,2599843.039
6042928.16,3440440.071,2602488.089
6049541.506,3444407.503,2605134.004
6056157.96,3448377.175,2607780.785
6062777.519,3452349.084,2610428.435
6069400.182,3456323.227,2613076.955
6076025.948,3460299.6,2615726.349
6082654.816,3464278.199,2618376.617
6089286.784,3468259.021,2621027.763
6095921.852,3472242.062,2623679.79
6102560.02,3476227.319,2626332.701
6109201.288,3480214.788,2628986.499
6115845.654,3484204.466,2631641.188
6122493.12,3488196.349,2634296.771
6129143.686,3492190.433,2636953.253
6135797.352,3496186.715,2639610.636
6142454.119,3500185.192,2642268.926
6149113.988,3504185.861,2644928.127
6155776.96,3508188.717,2647588.243
6162443.037,3512193.757,2650249.28
6169112.22,3516200.978,2652911.241
6175784.51,3520210.377,2655574.133
6182459.911,3524221.951,2658237.96
6189138.423,3528235.695,2660902.728
6195820.049,3532251.608,2663568.442
6202504.792,3536269.685,2666235.108
6209192.655,3540289.924,2668902.731
6215883.64,3544312.321,2671571.319
6222577.75,3548336.874,2674240.876
6229274.989,3552363.579,2676911.41
6235975.359,3556392.434,2679582.926
6242678.866,3560423.435,2682255.43
6249385.511,3564456.581,2684928.931
6256095.3,3568491.867,2687603.433
6262808.236,3572529.291,2690278.945
6269524.323,3576568.851,2692955.472
6276243.567,3580610.544,2695633.022
6282965.97,3584654.367,2698311.603
6289691.539,3588700.318,2700991.221
6296420.277,3592748.395,2703671.883
6303152.191,3596798.594,2706353.597
6309887.285,3600850.914,2709036.37
6316625.563,3604905.353,2711720.21
6323367.032,3608961.907,2714405.125
6330111.698,3613020.577,2717091.121
6336859.565,3617081.357,2719778.208
6343610.64,3621144.249,2722466.391
6350364.927,3625209.248,2725155.68
6357122.434,3629276.353,2727846.081
6363883.167,3633345.563,2730537.603
6370647.13,3637416.876,2733230.254
6377414.332,3641490.29,2735924.042
6384184.778,3645565.804,2738618.973
6390958.474,3649643.416,2741315.057
6397735.427,3653723.125,2744012.301
6404515.643,3657804.93,2746710.714
6411299.131,3661888.829,2749410.302
6418085.895,3665974.82,2752111.074
6424875.942,3670062.904,2754813.038
6431669.281,3674153.079,2757516.202
6438465.917,3678245.344,2760220.573
6445265.858,3682339.698,2762926.16
6452069.11,3686436.141,2765632.969
6458875.681,3690534.671,2768341.01
6465685.578,3694635.289,2771050.289
6472498.808,3698737.993,2773760.815
6479315.378,3702842.783,2776472.594
6486135.294,3706949.659,2779185.635
6492958.565,3711058.621,2781899.944
6499785.198,3715169.668,2784615.53
6506615.2,3719282.8,2787332.4
6513448.577,3723398.017,2790050.56
6520285.338,3727515.319,2792770.019
6527125.489,3731634.707,2795490.783
6533969.038,3735756.179,2798212.859
6540815.991,3739879.738,2800936.254
6547666.357,3744005.382,2803660.975
6554520.141,3748133.113,2806387.029
6561377.352,3752262.93,2809114.422
6568237.996,3756394.835,2811843.161
6575102.08,3760528.827,2814573.252
6581969.611,3764664.909,2817304.702
6588840.596,3768803.08,2820037.517
6595715.043,3772943.341,2822771.702
6602592.957,3777085.694,2825507.264
6609474.346,3781230.138,2828244.208
6616359.217,3785376.677,2830982.54
6623247.575,3789525.309,2833722.266
6630139.428,3793676.037,2836463.391
6637034.782,3797828.862,2839205.92
6643933.643,3801983.785,2841949.858
6650836.018,3806140.808,2844695.21
6657741.913,3810299.932,2847441.981
6664651.334,3814461.158,2850190.176
6671564.287,3818624.488,2852939.799
6678480.779,3822789.925,2855690.854
6685400.814,3826957.469,2858443.346
6692324.399,3831127.122,2861197.278
6699251.539,3835298.885,2863952.654
6706182.24,3839472.762,2866709.478
6713116.508,3843648.754,2869467.754
6720054.346,3847826.862,2872227.484
6726995.762,3852007.089,2874988.672
6733940.758,3856189.437,2877751.321
6740889.342,3860373.908,2880515.434
6747841.517,3864560.505,2883281.012
6754797.288,3868749.228,2886048.06
6761756.658,3872940.081,2888816.578
6768719.635,3877133.066,2891586.569
6775686.219,3881328.185,2894358.034
6782656.417,3885525.44,2897130.977
6789630.232,3889724.835,2899905.397
6796607.668,3893926.371,2902681.297
6803588.728,3898130.051,2905458.677
6810573.416,3902335.877,2908237.539
6817561.735,3906543.851,2911017.883
6824553.688,3910753.977,2913799.71
6831549.278,3914966.258,2916583.02
6838548.509,3919180.695,2919367.814
6845551.383,3923397.291,2922154.092
6852557.901,3927616.049,2924941.853
6859568.068,3931836.971,2927731.097
6866581.886,3936060.061,2930521.824
6873599.354,3940285.32,2933314.033
6880620.476,3944512.752,2936107.724
6887645.255,3948742.36,2938902.894
6894673.69,3952974.146,2941699.544
6901705.783,3957208.112,2944497.671
6908741.536,3961444.262,2947297.274
6915780.951,3965682.598,2950098.352
6922824.026,3969923.124,2952900.902
6929870.764,3974165.841,2955704.923
6936921.164,3978410.753,2958510.412
6943975.229,3982657.862,2961317.367
6951032.955,3986907.171,2964125.785
6958094.346,3991158.683,2966935.663
6965159.399,3995412.4,2969746.999
6972228.116,3999668.326,2972559.79
6979300.496,4003926.463,2975374.033
6986376.537,4008186.813,2978189.723
6993456.239,4012449.38,2981006.859
7000539.601,4016714.166,2983825.435
7007626.622,4020981.174,2986645.448
7014717.3,4025250.406,2989466.895
7021811.635,4029521.864,2992289.771
7028909.625,4033795.553,2995114.072
7036011.267,4038071.474,2997939.794
7043116.561,4042349.629,3000766.932
7050225.503,4046630.021,3003595.482
7057338.092,4050912.653,3006425.439
7064454.326,4055197.528,3009256.798
7071574.201,4059484.647,3012089.554
7078697.716,4063774.013,3014923.703
7085824.866,4068065.627,3017759.238
7092955.65,4072359.494,3020596.156
7100090.064,4076655.614,3023434.45
7107228.106,4080953.991,3026274.114
7114369.771,4085254.626,3029115.144
7121515.056,4089557.522,3031957.534
7128663.958,4093862.68,3034801.278
7135816.473,4098170.103,3037646.37
7142972.598,4102479.793,3040492.804
7150132.327,4106791.752,3043340.575
7157295.656,4111105.981,3046189.676
7164462.583,4115422.482,3049040.101
7171633.102,4119741.258,3051891.843
7178807.209,4124062.311,3054744.898
7185984.9,4128385.641,3057599.258
7193166.169,4132711.251,3060454.917
7200351.012,4137039.143,3063311.869
7207539.425,4141369.317,3066170.107
7214731.401,4145701.776,3069029.625
7221926.937,4150036.521,3071890.417
7229126.027,4154373.552,3074752.475
7236328.665,4158712.872,3077615.793
7243534.848,4163054.483,3080480.365
7250744.569,4167398.385,3083346.184
7257957.823,4171744.58,3086213.243
7265174.603,4176093.067,3089081.537
7272394.907,4180443.85,3091951.057
7279618.726,4184796.927,3094821.798
7286846.055,4189152.302,3097693.753
7294076.889,4193509.974,3100566.916
7301311.223,4197869.945,3103441.279
7308549.05,4202232.214,3106316.836
7315790.364,4206596.783,3109193.581
7323035.159,4210963.652,3112071.507
7330283.43,4215332.823,3114950.608
7337535.172,4219704.295,3117830.876
7344790.375,4224078.069,3120712.306
7352049.037,4228454.145,3123594.892
7359311.151,4232832.524,3126478.627
7366576.709,4237213.205,3129363.504
7373845.708,4241596.191,3132249.517
7381118.139,4245981.478,3135136.66
7388393.998,4250369.07,3138024.928
7395673.279,4254758.965,3140914.313
7402955.974,4259151.163,3143804.811
7410242.079,4263545.665,3146696.414
7417531.586,4267942.469,3149589.117
7424824.491,4272341.577,3152482.915
7432120.787,4276742.986,3155377.801
7439420.468,4281146.698,3158273.77
7446723.527,4285552.711,3161170.817
7454029.96,4289961.025,3164068.936
7461339.762,4294371.641,3166968.121
7468652.925,4298784.557,3169868.367
7475969.442,4303199.771,3172769.67
7483289.31,4307617.285,3175672.024
7490612.521,4312037.097,3178575.424
7497939.07,4316459.204,3181479.866
7505268.954,4320883.61,3184385.344
7512602.164,4325310.31,3187291.855
7519938.696,4329739.304,3190199.392
7527278.545,4334170.592,3193107.953
7534621.704,4338604.171,3196017.533
7541968.169,4343040.042,3198928.127
7549317.935,4347478.203,3201839.733
7556670.997,4351918.652,3204752.345
7564027.349,4356361.389,3207665.96
7571386.985,4360806.41,3210580.575
7578749.902,4365253.717,3213496.185
7586116.095,4369703.307,3216412.788
7593485.559,4374155.179,3219330.381
7600858.289,4378609.33,3222248.96
7608234.281,4383065.759,3225168.522
7615613.531,4387524.466,3228089.065
7622996.033,4391985.447,3231010.585
7630381.784,4396448.703,3233933.081
7637770.78,4400914.23,3236856.551
7645163.018,4405382.027,3239780.99
7652558.49,4409852.091,3242706.399
7659957.197,4414324.423,3245632.774
7667359.133,4418799.019,3248560.115
7674764.294,4423275.876,3251488.419
7682172.678,4427754.994,3254417.684
7689584.283,4432236.373,3257347.91
7696999.102,4436720.006,3260279.095
7704417.134,4441205.894,3263211.239
7711838.376,4445694.035,3266144.341
7719262.825,4450184.426,3269078.399
7726690.48,4454677.068,3272013.413
7734121.334,4459171.952,3274949.382
7741555.389,4463669.081,3277886.308
7748992.642,4468168.454,3280824.188
7756433.088,4472670.064,3283763.024
7763876.729,4477173.915,3286702.815
7771323.56,4481679.998,3289643.562
7778773.58,4486188.315,3292585.265
7786226.786,4490698.862,3295527.925
7793683.181,4495211.639,3298471.542
7801142.762,4499726.644,3301416.118
7808605.523,4504243.869,3304361.654
7816071.468,4508763.318,3307308.15
7823540.594,4513284.986,3310255.608
7831012.9,4517808.87,3313204.03
7838488.387,4522334.971,3316153.416
7845967.055,4526863.285,3319103.77
7853448.9,4531393.807,3322055.093
7860933.926,4535926.54,3325007.386
7868422.128,4540461.477,3327960.651
7875913.51,4544998.617,3330914.893
7883408.07,4549537.959,3333870.111
7890905.81,4554079.5,3336826.31
7898406.729,4558623.238,3339783.491
7905910.825,4563169.167,3342741.658
7913418.107,4567717.294,3345700.813
7920928.567,4572267.607,3348660.96
7928442.21,4576820.109,3351622.101
7935959.038,4581374.798,3354584.24
7943479.049,4585931.668,3357547.381
7951002.248,4590490.723,3360511.525
7958528.631,4595051.953,3363476.678
7966058.204,4599615.361,3366442.843
7973590.967,4604180.943,3369410.023
7981126.925,4608748.703,3372378.223
7988666.074,4613318.628,3375347.446
7996208.422,4617890.725,3378317.697
8003753.968,4622464.988,3381288.979
8011302.715,4627041.418,3384261.297
8018854.663,4631620.007,3387234.656
8026409.818,4636200.759,3390209.059
8033968.182,4640783.671,3393184.511
8041529.755,4645368.738,3396161.017
8049094.544,4649955.964,3399138.581
8056662.547,4654545.339,3402117.208
8064233.772,4659136.869,3405096.902
8071808.218,4663730.549,3408077.67
8079385.891,4668326.377,3411059.514
8086966.793,4672924.352,3414042.441
8094550.926,4677524.471,3417026.455
8102138.298,4682126.736,3420011.561
8109728.906,4686731.14,3422997.765
8117322.761,4691337.69,3425985.072
8124919.861,4695946.376,3428973.486
8132520.21,4700557.197,3431963.012
8140123.818,4705170.161,3434953.657
8147730.684,4709785.259,3437945.425
8155340.806,4714402.484,3440938.322
8162954.202,4719021.849,3443932.353
8170570.865,4723643.342,3446927.523
8178190.805,4728266.967,3449923.837
8185814.019,4732892.718,3452921.302
8193440.522,4737520.6,3455919.921
8201070.312,4742150.611,3458919.701
8208703.393,4746782.746,3461920.648
8216339.772,4751417.007,3464922.765
8223979.449,4756053.39,3467926.059
8231622.438,4760691.903,3470930.535
8239268.733,4765332.534,3473936.199
8246918.339,4769975.285,3476943.054
8254571.27,4774620.162,3479951.108
8262227.526,4779267.161,3482960.365
8269887.107,4783916.276,3485970.831
8277550.026,4788567.517,3488982.509
8285216.277,4793220.87,3491995.407
8292885.875,4797876.347,3495009.529
8300558.818,4802533.938,3498024.88
8308235.119,4807193.654,3501041.464
8315914.772,4811855.483,3504059.289
8323597.793,4816519.436,3507078.357
8331284.177,4821185.503,3510098.674
8338973.934,4825853.689,3513120.245
8346667.064,4830523.99,3516143.075
8354363.576,4835196.408,3519167.168
8362063.473,4839870.944,3522192.529
8369766.763,4844547.6,3525219.163
8377473.448,4849226.373,3528247.075
8385183.532,4853907.265,3531276.268
8392897.024,4858590.277,3534306.747
8400613.918,4863275.401,3537338.517
8408334.231,4867962.649,3540371.582
8416057.963,4872652.018,3543405.946
8423785.115,4877343.502,3546441.613
8431515.695,4882037.108,3549478.587
8439249.701,4886732.829,3552516.872
8446987.149,4891430.677,3555556.472
8454728.038,4896130.648,3558597.39
8462472.372,4900832.742,3561639.631
8470220.155,4905536.957,3564683.197
8477971.389,4910243.295,3567728.093
8485726.083,4914951.761,3570774.321
8493484.236,4919662.35,3573821.886
8501245.851,4924375.062,3576870.789
8509010.945,4929089.91,3579921.035
8516779.505,4933806.88,3582972.625
8524551.541,4938525.978,3586025.563
8532327.059,4943247.207,3589079.852
8540106.067,4947970.573,3592135.494
8547888.555,4952696.064,3595192.491
8555674.54,4957423.694,3598250.847
8563464.016,4962153.454,3601310.562
8571256.995,4966885.354,3604371.641
8579053.474,4971619.39,3607434.083
8586853.457,4976355.564,3610497.892
8594656.949,4981093.879,3613563.07
8602463.946,4985834.33,3616629.617
8610274.46,4990576.925,3619697.535
8618088.493,4995321.667,3622766.826
8625906.044,5000068.552,3625837.492
8633727.12,5004817.587,3628909.533
8641551.714,5009568.764,3631982.95
8649379.839,5014322.094,3635057.745
8657211.487,5019077.569,3638133.918
8665046.67,5023835.2,3641211.469
8672885.39,5028594.99,3644290.4
8680727.647,5033356.936,3647370.712
8688573.44,5038121.036,3650452.403
8696422.765,5042887.29,3653535.475
8704275.634,5047655.707,3656619.928
8712132.056,5052426.295,3659705.761
8719992.005,5057199.031,3662792.974
8727855.511,5061973.943,3665881.567
8735722.566,5066751.026,3668971.541
8743593.154,5071530.261,3672062.893
8751467.306,5076311.682,3675155.623
8759345.01,5081095.278,3678249.732
8767226.26,5085881.042,3681345.217
8775111.048,5090668.97,3684442.078
8782999.402,5095459.088,3687540.314
8790891.311,5100251.387,3690639.923
8798786.767,5105045.862,3693740.905
8806685.773,5109842.516,3696843.257
8814588.334,5114641.356,3699946.979
8822494.449,5119442.381,3703052.068
8830404.13,5124245.608,3706158.522
8838317.347,5129051.007,3709266.34
8846234.124,5133858.603,3712375.521
8854154.455,5138668.395,3715486.06
8862078.341,5143480.384,3718597.957
8870005.774,5148294.565,3721711.209
8877936.759,5153110.944,3724825.815
8885871.294,5157929.524,3727941.771
8893809.37,5162750.297,3731059.073
8901751.009,5167573.288,3734177.721
8909696.186,5172398.475,3737297.711
8917644.921,5177225.881,3740419.039
8925597.185,5182055.48,3743541.706
8933552.994,5186887.291,3746665.704
8941512.355,5191721.323,3749791.032
8949475.251,5196557.564,3752917.687
8957441.688,5201396.023,3756045.666
8965411.655,5206236.691,3759174.965
8973385.16,5211079.58,3762305.58
8981362.201,5215924.692,3765437.509
8989342.769,5220772.022,3768570.747
8997326.871,5225621.581,3771705.291
9005314.5,5230473.363,3774841.137
9013305.634,5235327.353,3777978.281
9021300.312,5240183.591,3781116.721
9029298.494,5245042.044,3784256.45
9037300.202,5249902.737,3787397.465
9045305.411,5254765.647,3790539.763
9053314.143,5259630.803,3793683.341
9061326.38,5264498.188,3796828.192
9069342.121,5269367.807,3799974.314
9077361.354,5274239.654,3803121.7
9085384.108,5279113.759,3806270.349
9093410.343,5283990.088,3809420.255
9101440.068,5288868.653,3812571.415
9109473.289,5293749.466,3815723.823
9117510,5298632.524,3818877.476
9125550.186,5303517.817,3822032.368
9133593.866,5308405.371,3825188.495
9141640.993,5313295.138,3828345.855
9149691.619,5318187.178,3831504.441
9157745.688,5323081.44,3834664.248
9165803.255,5327977.981,3837825.274
9173864.262,5332876.75,3840987.512
9181928.725,5337777.766,3844150.96
9189996.653,5342681.041,3847315.611
9198068.025,5347586.562,3850481.463
9206142.852,5352494.343,3853648.509
9214221.109,5357404.363,3856816.746
9222302.818,5362316.65,3859986.168
9230387.945,5367231.173,3863156.772
9238476.508,5372147.953,3866328.555
9246568.516,5377067.007,3869501.509
9254663.922,5381988.29,3872675.632
9262762.768,5386911.848,3875850.92
9270865.002,5391837.637,3879027.366
9278970.678,5396765.711,3882204.967
9287079.746,5401696.025,3885383.721
9295192.201,5406628.58,3888563.621
9303308.074,5411563.413,3891744.66
9311427.331,5416500.489,3894926.842
9319549.985,5421439.832,3898110.153
9327676.029,5426381.431,3901294.598
9335805.459,5431325.292,3904480.168
9343938.25,5436271.393,3907666.857
9352074.425,5441219.761,3910854.665
9360213.973,5446170.386,3914043.586
9368356.886,5451123.265,3917233.621
9376503.167,5456078.409,3920424.757
9384652.805,5461035.808,3923616.997
9392805.778,5465995.442,3926810.336
9400962.135,5470957.367,3930004.769
9409121.802,5475921.508,3933200.294
9417284.821,5480887.915,3936396.906
9425451.197,5485856.596,3939594.601
9433620.891,5490827.514,3942793.378
9441793.928,5495800.694,3945993.235
9449970.3,5500776.138,3949194.162
9458149.984,5505753.821,3952396.162
9466332.974,5510733.741,3955599.233
9474519.293,5515715.928,3958803.366
9482708.923,5520700.362,3962008.561
9490901.865,5525687.049,3965214.816
9499098.129,5530676,3968422.129
9507297.661,5535667.168,3971630.492
9515500.527,5540660.616,3974839.912
9523706.675,5545656.299,3978050.376
9531916.131,5550654.244,3981261.888
9540128.856,5555654.411,3984474.445
9548344.882,5560656.84,3987688.042
9556564.171,5565661.489,3990902.683
9564786.729,5570668.37,3994118.358
9573012.62,5575677.551,3997335.069
9581241.722,5580688.905,4000552.817
9589474.114,5585702.519,4003771.595
9597709.819,5590718.418,4006991.401
9605948.748,5595736.507,4010212.24
9614190.973,5600756.869,4013434.104
9622436.409,5605779.413,4016656.997
9630685.16,5610804.248,4019880.912
9638937.138,5615831.286,4023105.851
9647192.35,5620860.536,4026331.814
9655450.843,5625892.043,4029558.8
9663712.56,5630925.754,4032786.806
9671977.581,5635961.75,4036015.831
9680245.788,5640999.91,4039245.878
9688517.289,5646040.348,4042476.941
9696791.998,5651082.975,4045709.023
9705069.975,5656127.848,4048942.127
9713351.16,5661174.912,4052176.248
9721635.574,5666224.19,4055411.384
9729923.26,5671275.718,4058647.542
9738214.178,5676329.465,4061884.713
9746508.332,5681385.429,4065122.904
9754805.725,5686443.61,4068362.114
9763106.322,5691503.979,4071602.343
9771410.148,5696566.558,4074843.59
9779717.208,5701631.351,4078085.856
9788027.513,5706698.37,4081329.144
9796341.026,5711767.572,4084573.454
9804657.788,5716839.004,4087818.784
9812977.757,5721912.615,4091065.141
9821300.977,5726988.459,4094312.518
9829627.395,5732066.474,4097560.921
9837957.06,5737146.712,4100810.348
9846289.956,5742229.15,4104060.806
9854626.049,5747313.759,4107312.29
9862965.388,5752400.58,4110564.809
9871307.967,5757489.613,4113818.354
9879653.75,5762580.811,4117072.939
9888002.733,5767674.176,4120328.557
9896354.998,5772769.789,4123585.21
9904710.475,5777867.569,4126842.905
9913069.191,5782967.547,4130101.645
9921431.116,5788069.696,4133361.42
9929796.272,5793174.022,4136622.25
9938164.653,5798280.531,4139884.121
9946536.258,5803389.214,4143147.044
9954911.116,5808500.096,4146411.02
9963289.179,5813613.13,4149676.049
9971670.513,5818728.376,4152942.137
9980055.041,5823845.755,4156209.286
9988442.849,5828965.348,4159477.501
9996833.867,5834087.093,4162746.774
10005228.15,5839211.028,4166017.121
10013625.61,5844337.074,4169288.538
10022026.38,5849465.357,4172561.026
10030430.39,5854595.801,4175834.59
10038837.6,5859728.359,4179109.238
10047248.14,5864863.169,4182384.967
10055661.85,5870000.07,4185661.779
10064078.81,5875139.114,4188939.693
10072499.05,5880280.363,4192218.684
10080922.55,5885423.774,4195498.777
10089349.26,5890569.289,4198779.972
10097779.27,5895717.008,4202062.266
10106212.61,5900866.938,4205345.668
10114649.13,5906018.959,4208630.176
10123088.95,5911173.149,4211915.799
10131532.03,5916329.493,4215202.539
10139978.38,5921487.988,4218490.395
10148427.96,5926648.586,4221779.376
10156880.89,5931811.403,4225069.486
10165337.07,5936976.354,4228360.718
10173796.54,5942143.446,4231653.095
10182259.26,5947312.657,4234946.6
10190725.27,5952484.017,4238241.252
10199194.59,5957657.549,4241537.043
10207667.22,5962833.236,4244833.986
10216143.14,5968011.056,4248132.085
10224622.33,5973191.003,4251431.331
10233104.86,5978373.12,4254731.74
10241590.7,5983557.383,4258033.313
10250079.81,5988743.76,4261336.047
10258572.22,5993932.256,4264639.96
10267067.96,5999122.921,4267945.04
10275567.01,6004315.709,4271251.299
10284069.41,6009510.669,4274558.74
10292575.21,6014707.847,4277867.366
10301084.16,6019906.99,4281177.171
10309596.58,6025108.402,4284488.182
10318112.26,6030311.874,4287800.381
10326631.26,6035517.485,4291113.774
10335153.65,6040725.275,4294428.375
10343679.42,6045935.232,4297744.183
10352208.41,6051147.214,4301061.199
10360740.89,6056361.459,4304379.427
10369276.62,6061577.747,4307698.874
10377815.71,6066796.181,4311019.533
10386358.25,6072016.826,4314341.429
10394904.09,6077239.551,4317664.536
10403453.25,6082464.371,4320988.875
10412005.82,6087691.373,4324314.449
10420561.76,6092920.501,4327641.262
10429121.03,6098151.725,4330969.308
10437683.73,6103385.136,4334298.597
10446249.83,6108620.7,4337629.135
10454819.24,6113858.321,4340960.914
10463392.09,6119098.143,4344293.95
10471968.32,6124340.085,4347628.236
10480547.98,6129584.196,4350963.784
10489131,6134830.416,4354300.581
10497717.42,6140078.772,4357638.643
10506307.24,6145329.266,4360977.972
10514900.42,6150581.856,4364318.565
10523497.06,6155836.636,4367660.426
10532097.05,6161093.493,4371003.561
10540700.51,6166352.539,4374347.967
10549307.43,6171613.777,4377693.656
10557917.69,6176877.065,4381040.627
10566531.41,6182142.544,4384388.871
10575148.61,6187410.21,4387738.395
10583769.11,6192679.896,4391089.21
10592393.15,6197951.839,4394441.31
10601020.39,6203225.7,4397794.695
10609651.32,6208501.949,4401149.372
10618285.59,6213780.242,4404505.346
10626923.22,6219060.617,4407862.605
10635564.46,6224343.295,4411221.166
10644209.02,6229627.99,4414581.031
10652857.04,6234914.865,4417942.177
10661508.54,6240203.912,4421304.631
10670163.43,6245495.046,4424668.387
10678821.77,6250788.323,4428033.445
10687483.71,6256083.9,4431399.806
10696148.95,6261381.477,4434767.469
10704817.7,6266681.259,4438136.439
10713489.97,6271983.264,4441506.708
10722165.61,6277287.32,4444878.289
10730844.76,6282593.586,4448251.175
10739527.29,6287901.922,4451625.371
10748213.4,6293212.527,4455000.877
10756902.88,6298525.189,4458377.689
10765595.88,6303840.078,4461755.806
10774292.22,6309156.976,4465135.24
10782992.12,6314476.152,4468515.97
10791695.56,6319797.535,4471898.021
10800402.46,6325121.072,4475281.389
10809112.71,6330446.656,4478666.055
10817826.53,6335774.502,4482052.027
10826543.85,6341104.545,4485439.31
10835264.62,6346436.711,4488827.907
10843988.83,6351771.03,4492217.803
10852716.48,6357107.467,4495609.009
10861447.77,6362446.243,4499001.528
10870182.46,6367787.104,4502395.351
10878920.51,6373130.042,4505790.47
10887662.16,6378475.249,4509186.911
10896407.13,6383822.484,4512584.643
10905155.7,6389172.019,4515983.682
10913907.62,6394523.602,4519384.022
10922663.2,6399877.544,4522785.66
10931422.3,6405233.703,4526188.597
10940184.68,6410591.834,4529592.841
10948950.65,6415952.289,4532998.363
10957720.11,6421314.898,4536405.211
10966493.07,6426679.743,4539813.327
10975269.44,6432046.703,4543222.74
10984049.27,6437415.821,4546633.453
10992832.57,6442787.13,4550045.443
11001619.35,6448160.623,4553458.731
11010409.67,6453536.376,4556873.297
11019203.37,6458914.226,4560289.143
11028000.54,6464294.262,4563706.277
11036801.23,6469676.542,4567124.692
11045605.38,6475061.007,4570544.375
11054412.99,6480447.646,4573965.347
11063224.26,6485836.669,4577387.59
11072038.51,6491227.416,4580811.094
11080856.79,6496620.923,4584235.866
11089678.27,6502016.35,4587661.921
11098503.24,6507414.017,4591089.226
11107331.56,6512813.774,4594517.786
11116163.51,6518215.889,4597947.619
11124998.82,6523620.115,4601378.701
11133837.44,6529026.408,4604811.029
11142679.75,6534435.125,4608244.627
11151525.54,6539846.074,4611679.464
11160374.69,6545259.148,4615115.544
11169227.3,6550674.411,4618552.891
11178083.29,6556091.852,4621991.433
11186942.94,6561511.715,4625431.228
11195805.69,6566933.412,4628872.275
11204672.24,6572357.702,4632314.533
11213541.98,6577783.932,4635758.044
11222415.14,6583212.383,4639202.758
11231291.87,6588643.172,4642648.701
11240172.01,6594076.141,4646095.867
11249055.51,6599511.265,4649544.249
11257942.6,6604948.758,4652993.842
11266833.05,6610388.393,4656444.654
11275726.77,6615830.101,4659896.67
11284623.93,6621274.043,4663349.889
11293524.58,6626720.282,4666804.302
11302428.69,6632168.763,4670259.925
11311336.22,6637619.486,4673716.729
11320247.13,6643072.387,4677174.746
11329161.5,6648527.552,4680633.952
11338079.11,6653984.79,4684094.315
11347000.49,6659444.618,4687555.871
11355924.8,6664906.162,4691018.637
11364852.77,6670370.224,4694482.547
11373784.21,6675836.565,4697947.643
11382719,6681305.09,4701413.908
11391656.99,6686775.658,4704881.336
11400598.45,6692248.531,4708349.923
11409543.26,6697723.567,4711819.693
11418491.41,6703200.808,4715290.605
11427443.14,6708680.46,4718762.678
11436398.24,6714162.337,4722235.9
11445356.49,6719646.207,4725710.287
11454318.44,6725132.626,4729185.81
11463283.65,6730621.168,4732662.484
11472252.14,6736111.87,4736140.271
11481223.88,6741604.672,4739619.208
11490199.29,6747099.975,4743099.313
11499177.43,6752596.909,4746580.523
11508159.6,6758096.764,4750062.836
11517144.84,6763598.519,4753546.317
11526133.52,6769102.617,4757030.907
11535125.41,6774608.791,4760516.62
11544120.92,6780117.455,4764003.463
11553119.52,6785628.124,4767491.398
11562121.48,6791141.034,4770980.446
11571126.95,6796656.324,4774470.624
11580135.67,6802173.769,4777961.898
11589147.24,6807692.96,4781454.28
11598162.75,6813214.963,4784947.784
11607181.52,6818739.15,4788442.374
11616203.79,6824265.719,4791938.072
11625228.82,6829793.956,4795434.868
11634257.54,6835324.792,4798932.744
11643289.51,6840857.801,4802431.704
11652324.79,6846393.014,4805931.779
11661363.32,6851930.392,4809432.931
11670404.99,6857469.83,4812935.159
11679450.37,6863011.885,4816438.485
11688498.8,6868555.919,4819942.882
11697550.49,6874102.109,4823448.378
11706605.57,6879650.609,4826954.96
11715663.75,6885201.128,4830462.619
11724725.56,6890754.196,4833971.362
11733790.51,6896309.346,4837481.16
11742858.87,6901866.874,4840991.996
11751930.47,6907426.523,4844503.947
11761005.41,6912988.464,4848016.942
11770083.68,6918552.621,4851531.059
11779164.78,6924118.586,4855046.199
11788249.34,6929686.907,4858562.433
11797337.44,6935257.75,4862079.692
11806428.6,6940830.596,4865598.006
11815523.63,6946406.186,4869117.443
11824620.83,6951982.915,4872637.919
11833722.1,6957562.621,4876159.478
11842826.48,6963144.385,4879682.099
11851934.16,6968728.432,4883205.73
11861044.78,6974314.34,4886730.442
11870159.05,6979902.827,4890256.218
11879276.48,6985493.402,4893783.076
11888397.21,6991086.215,4897310.994
11897521.11,6996681.18,4900839.928
11906648.08,7002278.153,4904369.922
11915778.54,7007877.492,4907901.046
11924912.59,7013479.421,4911433.167
11934048.95,7019082.601,4914966.351
11943189.93,7024689.317,4918500.608
11952332.93,7030297.007,4922035.924
11961480.06,7035907.813,4925572.245
11970629.81,7041520.104,4929109.704
11979782.66,7047134.506,4932648.152
11988940.12,7052752.41,4936187.715
11998099.47,7058371.125,4939728.346
12007262.88,7063992.93,4943269.949
12016429.09,7069616.357,4946812.736
12025598.7,7075242.224,4950356.476
12034771.47,7080870.13,4953901.339
12043947.32,7086500.085,4957447.235
12053126.64,7092132.427,4960994.215
12062309.4,7097767.157,4964542.24
12071494.51,7103403.173,4968091.332
12080684.2,7109042.661,4971641.544
12089876.5,7114683.787,4975192.716
12099072.04,7120326.93,4978745.106
12108270.74,7125972.317,4982298.421
12117473.06,7131620.19,4985852.875
12126678.22,7137269.789,4989408.43
12135886.88,7142921.842,4992965.037
12145098.47,7148575.755,4996522.716
12154313.34,7154231.949,5000081.388
12163532.38,7159891.165,5003641.215
12172754.08,7165551.924,5007202.158
12181978.55,7171214.431,5010764.119
12191207.09,7176879.94,5014327.148
12200437.64,7182546.271,5017891.366
12209672.81,7188216.185,5021456.629
12218911.08,7193888.127,5025022.951
12228151.95,7199561.64,5028590.311
12237396.76,7205237.872,5032158.892
12246643.82,7210915.342,5035728.474
12255895.56,7216596.402,5039299.159
12265148.93,7222277.92,5042871.007
12274406.16,7227962.257,5046443.908
12283667.08,7233649.181,5050017.895
12292931.82,7239338.873,5053592.95
12302198.51,7245029.285,5057169.221
12311469.47,7250722.898,5060746.576
12320743.67,7256418.675,5064324.995
12330020.04,7262115.442,5067904.603
12339300.27,7267815.088,5071485.184
12348584.92,7273517.946,5075066.975
12357872.05,7279222.16,5078649.886
12367161.58,7284927.694,5082233.883
12376455.09,7290636.007,5085819.081
12385751.94,7296346.615,5089405.325
12395051.47,7302058.759,5092992.714
12404355.23,7307773.856,5096581.374
12413662.27,7313491.276,5100170.997
12422972.03,7319210.253,5103761.778
12432285.31,7324931.579,5107353.735
12441601.73,7330654.941,5110946.793
12450921.93,7336380.867,5114541.061
12460245.17,7342108.715,5118136.453
12469571.7,7347838.764,5121732.936
12478901,7353570.245,5125330.75
12488234.07,7359304.47,5128929.605
12497570.21,7365040.674,5132529.537
12506909.82,7370779.081,5136130.744
12516253.7,7376520.693,5139733.005
12525599.59,7382263.11,5143336.476
12534949.18,7388008.002,5146941.178
12544302.31,7393755.406,5150546.909
12553658.18,7399504.306,5154153.875
12563018.28,7405256.126,5157762.159
12572380.79,7411009.276,5161371.514
12581746.58,7416764.56,5164982.017
12591116.74,7422522.97,5168593.768
12600489.91,7428283.249,5172206.659
12609866.68,7434045.92,5175820.763
12619245.64,7439809.635,5179436.008
12628628.38,7445575.94,5183052.442
12638014.52,7451344.434,5186670.09
12647404.34,7457115.48,5190288.86
12656795.99,7462887.01,5193908.977
12666192.89,7468662.653,5197530.241
12675592.85,7474440.13,5201152.718
12684995.95,7480219.596,5204776.352
12694402.72,7486001.503,5208401.221
12703811.85,7491784.476,5212027.375
12713225.4,7497570.689,5215654.711
12722641.14,7503358.024,5219283.112
12732060.52,7509147.728,5222912.789
12741484.07,7514940.263,5226543.811
12750910.33,7520734.342,5230175.99
12760340.27,7526531.018,5233809.248
12769772.29,7532328.479,5237443.807
12779210.45,7538130.622,5241079.826
12788650.29,7543933.559,5244716.731
12798093.26,7549738.292,5248354.967
12807538.86,7555544.328,5251994.527
12816990.78,7561355.536,5255635.241
12826443.3,7567166.044,5259277.252
12835900.58,7572979.98,5262920.604
12845360.51,7578795.532,5266564.98
12854823.75,7584612.941,5270210.809
12864290.93,7590433.358,5273857.568
12873761.98,7596256.119,5277505.857
12883233.99,7602078.927,5281155.062
12892712.01,7607906.123,5284805.892
12902193.14,7613735.332,5288457.807
12911676.55,7619565.636,5292110.913
12921164.8,7625399.522,5295765.279
12930655.13,7631234.157,5299420.976
12940149.83,7637071.831,5303077.999
12949645.79,7642909.859,5306735.933
12959148.96,7648753.523,5310395.436
12968651.73,7654595.681,5314056.05
12978159.25,7660441.102,5317718.146
12987671.26,7666289.931,5321381.328
12997185.2,7672139.433,5325045.764
13006702.56,7677991.201,5328711.36
13016224.21,7683845.826,5332378.387
13025750.04,7689703.551,5336046.492
13035279.07,7695563.223,5339715.847
13044809.67,7701423.071,5343386.601
13054345,7707286.33,5347058.667
13063883.42,7713151.534,5350731.89
13073423.76,7719017.357,5354406.402
13082971.02,7724889,5358082.018
13092519.21,7730760.168,5361759.043
13102071.67,7736634.292,5365437.383
13111626.19,7742509.355,5369116.833
13121186.41,7748388.66,5372797.753
13130749.72,7754269.981,5376479.742
13140313.6,7760150.502,5380163.094
13149882.05,7766034.576,5383847.475
13159454.41,7771921.114,5387533.299
13169031.26,7777810.858,5391220.399
13178611.89,7783703.06,5394908.826
13188194.96,7789596.566,5398598.395
13197781.01,7795491.748,5402289.258
13207370.79,7801389.607,5405981.185
13216963.25,7807288.547,5409674.698
13226560.1,7813190.718,5413369.38
