Qext,Qsca,Qabs
0.004191036,1.53E-10,0.004191035
0.008382073,2.44E-09,0.008382071
0.012573119,1.24E-08,0.012573106
0.016764181,3.91E-08,0.016764142
0.020955272,9.54E-08,0.020955177
0.02514641,1.98E-07,0.025146212
0.029337614,3.67E-07,0.029337248
0.033528909,6.25E-07,0.033528283
0.037720321,1.00E-06,0.037719319
0.041911881,1.53E-06,0.041910354
0.046103625,2.24E-06,0.046101389
0.050295591,3.17E-06,0.050292425
0.054487822,4.36E-06,0.05448346
0.058825608,5.87E-06,0.058819736
0.063051653,7.74E-06,0.063043914
0.067282765,1.00E-05,0.067272745
0.071519298,1.28E-05,0.071506525
0.075761605,1.61E-05,0.075745549
0.080010043,1.99E-05,0.079990107
0.08426497,2.45E-05,0.084240489
0.088526746,2.98E-05,0.088496984
0.092795733,3.59E-05,0.092759878
0.097072295,4.28E-05,0.097029453
0.101356798,5.08E-05,0.101305994
0.105649607,5.98E-05,0.105589779
0.109951093,7.00E-05,0.109881086
0.114261627,8.14E-05,0.114180193
0.11858158,9.42E-05,0.118487372
0.122911328,0.000108433,0.122802896
0.127251247,0.000124213,0.127127034
0.131601714,0.000141659,0.131460056
0.13596311,0.000160885,0.135802225
0.140335815,0.000182009,0.140153806
0.144720213,0.000205152,0.144515061
0.149116688,0.000230441,0.148886247
0.153525627,0.000258004,0.153267623
0.157947418,0.000287976,0.157659442
0.16238245,0.000320493,0.162061958
0.166831115,0.000355696,0.166475419
0.171293806,0.000393732,0.170900075
0.175770917,0.000434748,0.175336169
0.180262844,0.000478899,0.179783945
0.184769984,0.00052634,0.184243644
0.189292736,0.000577234,0.188715502
0.193831501,0.000631745,0.193199756
0.198386679,0.000690042,0.197696638
0.202958676,0.000752298,0.202206378
0.207547893,0.00081869,0.206729204
0.212154739,0.000889399,0.21126534
0.216779618,0.00096461,0.215815008
0.22142294,0.001044513,0.220378427
0.226085115,0.0011293,0.224955815
0.230766551,0.001219168,0.229547383
0.235467662,0.001314319,0.234153343
0.240188859,0.001414957,0.238773902
0.244930557,0.001521293,0.243409264
0.249693169,0.001633538,0.248059631
0.254477112,0.001751912,0.2527252
0.259282801,0.001876634,0.257406167
0.264110654,0.00200793,0.262102724
0.268961089,0.002146031,0.266815058
0.273834523,0.002291169,0.271543354
0.278731376,0.002443582,0.276287794
0.283652068,0.002603512,0.281048556
0.288597018,0.002771204,0.285825814
0.293566647,0.002946908,0.290619738
0.298561375,0.003130878,0.295430497
0.303581623,0.003323371,0.300258252
0.308627813,0.003524649,0.305103164
0.313700366,0.003734979,0.309965387
0.318799702,0.003954628,0.314845074
0.323926243,0.004183872,0.319742371
0.32908041,0.004422988,0.324657422
0.334262623,0.004672257,0.329590365
0.339473302,0.004931965,0.334541336
0.344712867,0.005202401,0.339510465
0.349981737,0.005483859,0.344497878
0.355280331,0.005776634,0.349503697
0.360609067,0.006081029,0.354528038
0.365968361,0.006397348,0.359571013
0.371358628,0.006725899,0.36463273
0.376780285,0.007066994,0.369713291
0.382233744,0.007420949,0.374812794
0.387719417,0.007788084,0.379931333
0.393237715,0.008168722,0.385068993
0.398789048,0.008563189,0.390225859
0.404373821,0.008971816,0.395402006
0.409992442,0.009394936,0.400597506
0.415645313,0.009832886,0.405812427
0.421332835,0.010286007,0.411046829
0.427055408,0.010754642,0.416300766
0.432813428,0.011239139,0.421574289
0.438607289,0.011739848,0.426867441
0.444437382,0.012257122,0.43218026
0.450304096,0.012791319,0.437512778
0.456207816,0.013342796,0.44286502
0.462148924,0.013911918,0.448237006
0.468127798,0.014499049,0.45362875
0.474144814,0.015104557,0.459040258
0.480200344,0.015728813,0.464471531
0.486294753,0.016372191,0.469922562
0.492428407,0.017035067,0.47539334
0.498601663,0.017717818,0.480883845
0.504814877,0.018420827,0.486394051
0.511068399,0.019144475,0.491923924
0.517362573,0.019889149,0.497473424
0.52369774,0.020655235,0.503042505
0.530074235,0.021443122,0.508631112
0.536492386,0.022253202,0.514239184
0.542952518,0.023085867,0.519866651
0.549454948,0.023941511,0.525513437
0.555999989,0.024820531,0.531179458
0.562587945,0.025723322,0.536864623
0.569219116,0.026650284,0.542568832
0.575893793,0.027601815,0.548291978
0.582612263,0.028578316,0.554033947
0.589374803,0.029580188,0.559794615
0.596181683,0.030607832,0.565573852
0.603033167,0.03166165,0.571371518
0.60992951,0.032742044,0.577187466
0.616870959,0.033849417,0.583021541
0.623857752,0.034984172,0.58887358
0.630890119,0.03614671,0.594743409
0.637968282,0.037337434,0.600630848
0.645092452,0.038556743,0.606535708
0.652262832,0.03980504,0.612457792
0.659479616,0.041082724,0.618396892
0.666742985,0.042390192,0.624352793
0.674053115,0.043727842,0.630325273
0.681410167,0.04509607,0.636314097
0.688814294,0.04649527,0.642319024
0.696265637,0.047925832,0.648339805
0.703764326,0.049388147,0.654376178
0.71131048,0.050882603,0.660427877
0.718904206,0.052409583,0.666494623
0.7265456,0.053969471,0.672576129
0.734234745,0.055562643,0.678672102
0.741971712,0.057189477,0.684782235
0.749756559,0.058850344,0.690906215
0.757589331,0.060545611,0.69704372
0.765470061,0.062275644,0.703194417
0.773398767,0.064040802,0.709357965
0.781375454,0.06584144,0.715534015
0.789400114,0.067677908,0.721722206
0.797472724,0.069550553,0.727922171
0.805593246,0.071459713,0.734133533
0.813761629,0.073405725,0.740355904
0.821977805,0.075388916,0.74658889
0.830241694,0.077409608,0.752832086
0.838553197,0.079468118,0.759085079
0.846912203,0.081564756,0.765347446
0.855318582,0.083699824,0.771618758
0.863772191,0.085873616,0.777898574
0.872272868,0.088086422,0.784186446
0.880820437,0.09033852,0.790481917
0.889414705,0.092630182,0.796784522
0.89805546,0.094961673,0.803093787
0.906742476,0.097333246,0.80940923
0.915475508,0.099745148,0.81573036
0.924254294,0.102197615,0.822056679
0.933078556,0.104690875,0.828387681
0.941947996,0.107225144,0.834722852
0.950862299,0.10980063,0.84106167
0.959821134,0.11241753,0.847403604
0.968824149,0.115076029,0.85374812
0.977870975,0.117776304,0.860094671
0.986961225,0.120518518,0.866442707
0.996094494,0.123302824,0.87279167
1.005270358,0.126129362,0.879140996
1.014488373,0.128998262,0.885490111
1.02374808,0.13190964,0.89183844
1.033048996,0.134863599,0.898185397
1.042390625,0.137860232,0.904530393
1.051772447,0.140899615,0.910872833
1.061193928,0.143981813,0.917212114
1.07065451,0.147106879,0.923547632
1.080153621,0.150274848,0.929878773
1.089690667,0.153485745,0.936204923
1.099265037,0.156739577,0.94252546
1.1088761,0.16003634,0.948839759
1.118523206,0.163376014,0.955147192
1.128205688,0.166758563,0.961447125
1.137922859,0.170183937,0.967738922
1.147674014,0.17365207,0.974021943
1.15745843,0.177162882,0.980295547
1.167275364,0.180716276,0.986559088
1.177124059,0.184312139,0.99281192
1.187003735,0.187950343,0.999053392
1.196913597,0.191630743,1.005282854
1.206852832,0.195353179,1.011499653
1.21682061,0.199117473,1.017703137
1.226816083,0.202923432,1.02389265
1.236838385,0.206770846,1.030067539
1.246886637,0.210659488,1.036227149
1.256959939,0.214589113,1.042370826
1.267057378,0.218559463,1.048497915
1.277178024,0.22257026,1.054607764
1.28732093,0.226621209,1.060699721
1.297485137,0.230712001,1.066773137
1.307669669,0.234842307,1.072827362
1.317873534,0.239011782,1.078861752
1.328095729,0.243220065,1.084875664
1.338335235,0.247466779,1.090868456
1.34859102,0.251751527,1.096839493
1.358862038,0.256073897,1.10278814
1.369147232,0.260433463,1.10871377
1.379445533,0.264829777,1.114615755
1.389755858,0.26926238,1.120493478
1.400077114,0.273730793,1.126346321
1.410408198,0.278234523,1.132173675
1.420747995,0.28277306,1.137974936
1.431095382,0.287345877,1.143749504
1.441449224,0.291952435,1.149496789
1.45180838,0.296592176,1.155216205
1.462171699,0.301264527,1.160907172
1.472538023,0.305968903,1.16656912
1.482906185,0.310704702,1.172201483
1.493275014,0.315471306,1.177803707
1.50364333,0.320268087,1.183375243
1.51400995,0.3250944,1.188915551
1.524373685,0.329949586,1.194424099
1.534733341,0.334832975,1.199900366
1.545087721,0.339743882,1.205343838
1.555435623,0.344681612,1.210754011
1.565775845,0.349645455,1.216130391
1.576107182,0.354634689,1.221472493
1.586428426,0.359648584,1.226779842
1.59673837,0.364686395,1.232051974
1.607035805,0.369747369,1.237288436
1.617319525,0.374830742,1.242488783
1.627588322,0.379935738,1.247652584
1.637840992,0.385061576,1.252779416
1.648076331,0.390207462,1.257868868
1.658293139,0.395372596,1.262920542
1.668490219,0.40055617,1.26793405
1.678666379,0.405757366,1.272909014
1.688820431,0.410975361,1.277845069
1.69895119,0.416209327,1.282741863
1.70905748,0.421458427,1.287599053
1.719138129,0.42672182,1.292416309
1.729191973,0.431998659,1.297193314
1.739217856,0.437288094,1.301929762
1.749214629,0.442589271,1.306625357
1.75918115,0.447901331,1.311279819
1.76911629,0.453223414,1.315892877
1.779018927,0.458554655,1.320464272
1.788887949,0.46389419,1.324993758
1.798722255,0.469241153,1.329481102
1.808520757,0.474594676,1.333926081
1.818282376,0.479953892,1.338328484
1.828006047,0.485317934,1.342688113
1.837690717,0.490685936,1.347004781
1.847335346,0.496057032,1.351278313
1.856938907,0.50143036,1.355508546
1.866500388,0.506805059,1.359695328
1.876018791,0.512180272,1.363838519
1.885493133,0.517555143,1.367937989
1.894922446,0.522928824,1.371993622
1.904305777,0.528300468,1.376005309
1.913642191,0.533669233,1.379972957
1.922930766,0.539034285,1.383896481
1.9321706,0.544394795,1.387775805
1.941360806,0.549749937,1.391610869
1.950500515,0.555098897,1.395401618
1.959588875,0.560440865,1.39914801
1.968625053,0.565775039,1.402850014
1.977608233,0.571100626,1.406507607
1.986537618,0.576416841,1.410120777
1.99541243,0.581722909,1.413689521
2.004231908,0.587018062,1.417213847
2.012995314,0.592301543,1.42069377
2.021701925,0.597572607,1.424129318
2.030351039,0.602830516,1.427520523
2.038941976,0.608074545,1.430867431
2.047474073,0.61330398,1.434170093
2.055946687,0.618518117,1.43742857
2.064359197,0.623716265,1.440642932
2.072711001,0.628897745,1.443813257
2.081001518,0.634061889,1.446939629
2.089230187,0.639208044,1.450022143
2.097396468,0.644335567,1.4530609
2.10549984,0.64944383,1.45605601
2.113539805,0.654532218,1.459007588
2.121515885,0.659600127,1.461915758
2.129427622,0.66464697,1.464780653
2.13727458,0.669672171,1.467602409
2.145056343,0.674675171,1.470381172
2.152772516,0.679655422,1.473117094
2.160422725,0.684612391,1.475810333
2.168006617,0.689545562,1.478461056
2.175523861,0.694454428,1.481069432
2.182974144,0.699338502,1.483635641
2.190357176,0.704197309,1.486159867
2.197672687,0.709030387,1.4886423
2.204920429,0.713837293,1.491083136
2.212100173,0.718617594,1.493482579
2.219211712,0.723370874,1.495840837
2.226254857,0.728096733,1.498158124
2.233229444,0.732794783,1.50043466
2.240135325,0.737464653,1.502670672
2.246972374,0.742105984,1.50486639
2.253740486,0.746718435,1.507022052
2.260439576,0.751301676,1.5091379
2.267069578,0.755855394,1.511214184
2.273630446,0.760379289,1.513251157
2.280122155,0.764873077,1.515249078
2.286544698,0.769336487,1.517208211
2.29289809,0.773769262,1.519128828
2.299182363,0.778171159,1.521011204
2.305397569,0.78254195,1.522855619
2.31154378,0.786881419,1.524662361
2.317621086,0.791189366,1.52643172
2.323629597,0.795465603,1.528163994
2.32956944,0.799709955,1.529859485
2.335440763,0.803922261,1.531518502
2.34124373,0.808102373,1.533141356
2.346978524,0.812250156,1.534728368
2.352645348,0.816365488,1.53627986
2.358244419,0.820448257,1.537796162
2.363775976,0.824498368,1.539277608
2.369240271,0.828515734,1.540724538
2.374637578,0.832500282,1.542137297
2.379968185,0.83645195,1.543516235
2.385232398,0.840370689,1.544861709
2.39043054,0.844256461,1.546174079
2.395562949,0.848109237,1.547453711
2.40062998,0.851929003,1.548700977
2.405632006,0.855715752,1.549916255
2.410569414,0.85946949,1.551099924
2.415442607,0.863190233,1.552252374
2.420252002,0.866878006,1.553373996
2.424998034,0.870532847,1.554465187
2.42968115,0.874154801,1.55552635
2.434301815,0.877743923,1.556557892
2.438860505,0.881300279,1.557560226
2.443357712,0.884823943,1.55853377
2.447793942,0.888314998,1.559478944
2.452169713,0.891773538,1.560396176
2.456485559,0.895199661,1.561285898
2.460742024,0.898593479,1.562148545
2.464939666,0.901955109,1.562984558
2.469079057,0.905284675,1.563794382
2.473160779,0.908582313,1.564578466
2.477185426,0.911848163,1.565337263
2.481153605,0.915082373,1.566071231
2.485065933,0.918285101,1.566780832
2.488923039,0.921456509,1.567466529
2.49272556,0.924596768,1.568128792
2.496474147,0.927706054,1.568768093
2.500169458,0.930784551,1.569384907
2.503812161,0.933832448,1.569979712
2.507402934,0.936849943,1.570552991
2.510942463,0.939837237,1.571105226
2.514431443,0.942794538,1.571636906
2.517870578,0.94572206,1.572148518
2.521260577,0.948620022,1.572640555
2.52460216,0.95148865,1.573113509
2.52789605,0.954328174,1.573567876
2.531142979,0.957138827,1.574004152
2.534343686,0.959920851,1.574422835
2.537498913,0.96267449,1.574824424
2.540609411,0.965399993,1.575209418
2.543675932,0.968097614,1.575578317
2.546699236,0.970767612,1.575931624
2.549680084,0.973410248,1.576269837
2.552619245,0.976025788,1.576593457
2.555517488,0.978614503,1.576902985
2.558375585,0.981176666,1.577198919
2.561194313,0.983712554,1.577481759
2.563974449,0.986222448,1.577752
2.566716772,0.988706633,1.57801014
2.569422064,0.991165394,1.57825667
2.572091106,0.993599023,1.578492083
2.574724679,0.996007811,1.578716868
2.577323567,0.998392054,1.578931512
2.57988855,1.000752052,1.579136499
2.582420411,1.003088103,1.579332308
2.584919928,1.005400511,1.579519417
2.587387879,1.007689581,1.579698298
2.589825042,1.00995562,1.579869422
2.592232189,1.012198936,1.580033253
2.594610092,1.014419841,1.58019025
2.596959517,1.016618647,1.58034087
2.599281229,1.018795667,1.580485562
2.601575988,1.020951217,1.580624771
2.603844549,1.023085612,1.580758936
2.606087661,1.025199171,1.580888491
2.608306071,1.027292211,1.581013861
2.610500518,1.029365051,1.581135467
2.612671735,1.031418012,1.581253723
2.614820449,1.033451414,1.581369035
2.61694738,1.035465577,1.581481803
2.619053241,1.037460823,1.581592418
2.621138738,1.039437473,1.581701265
2.623204567,1.041395848,1.581808719
2.625251419,1.043336269,1.58191515
2.627279974,1.045259057,1.582020917
2.629290903,1.047164533,1.582126371
2.63128487,1.049053016,1.582231854
2.633262526,1.050924826,1.5823377
2.635224515,1.052780282,1.582444233
2.637171469,1.0546197,1.582551769
2.639104011,1.056443398,1.582660612
2.641022751,1.058251692,1.582771059
2.64292829,1.060044894,1.582883396
2.644821217,1.061823319,1.582997898
2.646702108,1.063587276,1.583114832
2.64857153,1.065337076,1.583234454
2.650430034,1.067073025,1.583357009
2.652278162,1.068795431,1.583482731
2.654116441,1.070504595,1.583611846
2.655945386,1.072200819,1.583744567
2.6577655,1.073884403,1.583881096
2.659577271,1.075555643,1.584021627
2.661381173,1.077214833,1.584166341
2.66317767,1.078862263,1.584315407
2.664967208,1.080498222,1.584468986
2.666750221,1.082122995,1.584627225
2.668527128,1.083736865,1.584790262
2.670298334,1.085340111,1.584958223
2.672064232,1.086933008,1.585131224
2.673825195,1.088515828,1.585309367
2.675581587,1.09008884,1.585492747
2.677333754,1.091652308,1.585681445
2.679082027,1.093206495,1.585875532
2.680826724,1.094751656,1.586075068
2.682568147,1.096288046,1.586280101
2.684306583,1.097815913,1.58649067
2.686042304,1.099335501,1.586706803
2.687775566,1.100847052,1.586928514
2.689506612,1.102350801,1.58715581
2.691235667,1.10384698,1.587388687
2.692962943,1.105335814,1.587627129
2.694688637,1.106817527,1.58787111
2.696412929,1.108292336,1.588120594
2.698135986,1.109760451,1.588375535
2.699857959,1.111222082,1.588635876
2.701578983,1.11267743,1.588901553
2.70329918,1.114126691,1.589172489
2.705018657,1.115570058,1.589448599
2.706737505,1.117007717,1.589729788
2.708455801,1.118439849,1.590015952
2.710173608,1.119866629,1.590306979
2.711890974,1.121288228,1.590602746
2.713607933,1.122704809,1.590903124
2.715324505,1.124116532,1.591207972
2.717040695,1.12552355,1.591517145
2.718756496,1.12692601,1.591830486
2.720471887,1.128324054,1.592147833
2.722186832,1.129717817,1.592469015
2.723901283,1.131107429,1.592793854
2.72561518,1.132493015,1.593122165
2.727328447,1.133874692,1.593453755
2.729041,1.135252573,1.593788426
2.730752738,1.136626764,1.594125974
2.73246355,1.137997365,1.594466186
2.734173315,1.13936447,1.594808845
2.735881897,1.140728168,1.595153729
2.73758915,1.142088541,1.595500609
2.739294918,1.143445665,1.595849253
2.740999032,1.14479961,1.596199422
2.742701315,1.146150442,1.596550873
2.744401578,1.147498218,1.59690336
2.746099623,1.14884299,1.597256632
2.747795241,1.150184807,1.597610435
2.749488217,1.151523707,1.59796451
2.751178322,1.152859727,1.598318595
2.752865323,1.154192894,1.598672429
2.754548976,1.155523234,1.599025743
2.756229031,1.156850762,1.599378269
2.757905228,1.158175492,1.599729737
2.759577302,1.159497429,1.600079873
2.761244979,1.160816575,1.600428404
2.76290798,1.162132924,1.600775056
2.76456602,1.163446468,1.601119552
2.766218806,1.16475719,1.601461615
2.767866041,1.166065071,1.60180097
2.769507424,1.167370083,1.60213734
2.771142647,1.168672198,1.602470449
2.772771398,1.169971378,1.602800021
2.774393364,1.171267583,1.60312578
2.776008223,1.172560769,1.603447454
2.777615654,1.173850884,1.603764771
2.779215332,1.175137873,1.604077459
2.780806929,1.176421679,1.60438525
2.782390115,1.177702237,1.604687878
2.783964558,1.178979479,1.604985078
2.785529925,1.180253334,1.60527659
2.787085881,1.181523726,1.605562155
2.788632093,1.182790574,1.605841518
2.790168224,1.184053796,1.606114428
2.791693939,1.185313304,1.606380636
2.793208904,1.186569006,1.606639898
2.794712785,1.18782081,1.606891975
2.796205249,1.189068618,1.607136631
2.797685964,1.19031233,1.607373634
2.799154601,1.191551841,1.60760276
2.800610832,1.192787047,1.607823785
2.802054333,1.194017837,1.608036495
2.803484781,1.195244102,1.608240679
2.804901857,1.196465726,1.608436131
2.806305246,1.197682595,1.608622651
2.807694636,1.198894589,1.608800047
2.809069719,1.200101589,1.60896813
2.810430193,1.201303474,1.609126719
2.811775758,1.202500119,1.609275639
2.813106121,1.2036914,1.609414722
2.814420995,1.20487719,1.609543804
2.815720095,1.206057363,1.609662731
2.817003144,1.207231789,1.609771355
2.818269874,1.20840034,1.609869534
2.819520017,1.209562884,1.609957132
2.820753317,1.210719292,1.610034024
2.821969522,1.211869433,1.610100089
2.823168387,1.213013174,1.610155214
2.824349677,1.214150384,1.610199293
2.82551316,1.215280932,1.610232229
2.826658616,1.216404685,1.610253931
2.82778583,1.217521514,1.610264316
2.828894595,1.218631287,1.610263308
2.829984714,1.219733873,1.610250841
2.831055998,1.220829144,1.610226853
2.832108264,1.221916971,1.610191293
2.833141341,1.222997226,1.610144115
2.834155064,1.224069782,1.610085282
2.835149279,1.225134513,1.610014766
2.83612384,1.226191297,1.609932543
2.83707861,1.22724001,1.6098386
2.838013461,1.228280531,1.609732931
2.838928276,1.229312741,1.609615535
2.839822945,1.230336522,1.609486423
2.840697368,1.231351759,1.609345609
2.841551456,1.232358339,1.609193117
2.842385128,1.23335615,1.609028978
2.843198314,1.234345084,1.60885323
2.843990951,1.235325033,1.608665918
2.844762989,1.236295893,1.608467096
2.845514384,1.237257563,1.608256821
2.846245105,1.238209943,1.608035162
2.846955129,1.239152938,1.607802191
2.847644443,1.240086454,1.607557989
2.848313042,1.241010401,1.607302642
2.848960934,1.24192469,1.607036244
2.849588133,1.242829238,1.606758895
2.850194663,1.243723962,1.606470701
2.850780561,1.244608786,1.606171775
2.851345868,1.245483633,1.605862234
2.851890638,1.246348433,1.605542205
2.852414933,1.247203117,1.605211816
2.852918824,1.24804762,1.604871203
2.853402391,1.248881882,1.604520509
2.853865723,1.249705843,1.60415988
2.854308918,1.25051945,1.603789468
2.854732083,1.251322652,1.60340943
2.855135332,1.252115403,1.603019929
2.855518788,1.252897659,1.60262113
2.855882584,1.25366938,1.602213205
2.85622686,1.25443053,1.601796329
2.856551762,1.255181078,1.601370684
2.856857447,1.255920994,1.600936452
2.857144077,1.256650255,1.600493822
2.857411825,1.257368839,1.600042985
2.857660867,1.25807673,1.599584137
2.857891389,1.258773914,1.599117476
2.858103585,1.259460381,1.598643203
2.858297651,1.260136127,1.598161525
2.858473796,1.260801148,1.597672647
2.85863223,1.261455449,1.597176781
2.858773172,1.262099033,1.596674139
2.858896847,1.262731911,1.596164937
2.859003486,1.263354095,1.595649391
2.859093324,1.263965604,1.595127721
2.859166603,1.264566456,1.594600147
2.85922357,1.265156678,1.594066892
2.859264477,1.265736297,1.59352818
2.859289581,1.266305345,1.592984236
2.859299142,1.266863857,1.592435286
2.859293428,1.267411871,1.591881556
2.859272707,1.267949431,1.591323276
2.859237254,1.268476582,1.590760672
2.859187347,1.268993374,1.590193974
2.859123267,1.269499858,1.589623409
2.859045299,1.269996092,1.589049207
2.858953731,1.270482134,1.588471597
2.858848854,1.270958048,1.587890806
2.858730961,1.271423898,1.587307062
2.858600347,1.271879755,1.586720593
2.858457313,1.272325689,1.586131623
2.858302157,1.272761777,1.58554038
2.858135182,1.273188096,1.584947086
2.857956692,1.273604728,1.584351964
2.857766992,1.274011756,1.583755236
2.857566388,1.274409266,1.583157122
2.857355188,1.274797349,1.582557839
2.8571337,1.275176096,1.581957604
2.856902233,1.275545603,1.58135663
2.856661096,1.275905965,1.58075513
2.856410597,1.276257283,1.580153314
2.856151047,1.27659966,1.579551388
2.855882755,1.276933198,1.578949557
2.855606028,1.277258005,1.578348022
2.855321175,1.27757419,1.577746985
2.855028503,1.277881864,1.577146639
2.854728318,1.278181139,1.576547179
2.854420924,1.27847213,1.575948795
2.854106626,1.278754954,1.575351673
2.853785725,1.279029729,1.574755996
2.853458522,1.279296576,1.574161946
2.853125313,1.279555616,1.573569697
2.852786397,1.279806974,1.572979423
2.852442065,1.280050773,1.572391292
2.85209261,1.28028714,1.57180547
2.851738321,1.280516203,1.571222118
2.851379482,1.28073809,1.570641392
2.851016378,1.280952932,1.570063447
2.850649289,1.281160859,1.569488429
2.85027849,1.281362005,1.568916485
2.849904256,1.281556501,1.568347755
2.849526855,1.281744481,1.567782374
2.849146555,1.281926081,1.567220474
2.848763618,1.282101436,1.566662182
2.848378301,1.282270681,1.56610762
2.84799086,1.282433954,1.565556906
2.847601544,1.28259139,1.565010154
2.8472106,1.282743127,1.564467473
2.846818268,1.282889303,1.563928965
2.846424786,1.283030056,1.56339473
2.846030386,1.283165523,1.562864863
2.845635296,1.283295843,1.562339453
2.845239737,1.283421153,1.561818585
2.844843929,1.283541591,1.561302338
2.844448083,1.283657295,1.560790788
2.844052408,1.283768403,1.560284005
2.843657106,1.283875051,1.559782055
2.843262373,1.283977376,1.559284997
2.842868402,1.284075515,1.558792888
2.84247538,1.284169603,1.558305777
2.842083486,1.284259776,1.557823711
2.841692898,1.284346167,1.557346731
2.841303783,1.284428911,1.556874872
2.840916307,1.28450814,1.556408167
2.840530628,1.284583987,1.55594664
2.840146898,1.284656583,1.555490315
2.839765265,1.284726057,1.555039208
2.83938587,1.284792539,1.554593331
2.839008847,1.284856156,1.554152692
2.838634327,1.284917035,1.553717293
2.838262433,1.284975301,1.553287132
2.837893282,1.285031079,1.552862203
2.837526987,1.285084491,1.552442496
2.837163652,1.285135659,1.552027994
2.836803379,1.285184701,1.551618678
2.836446259,1.285231737,1.551214523
2.836092383,1.285276882,1.550815501
2.835741831,1.285320252,1.550421579
2.835394679,1.28536196,1.550032719
2.835050999,1.285402117,1.549648882
2.834710854,1.285440833,1.54927002
2.834374303,1.285478216,1.548896086
2.834041398,1.285514372,1.548527025
2.833712186,1.285549404,1.548162782
2.833386709,1.285583415,1.547803294
2.833065001,1.285616504,1.547448497
2.832747094,1.28564877,1.547098323
2.832433009,1.285680308,1.546752701
2.832122767,1.285711212,1.546411556
2.831816381,1.285741573,1.546074808
2.831513857,1.28577148,1.545742376
2.831215198,1.285801022,1.545414176
2.830920401,1.285830281,1.545090119
2.830629457,1.285859342,1.544770115
2.830342353,1.285888284,1.544454069
2.83005907,1.285917185,1.544141885
2.829779584,1.28594612,1.543833464
2.829503867,1.285975163,1.543528704
2.829231885,1.286004384,1.5432275
2.8289636,1.286033852,1.542929747
2.828698968,1.286063633,1.542635335
2.828437942,1.286093789,1.542344153
2.82818047,1.286124383,1.542056087
2.827926496,1.286155472,1.541771024
2.827675958,1.286187112,1.541488846
2.827428792,1.286219357,1.541209434
2.827184928,1.286252259,1.540932669
2.826944294,1.286285865,1.540658429
2.826706813,1.286320222,1.540386591
2.826472404,1.286355374,1.54011703
2.826240982,1.286391361,1.539849622
2.826012461,1.286428222,1.539584239
2.825786749,1.286465994,1.539320755
2.825563751,1.28650471,1.539059041
2.82534337,1.286544402,1.538798968
2.825125506,1.286585098,1.538540408
2.824910055,1.286626824,1.53828323
2.82469691,1.286669605,1.538027304
2.824485963,1.286713463,1.5377725
2.824277103,1.286758416,1.537518687
2.824070216,1.286804481,1.537265735
2.823865185,1.286851673,1.537013512
2.823661894,1.286900005,1.536761889
2.823460221,1.286949485,1.536510736
2.823260044,1.287000121,1.536259923
2.823061242,1.28705192,1.536009321
2.822863687,1.287104884,1.535758802
2.822667253,1.287159014,1.535508239
2.822471813,1.28721431,1.535257504
2.822277238,1.287270767,1.535006471
2.822083397,1.287328381,1.534755016
2.821890159,1.287387144,1.534503015
2.821697392,1.287447047,1.534250345
2.821504965,1.287508078,1.533996886
2.821312743,1.287570225,1.533742518
2.821120595,1.287633472,1.533487123
2.820928385,1.287697802,1.533230583
2.820735981,1.287763197,1.532972785
2.820543249,1.287829635,1.532713614
2.820350056,1.287897095,1.532452961
2.820156268,1.287965553,1.532190714
2.819961752,1.288034983,1.531926768
2.819766376,1.288105359,1.531661017
2.819570008,1.288176651,1.531393358
2.819372518,1.288248829,1.531123689
2.819173776,1.288321862,1.530851914
2.818973652,1.288395718,1.530577934
2.818772018,1.288470361,1.530301657
2.818568748,1.288545756,1.530022992
2.818363717,1.288621868,1.529741849
2.818156801,1.288698657,1.529458144
2.817947877,1.288776085,1.529171791
2.817736824,1.288854112,1.528882711
2.817523524,1.288932698,1.528590826
2.817307859,1.289011798,1.52829606
2.817089715,1.289091372,1.527998342
2.816868977,1.289171376,1.527697602
2.816645537,1.289251764,1.527393773
2.816419283,1.289332492,1.527086791
2.816190111,1.289413514,1.526776597
2.815957915,1.289494782,1.526463133
2.815722595,1.289576251,1.526146344
2.815484051,1.289657873,1.525826179
2.815242187,1.289739598,1.525502589
2.814996909,1.28982138,1.525175529
2.814748126,1.289903169,1.524844957
2.81449575,1.289984916,1.524510834
2.814239696,1.290066571,1.524173124
2.81397988,1.290148086,1.523831794
2.813716224,1.29022941,1.523486814
2.813448651,1.290310493,1.523138159
2.813177089,1.290391286,1.522785803
2.812901466,1.290471738,1.522429728
2.812621716,1.290551801,1.522069915
2.812337775,1.290631424,1.521706351
2.812049582,1.290710557,1.521339025
2.811757081,1.290789152,1.520967929
2.811460217,1.290867159,1.520593058
2.81115894,1.29094453,1.52021441
2.810853202,1.291021216,1.519831986
2.810542959,1.291097168,1.519445791
2.810228171,1.291172341,1.519055831
2.809908801,1.291246685,1.518662116
2.809584815,1.291320155,1.51826466
2.809256183,1.291392704,1.517863479
2.808922877,1.291464287,1.51745859
2.808584874,1.291534859,1.517050015
2.808242155,1.291604376,1.516637779
2.807894702,1.291672794,1.516221907
2.807542502,1.291740071,1.515802431
2.807185545,1.291806164,1.515379381
2.806823825,1.291871032,1.514952793
2.806457338,1.291934635,1.514522703
2.806086085,1.291996933,1.514089152
2.805710069,1.292057888,1.513652181
2.805329297,1.292117463,1.513211834
2.804943778,1.292175619,1.512768159
2.804553527,1.292232322,1.512321205
2.804158558,1.292287536,1.511871022
2.803758893,1.292341229,1.511417664
2.803354552,1.292393367,1.510961186
2.802945564,1.292443919,1.510501645
2.802531955,1.292492853,1.510039101
2.802113758,1.292540142,1.509573616
2.801691007,1.292585756,1.509105251
2.801263741,1.292629669,1.508634072
2.800831999,1.292671854,1.508160145
2.800395824,1.292712287,1.507683538
2.799955264,1.292750943,1.507204321
2.799510366,1.292787801,1.506722565
2.799061181,1.29282284,1.506238342
2.798607765,1.292856038,1.505751726
2.798150172,1.292887379,1.505262793
2.797688461,1.292916843,1.504771618
2.797222695,1.292944415,1.50427828
2.796752936,1.29297008,1.503782856
2.796279251,1.292993824,1.503285427
2.795801706,1.293015634,1.502786073
2.795320373,1.293035499,1.502284874
2.794835323,1.293053409,1.501781914
2.794346631,1.293069355,1.501277276
2.793854372,1.29308333,1.500771042
2.793358624,1.293095327,1.500263297
2.792859467,1.293105342,1.499754125
2.792356983,1.29311337,1.499243612
2.791851253,1.29311941,1.498731844
2.791342364,1.293123459,1.498218905
2.790830399,1.293125517,1.497704882
2.790315448,1.293125587,1.497189861
2.789797598,1.293123669,1.496673929
2.78927694,1.293119768,1.496157172
2.788753565,1.293113888,1.495639677
2.788227564,1.293106035,1.495121529
2.787699031,1.293096217,1.494602814
2.78716806,1.29308444,1.49408362
2.786634746,1.293070716,1.49356403
2.786099185,1.293055053,1.493044132
2.785561474,1.293037464,1.492524009
2.785021709,1.293017962,1.492003747
2.784479989,1.29299656,1.491483429
2.783936411,1.292973272,1.490963139
2.783391075,1.292948115,1.490442959
2.782844079,1.292921106,1.489922972
2.782295522,1.292892262,1.48940326
2.781745505,1.292861602,1.488883902
2.781194126,1.292829147,1.488364979
2.780641485,1.292794915,1.48784657
2.780087683,1.292758931,1.487328752
2.779532818,1.292721215,1.486811603
2.778976991,1.292681791,1.486295199
2.778420299,1.292640684,1.485779615
2.777862843,1.292597919,1.485264924
2.777304721,1.292553522,1.484751199
2.776746031,1.292507518,1.484238512
2.77618687,1.292459937,1.483726933
2.775627336,1.292410806,1.483216531
2.775067526,1.292360153,1.482707372
2.774507535,1.29230801,1.482199525
2.773947458,1.292254405,1.481693053
2.77338739,1.29219937,1.48118802
2.772827424,1.292142936,1.480684487
2.772267652,1.292085136,1.480182516
2.771708167,1.292026002,1.479682165
2.77114906,1.291965567,1.479183492
2.770590418,1.291903866,1.478686552
2.770032332,1.291840931,1.4781914
2.769474888,1.291776799,1.477698089
2.768918172,1.291711504,1.477206668
2.768362269,1.291645081,1.476717187
2.767807262,1.291577567,1.476229695
2.767253234,1.291508998,1.475744236
2.766700265,1.29143941,1.475260856
2.766148435,1.29136884,1.474779595
2.765597821,1.291297326,1.474300495
2.765048499,1.291224904,1.473823595
2.764500545,1.291151613,1.473348932
2.76395403,1.29107749,1.47287654
2.763409027,1.291002573,1.472406454
2.762865605,1.2909269,1.471938705
2.762323832,1.29085051,1.471473322
2.761783775,1.290773441,1.471010334
2.761245498,1.290695731,1.470549767
2.760709063,1.290617418,1.470091645
2.760174533,1.290538542,1.46963599
2.759641965,1.290459141,1.469182824
2.759111417,1.290379253,1.468732164
2.758582944,1.290298916,1.468284028
2.758056601,1.290218169,1.467838432
2.757532437,1.29013705,1.467395387
2.757010503,1.290055596,1.466954907
2.756490846,1.289973847,1.466516999
2.755973513,1.289891839,1.466081673
2.755458545,1.28980961,1.465648935
2.754945986,1.289727198,1.465218788
2.754435875,1.289644639,1.464791236
2.753928249,1.289561971,1.464366278
2.753423144,1.289479229,1.463943915
2.752920594,1.28939645,1.463524143
2.752420629,1.289313671,1.463106959
2.75192328,1.289230925,1.462692355
2.751428574,1.289148249,1.462280325
2.750936537,1.289065678,1.461870859
2.750447191,1.288983245,1.461463946
2.749960558,1.288900985,1.461059573
2.749476658,1.288818931,1.460657727
2.748995508,1.288737117,1.460258392
2.748517123,1.288655574,1.459861549
2.748041517,1.288574335,1.459467182
2.7475687,1.288493432,1.459075269
2.747098683,1.288412895,1.458685788
2.746631473,1.288332755,1.458298718
2.746167075,1.288253042,1.457914032
2.745705492,1.288173786,1.457531706
2.745246727,1.288095015,1.457151712
2.744790779,1.288016757,1.456774022
2.744337647,1.28793904,1.456398606
2.743887325,1.287861891,1.456025433
2.743439808,1.287785337,1.455654471
2.74299509,1.287709402,1.455285687
2.742553159,1.287634113,1.454919046
2.742114005,1.287559493,1.454554513
2.741677616,1.287485566,1.45419205
2.741243976,1.287412355,1.453831621
2.74081307,1.287339883,1.453473187
2.740384879,1.28726817,1.453116709
2.739959384,1.287197239,1.452762145
2.739536564,1.287127109,1.452409455
2.739116396,1.2870578,1.452058597
2.738698856,1.28698933,1.451709526
2.738283919,1.286921718,1.451362201
2.737871557,1.28685498,1.451016576
2.737461741,1.286789134,1.450672607
2.737054442,1.286724195,1.450330247
2.736649629,1.286660178,1.449989451
2.736247269,1.286597098,1.449650171
2.735847328,1.286534968,1.44931236
2.735449771,1.286473801,1.448975971
2.735054563,1.286413609,1.448640954
2.734661665,1.286354403,1.448307262
2.734271039,1.286296194,1.447974845
2.733882646,1.286238991,1.447643655
2.733496445,1.286182805,1.44731364
2.733112395,1.286127642,1.446984753
2.732730453,1.286073511,1.446656941
2.732350576,1.286020419,1.446330157
2.731972719,1.285968371,1.446004348
2.731596838,1.285917373,1.445679465
2.731222887,1.28586743,1.445355458
2.73085082,1.285818544,1.445032275
2.730480588,1.285770721,1.444709867
2.730112145,1.285723961,1.444388184
2.729745442,1.285678267,1.444067175
2.729380431,1.28563364,1.44374679
2.72901706,1.28559008,1.44342698
2.728655282,1.285547587,1.443107695
2.728295045,1.28550616,1.442788885
2.727936299,1.285465797,1.442470502
2.727578993,1.285426496,1.442152498
2.727223076,1.285388253,1.441834823
2.726868495,1.285351066,1.44151743
2.7265152,1.285314929,1.441200271
2.726163139,1.285279838,1.440883301
2.725812259,1.285245788,1.440566471
2.725462509,1.285212772,1.440249737
2.725113836,1.285180784,1.439933052
2.724766189,1.285149816,1.439616373
2.724419515,1.28511986,1.439299655
2.724073763,1.285090909,1.438982854
2.723728882,1.285062953,1.438665928
2.723384818,1.285035983,1.438348835
2.723041522,1.285009988,1.438031534
2.722698942,1.284984959,1.437713983
2.722357027,1.284960884,1.437396143
2.722015727,1.284937751,1.437077976
2.721674992,1.28491555,1.436759442
2.721334772,1.284894267,1.436440505
2.720995019,1.28487389,1.436121128
2.720655682,1.284854406,1.435801276
2.720316715,1.284835801,1.435480914
2.719978069,1.284818061,1.435160009
2.719639698,1.284801171,1.434838527
2.719301555,1.284785118,1.434516437
2.718963593,1.284769885,1.434193708
2.718625769,1.284755458,1.433870311
2.718288037,1.284741821,1.433546216
2.717950354,1.284728958,1.433221396
2.717612677,1.284716852,1.432895825
2.717274963,1.284705487,1.432569476
2.716937172,1.284694847,1.432242325
2.716599262,1.284684914,1.431914348
2.716261195,1.284675671,1.431585524
2.71592293,1.2846671,1.43125583
2.715584432,1.284659185,1.430925247
2.715245661,1.284651906,1.430593755
2.714906583,1.284645247,1.430261336
2.714567162,1.284639189,1.429927973
2.714227365,1.284633714,1.429593651
2.713887158,1.284628803,1.429258354
2.713546509,1.284624439,1.42892207
2.713205387,1.284620602,1.428584785
2.712863762,1.284617274,1.428246488
2.712521606,1.284614437,1.427907169
2.71217889,1.284612071,1.427566819
2.711835588,1.284610159,1.427225429
2.711491673,1.28460868,1.426882993
2.711147122,1.284607618,1.426539504
2.710801911,1.284606952,1.426194959
2.710456018,1.284606665,1.425849353
2.710109421,1.284606738,1.425502683
2.7097621,1.284607152,1.425154948
2.709414037,1.284607888,1.424806148
2.709065213,1.284608929,1.424456283
2.708715612,1.284610257,1.424105355
2.708365218,1.284611852,1.423753366
2.708014017,1.284613698,1.42340032
2.707661996,1.284615775,1.423046221
2.707309143,1.284618067,1.422691076
2.706955446,1.284620556,1.422334891
2.706600896,1.284623224,1.421977673
2.706245484,1.284626054,1.42161943
2.705889203,1.284629029,1.421260174
2.705532046,1.284632133,1.420899913
2.705174007,1.284635348,1.420538659
2.704815083,1.284638658,1.420176425
2.70445527,1.284642047,1.419813223
2.704094567,1.2846455,1.419449067
2.703732972,1.284649,1.419083973
2.703370486,1.284652531,1.418717955
2.703007109,1.28465608,1.418351029
2.702642845,1.284659631,1.417983214
2.702277695,1.284663169,1.417614526
2.701911665,1.28466668,1.417244986
2.70154476,1.28467015,1.41687461
2.701176986,1.284673565,1.416503421
2.700808351,1.284676912,1.416131438
2.700438862,1.284680179,1.415758683
2.700068529,1.284683351,1.415385178
2.699697362,1.284686417,1.415010945
2.699325372,1.284689364,1.414636007
2.698952571,1.284692182,1.414260389
2.698578972,1.284694857,1.413884114
2.698204588,1.28469738,1.413507208
2.697829434,1.28469974,1.413129695
2.697453526,1.284701926,1.412751601
2.69707688,1.284703928,1.412372952
2.696699511,1.284705736,1.411993775
2.69632144,1.284707342,1.411614097
2.695942682,1.284708736,1.411233946
2.695563259,1.28470991,1.410853348
2.695183189,1.284710856,1.410472333
2.694802493,1.284711566,1.410090927
2.694421193,1.284712032,1.409709161
2.69403931,1.284712247,1.409327063
2.693656866,1.284712205,1.408944661
2.693273885,1.284711899,1.408561986
2.69289039,1.284711324,1.408179066
2.692506406,1.284710473,1.407795932
2.692121956,1.284709343,1.407412613
2.691737066,1.284707927,1.407029139
2.691351762,1.284706221,1.40664554
2.690966069,1.284704222,1.406261847
2.690580014,1.284701925,1.405878089
2.690193624,1.284699328,1.405494296
2.689806925,1.284696427,1.405110499
2.689419947,1.28469322,1.404726727
2.689032715,1.284689704,1.404343012
2.688645259,1.284685878,1.403959382
2.688257607,1.284681739,1.403575868
2.687869788,1.284677288,1.4031925
2.68748183,1.284672523,1.402809307
2.687093763,1.284667444,1.402426319
2.686705615,1.284662049,1.402043566
2.686317417,1.284656341,1.401661076
2.685929198,1.284650319,1.401278879
2.685540987,1.284643983,1.400897003
2.685152814,1.284637337,1.400515478
2.68476471,1.284630379,1.40013433
2.684376703,1.284623114,1.399753589
2.683988825,1.284615542,1.399373283
2.683601103,1.284607666,1.398993437
2.68321357,1.284599489,1.39861408
2.682826254,1.284591015,1.398235239
2.682439184,1.284582245,1.397856939
2.682052392,1.284573184,1.397479207
2.681665905,1.284563837,1.397102068
2.681279754,1.284554206,1.396725548
2.680893967,1.284544296,1.396349671
2.680508575,1.284534112,1.395974462
2.680123604,1.28452366,1.395599944
2.679739085,1.284512944,1.395226142
2.679355045,1.284501969,1.394853077
2.678971513,1.284490741,1.394480772
2.678588517,1.284479267,1.39410925
2.678206083,1.284467551,1.393738532
2.67782424,1.284455602,1.393368639
2.677443014,1.284443424,1.392999591
2.677062432,1.284431025,1.392631408
2.67668252,1.284418411,1.392264109
2.676303304,1.284405591,1.391897714
2.67592481,1.28439257,1.39153224
2.675547062,1.284379357,1.391167705
2.675170084,1.284365959,1.390804126
2.674793903,1.284352383,1.390441519
2.67441854,1.284338639,1.390079901
2.674044019,1.284324733,1.389719287
2.673670364,1.284310674,1.38935969
2.673297596,1.28429647,1.389001127
2.672925738,1.284282129,1.388643608
2.67255481,1.284267661,1.388287149
2.672184834,1.284253074,1.38793176
2.671815829,1.284238376,1.387577454
2.671447816,1.284223576,1.38722424
2.671080813,1.284208683,1.38687213
2.67071484,1.284193707,1.386521134
2.670349914,1.284178655,1.386171259
2.669986053,1.284163538,1.385822515
2.669623273,1.284148364,1.385474909
2.669261592,1.284133143,1.385128449
2.668901024,1.284117884,1.38478314
2.668541585,1.284102595,1.384438989
2.668183288,1.284087287,1.384096002
2.667826149,1.284071968,1.383754181
2.667470181,1.284056649,1.383413532
2.667115395,1.284041337,1.383074058
2.666761803,1.284026043,1.382735761
2.666409419,1.284010775,1.382398643
2.666058251,1.283995544,1.382062706
2.66570831,1.283980358,1.381727952
2.665359605,1.283965226,1.381394379
2.665012145,1.283950158,1.381061987
2.664665939,1.283935163,1.380730777
2.664320994,1.283920249,1.380400745
2.663977317,1.283905426,1.38007189
2.663634913,1.283890703,1.37974421
2.663293789,1.283876089,1.3794177
2.662953949,1.283861592,1.379092357
2.662615398,1.283847222,1.378768177
2.66227814,1.283832986,1.378445154
2.661942177,1.283818893,1.378123284
2.661607512,1.283804952,1.377802559
2.661274146,1.283791172,1.377482974
2.660942081,1.28377756,1.377164521
2.660611317,1.283764124,1.376847193
2.660281855,1.283750873,1.376530982
2.659953693,1.283737815,1.376215878
2.65962683,1.283724956,1.375901874
2.659301265,1.283712306,1.375588959
2.658976994,1.283699871,1.375277123
2.658654015,1.283687658,1.374966357
2.658332324,1.283675676,1.374656648
2.658011917,1.28366393,1.374347987
2.657692789,1.283652429,1.37404036
2.657374934,1.283641178,1.373733757
2.657058348,1.283630184,1.373428164
2.656743023,1.283619454,1.373123569
2.656428952,1.283608994,1.372819958
2.656116128,1.283598809,1.372517319
2.655804543,1.283588907,1.372215636
2.655494189,1.283579293,1.371914896
2.655185056,1.283569972,1.371615084
2.654877135,1.283560949,1.371316185
2.654570416,1.283552231,1.371018185
2.654264889,1.283543821,1.370721067
2.653960542,1.283535726,1.370424817
2.653657366,1.283527948,1.370129417
2.653355347,1.283520494,1.369834853
2.653054474,1.283513367,1.369541107
2.652754734,1.283506571,1.369248163
2.652456114,1.28350011,1.368956004
2.652158601,1.283493988,1.368664614
2.651862182,1.283488208,1.368373974
2.651566842,1.283482774,1.368084068
2.651272567,1.283477688,1.367794879
2.650979343,1.283472955,1.367506388
2.650687153,1.283468575,1.367218578
2.650395984,1.283464552,1.366931432
2.650105819,1.283460888,1.366644931
2.649816643,1.283457586,1.366359058
2.64952844,1.283454646,1.366073794
2.649241192,1.283452071,1.365789121
2.648954884,1.283449863,1.365505021
2.648669499,1.283448022,1.365221477
2.648385019,1.283446549,1.36493847
2.648101428,1.283445446,1.364655982
2.647818708,1.283444714,1.364373994
2.647536841,1.283444352,1.36409249
2.64725581,1.283444361,1.363811449
2.646975597,1.283444741,1.363530856
2.646696183,1.283445492,1.363250692
2.646417552,1.283446614,1.362970938
2.646139684,1.283448106,1.362691577
2.645862561,1.283449968,1.362412592
2.645586165,1.283452199,1.362133965
2.645310477,1.283454798,1.361855679
2.645035479,1.283457763,1.361577716
2.644761152,1.283461094,1.361300059
2.644487479,1.283464788,1.361022691
2.644214439,1.283468844,1.360745595
2.643942016,1.283473261,1.360468755
2.643670189,1.283478035,1.360192154
2.643398942,1.283483166,1.359915776
2.643128254,1.283488649,1.359639605
2.642858109,1.283494484,1.359363625
2.642588486,1.283500666,1.35908782
2.642319369,1.283507194,1.358812175
2.64205074,1.283514064,1.358536675
2.641782579,1.283521273,1.358261305
2.641514869,1.283528818,1.357986051
2.641247592,1.283536695,1.357710897
2.640980731,1.283544901,1.35743583
2.640714268,1.283553432,1.357160836
2.640448185,1.283562284,1.356885901
2.640182466,1.283571452,1.356611013
2.639917092,1.283580934,1.356336158
2.639652048,1.283590725,1.356061324
2.639387317,1.283600819,1.355786498
2.639122882,1.283611214,1.355511668
2.638858727,1.283621904,1.355236823
2.638594836,1.283632884,1.354961952
2.638331193,1.28364415,1.354687042
2.638067782,1.283655697,1.354412084
2.637804588,1.28366752,1.354137068
2.637541597,1.283679614,1.353861983
2.637278793,1.283691974,1.35358682
2.637016162,1.283704593,1.353311568
2.636753689,1.283717468,1.353036221
2.636491361,1.283730593,1.352760768
2.636229164,1.283743961,1.352485202
2.635967084,1.283757569,1.352209515
2.635705109,1.283771409,1.3519337
2.635443226,1.283785477,1.351657749
2.635181421,1.283799766,1.351381655
2.634919684,1.283814272,1.351105413
2.634658003,1.283828987,1.350829016
2.634396365,1.283843907,1.350552458
2.63413476,1.283859024,1.350275735
2.633873176,1.283874335,1.349998842
2.633611605,1.283889831,1.349721773
2.633350034,1.283905509,1.349444526
2.633088456,1.28392136,1.349167095
2.632826859,1.28393738,1.348889479
2.632565236,1.283953563,1.348611673
2.632303577,1.283969901,1.348333675
2.632041874,1.28398639,1.348055484
2.631780119,1.284003023,1.347777096
2.631518305,1.284019794,1.347498511
2.631256424,1.284036698,1.347219727
2.63099447,1.284053727,1.346940743
2.630732435,1.284070876,1.346661559
2.630470314,1.284088139,1.346382175
2.630208101,1.28410551,1.346102591
2.629945791,1.284122983,1.345822808
2.629683378,1.284140552,1.345542826
2.629420858,1.284158211,1.345262647
2.629158226,1.284175954,1.344982272
2.628895478,1.284193775,1.344701703
2.628632612,1.284211669,1.344420943
2.628369623,1.284229629,1.344139994
2.628106508,1.28424765,1.343858858
2.627843266,1.284265727,1.34357754
2.627579894,1.284283853,1.343296041
2.62731639,1.284302023,1.343014368
2.627052753,1.284320231,1.342732522
2.626788981,1.284338472,1.342450509
2.626525074,1.284356741,1.342168333
2.626261032,1.284375032,1.341886
2.625996853,1.28439334,1.341603513
2.62573254,1.28441166,1.34132088
2.625468091,1.284429986,1.341038105
2.625203507,1.284448313,1.340755194
2.624938791,1.284466638,1.340472154
2.624673944,1.284484953,1.34018899
2.624408966,1.284503256,1.339905711
2.624143861,1.28452154,1.339622321
2.623878631,1.284539802,1.33933883
2.623613279,1.284558036,1.339055243
2.623347807,1.284576239,1.338771568
2.623082219,1.284594406,1.338487814
2.622816519,1.284612532,1.338203987
2.622550709,1.284630613,1.337920096
2.622284796,1.284648646,1.337636149
2.622018781,1.284666626,1.337352155
2.621752672,1.28468455,1.337068122
2.621486471,1.284702412,1.336784059
2.621220185,1.284720211,1.336499974
2.620953818,1.284737941,1.336215877
2.620687377,1.284755601,1.335931776
2.620420866,1.284773185,1.335647681
2.620154293,1.284790691,1.335363602
2.619887663,1.284808116,1.335079547
2.619620983,1.284825456,1.334795526
2.619354259,1.284842709,1.334511549
2.619087498,1.284859872,1.334227626
2.618820707,1.284876942,1.333943766
2.618553894,1.284893915,1.333659978
2.618287065,1.284910791,1.333376274
2.618020228,1.284927565,1.333092663
2.617753391,1.284944237,1.332809154
2.617486561,1.284960803,1.332525758
2.617219747,1.284977262,1.332242486
2.616952957,1.284993611,1.331959346
2.616686198,1.285009848,1.33167635
2.616419479,1.285025972,1.331393506
2.616152808,1.285041982,1.331110826
2.615886194,1.285057875,1.330828319
2.615619646,1.28507365,1.330545996
2.615353172,1.285089305,1.330263866
2.61508678,1.28510484,1.32998194
2.61482048,1.285120253,1.329700227
2.614554281,1.285135543,1.329418738
2.614288192,1.28515071,1.329137482
2.614022221,1.285165751,1.32885647
2.613756378,1.285180668,1.32857571
2.613490671,1.285195458,1.328295213
2.61322511,1.285210122,1.328014988
2.612959704,1.285224659,1.327735045
2.612694463,1.285239069,1.327455393
2.612429394,1.285253351,1.327176043
2.612164508,1.285267506,1.326897002
2.611899813,1.285281533,1.32661828
2.611635319,1.285295432,1.326339887
2.611371035,1.285309204,1.326061831
2.611106969,1.285322849,1.325784121
2.610843132,1.285336367,1.325506765
2.610579531,1.285349758,1.325229773
2.610316177,1.285363023,1.324953153
2.610053077,1.285376164,1.324676913
2.609790241,1.285389179,1.324401062
2.609527678,1.285402071,1.324125607
2.609265395,1.28541484,1.323850556
2.609003403,1.285427487,1.323575916
2.608741709,1.285440012,1.323301697
2.608480322,1.285452418,1.323027904
2.608219251,1.285464706,1.322754545
2.607958503,1.285476875,1.322481627
2.607698087,1.285488929,1.322209158
2.607438011,1.285500868,1.321937143
2.607178283,1.285512693,1.321665589
2.606918911,1.285524407,1.321394503
2.606659902,1.285536011,1.321123891
2.606401264,1.285547507,1.320853758
2.606143006,1.285558895,1.32058411
2.605885133,1.285570179,1.320314954
2.605627653,1.285581359,1.320046294
2.605370574,1.285592439,1.319778135
2.605113902,1.285603419,1.319510483
2.604857644,1.285614301,1.319243342
2.604601806,1.285625089,1.318976717
2.604346396,1.285635783,1.318710612
2.604091419,1.285646387,1.318445032
2.603836881,1.285656902,1.318179979
2.603582789,1.28566733,1.317915459
2.603329148,1.285677674,1.317651474
2.603075964,1.285687936,1.317388027
2.602823242,1.285698118,1.317125123
2.602570987,1.285708224,1.316862763
2.602319205,1.285718254,1.316600951
2.602067901,1.285728212,1.316339689
2.601817079,1.2857381,1.316078979
2.601566744,1.285747921,1.315818822
2.601316899,1.285757677,1.315559222
2.60106755,1.285767371,1.31530018
2.6008187,1.285777004,1.315041696
2.600570353,1.285786581,1.314783772
2.600322513,1.285796103,1.31452641
2.600075182,1.285805573,1.314269609
2.599828364,1.285814994,1.31401337
2.599582062,1.285824367,1.313757695
2.599336279,1.285833697,1.313502582
2.599091017,1.285842985,1.313248032
2.598846279,1.285852235,1.312994045
2.598602067,1.285861448,1.312740619
2.598358382,1.285870627,1.312487755
2.598115227,1.285879776,1.312235451
2.597872603,1.285888896,1.311983707
2.597630512,1.285897991,1.311732521
2.597388954,1.285907062,1.311481892
2.597147932,1.285916114,1.311231818
2.596907444,1.285925147,1.310982297
2.596667492,1.285934165,1.310733327
2.596428077,1.285943171,1.310484907
2.596189199,1.285952166,1.310237033
2.595950857,1.285961154,1.309989703
2.595713051,1.285970137,1.309742915
2.595475782,1.285979117,1.309496665
2.595239048,1.285988097,1.309250951
2.595002849,1.28599708,1.309005769
2.594767183,1.286006067,1.308761115
2.59453205,1.286015062,1.308516988
2.594297448,1.286024067,1.308273382
2.594063376,1.286033083,1.308030293
2.593829832,1.286042113,1.307787719
2.593596815,1.28605116,1.307545654
2.593364321,1.286060226,1.307304095
2.59313235,1.286069313,1.307063037
2.592900899,1.286078423,1.306822475
2.592669964,1.286087558,1.306582406
2.592439545,1.286096721,1.306342823
2.592209636,1.286105913,1.306103723
2.591980237,1.286115137,1.3058651
2.591751343,1.286124394,1.305626949
2.591522951,1.286133686,1.305389265
2.591295058,1.286143016,1.305152042
2.591067661,1.286152385,1.304915276
2.590840754,1.286161795,1.30467896
2.590614335,1.286171247,1.304443089
2.5903884,1.286180743,1.304207657
2.590162945,1.286190286,1.303972659
2.589937964,1.286199876,1.303738088
2.589713454,1.286209515,1.303503939
2.589489411,1.286219205,1.303270205
2.589265829,1.286228947,1.303036882
2.589042704,1.286238743,1.302803961
2.588820031,1.286248593,1.302571438
2.588597806,1.2862585,1.302339306
2.588376022,1.286268463,1.302107559
2.588154676,1.286278486,1.30187619
2.587933761,1.286288568,1.301645193
2.587713272,1.28629871,1.301414562
2.587493205,1.286308915,1.30118429
2.587273553,1.286319182,1.300954371
2.587054311,1.286329513,1.300724798
2.586835474,1.286339908,1.300495565
2.586617035,1.286350369,1.300266666
2.586398989,1.286360896,1.300038093
2.58618133,1.286371489,1.29980984
2.585964052,1.28638215,1.299581902
2.585747149,1.286392879,1.29935427
2.585530616,1.286403676,1.299126939
2.585314445,1.286414543,1.298899903
2.585098632,1.286425478,1.298673154
2.58488317,1.286436483,1.298446686
2.584668053,1.286447559,1.298220494
2.584453274,1.286458704,1.29799457
2.584238828,1.28646992,1.297768908
2.584024708,1.286481207,1.297543502
2.583810908,1.286492564,1.297318345
2.583597423,1.286503992,1.297093431
2.583384244,1.28651549,1.296868755
2.583171368,1.286527059,1.296644309
2.582958786,1.286538698,1.296420088
2.582746493,1.286550408,1.296196085
2.582534483,1.286562188,1.295972295
2.582322749,1.286574037,1.295748712
2.582111285,1.286585955,1.29552533
2.581900086,1.286597943,1.295302143
2.581689144,1.286609999,1.295079145
2.581478454,1.286622123,1.294856331
2.58126801,1.286634315,1.294633694
2.581057805,1.286646574,1.294411231
2.580847833,1.286658899,1.294188935
2.580638089,1.286671289,1.2939668
2.580428567,1.286683744,1.293744822
2.58021926,1.286696264,1.293522996
2.580010162,1.286708846,1.293301316
2.579801269,1.286721492,1.293079778
2.579592574,1.286734198,1.292858376
2.579384071,1.286746966,1.292637106
2.579175756,1.286759792,1.292415963
2.578967621,1.286772678,1.292194943
2.578759662,1.286785621,1.291974041
2.578551874,1.28679862,1.291753253
2.57834425,1.286811675,1.291532575
2.578136786,1.286824784,1.291312003
2.577929477,1.286837946,1.291091531
2.577722317,1.286851159,1.290871158
2.577515301,1.286864423,1.290650879
2.577308425,1.286877736,1.290430689
2.577101683,1.286891097,1.290210587
2.576895071,1.286904504,1.289990567
2.576688584,1.286917956,1.289770628
2.576482218,1.286931452,1.289550766
2.576275967,1.28694499,1.289330977
2.576069828,1.286958568,1.28911126
2.575863796,1.286972186,1.28889161
2.575657867,1.286985842,1.288672026
2.575452037,1.286999533,1.288452504
2.575246302,1.287013259,1.288233043
2.575040659,1.287027019,1.28801364
2.574835102,1.287040809,1.287794293
2.574629629,1.287054629,1.287575
2.574424237,1.287068478,1.287355759
2.574218921,1.287082353,1.287136568
2.574013678,1.287096252,1.286917425
2.573808505,1.287110175,1.28669833
2.573603399,1.28712412,1.28647928
2.573398358,1.287138084,1.286260274
2.573193377,1.287152066,1.286041311
2.572988454,1.287166064,1.285822391
2.572783588,1.287180077,1.285603511
2.572578774,1.287194102,1.285384672
2.572374011,1.287208139,1.285165872
2.572169297,1.287222185,1.284947112
2.571964629,1.287236239,1.28472839
2.571760005,1.287250299,1.284509706
2.571555423,1.287264362,1.284291061
2.571350882,1.287278428,1.284072454
2.571146379,1.287292495,1.283853884
2.570941914,1.28730656,1.283635354
2.570737484,1.287320623,1.283416861
2.570533089,1.287334681,1.283198408
2.570328726,1.287348732,1.282979994
2.570124396,1.287362775,1.28276162
2.569920096,1.287376809,1.282543287
2.569715827,1.287390831,1.282324996
2.569511586,1.287404839,1.282106747
2.569307375,1.287418833,1.281888542
2.569103191,1.287432809,1.281670382
2.568899035,1.287446768,1.281452267
2.568694906,1.287460706,1.2812342
2.568490805,1.287474623,1.281016182
2.56828673,1.287488516,1.280798214
2.568082682,1.287502385,1.280580297
2.567878661,1.287516227,1.280362435
2.567674668,1.28753004,1.280144628
2.567470702,1.287543824,1.279926878
2.567266764,1.287557577,1.279709187
2.567062855,1.287571297,1.279491558
2.566858975,1.287584982,1.279273993
2.566655125,1.287598632,1.279056493
2.566451305,1.287612244,1.278839061
2.566247517,1.287625818,1.278621699
2.566043762,1.287639351,1.278404411
2.56584004,1.287652843,1.278187197
2.565636353,1.287666291,1.277970062
2.565432703,1.287679696,1.277753007
2.56522909,1.287693054,1.277536035
2.565025516,1.287706366,1.27731915
2.564821982,1.287719629,1.277102353
2.564618491,1.287732843,1.276885648
2.564415044,1.287746006,1.276669037
2.564211642,1.287759117,1.276452525
2.564008288,1.287772175,1.276236112
2.563804983,1.287785179,1.276019804
2.563601729,1.287798127,1.275803602
2.563398529,1.287811019,1.27558751
2.563195385,1.287823853,1.275371532
2.562992298,1.287836628,1.27515567
2.562789271,1.287849344,1.274939927
2.562586307,1.287862,1.274724307
2.562383407,1.287874594,1.274508814
2.562180575,1.287887125,1.27429345
2.561977812,1.287899593,1.274078219
2.561775122,1.287911998,1.273863124
2.561572506,1.287924337,1.273648169
2.561369967,1.287936611,1.273433357
2.561167509,1.287948818,1.273218691
2.560965133,1.287960958,1.273004176
2.560762844,1.28797303,1.272789813
2.560560642,1.287985034,1.272575608
2.560358531,1.287996969,1.272361563
2.560156515,1.288008834,1.272147681
2.559954596,1.288020629,1.271933967
2.559752776,1.288032353,1.271720423
2.559551059,1.288044006,1.271507053
2.559349449,1.288055588,1.271293861
2.559147946,1.288067097,1.271080849
2.558946556,1.288078534,1.270868022
2.558745281,1.288089899,1.270655382
2.558544123,1.28810119,1.270442933
2.558343087,1.288112408,1.270230679
2.558142174,1.288123553,1.270018622
2.557941389,1.288134623,1.269806766
2.557740734,1.28814562,1.269595114
2.557540212,1.288156542,1.269383669
2.557339826,1.288167391,1.269172436
2.55713958,1.288178165,1.268961416
2.556939477,1.288188864,1.268750613
2.556739519,1.288199489,1.26854003
2.55653971,1.28821004,1.26832967
2.556340052,1.288220516,1.268119536
2.55614055,1.288230919,1.267909631
2.555941205,1.288241247,1.267699958
2.555742021,1.288251501,1.26749052
2.555543001,1.288261681,1.26728132
2.555344148,1.288271787,1.267072361
2.555145465,1.28828182,1.266863645
2.554946954,1.288291779,1.266655175
2.554748619,1.288301666,1.266446953
2.554550463,1.28831148,1.266238983
2.554352488,1.288321222,1.266031266
2.554154698,1.288330892,1.265823806
2.553957094,1.28834049,1.265616605
2.553759681,1.288350017,1.265409664
2.55356246,1.288359473,1.265202987
2.553365434,1.288368859,1.264996575
2.553168606,1.288378175,1.264790431
2.552971979,1.288387422,1.264584557
2.552775555,1.2883966,1.264378954
2.552579336,1.28840571,1.264173626
2.552383325,1.288414753,1.263968573
2.552187525,1.288423728,1.263763797
2.551991938,1.288432637,1.263559301
2.551796566,1.28844148,1.263355086
2.551601412,1.288450258,1.263151154
2.551406478,1.288458972,1.262947506
2.551211765,1.288467622,1.262744143
2.551017277,1.288476209,1.262541068
2.550823014,1.288484734,1.262338281
2.55062898,1.288493197,1.262135784
2.550435177,1.288501599,1.261933577
2.550241605,1.288509942,1.261731663
2.550048267,1.288518225,1.261530042
2.549855165,1.28852645,1.261328714
2.5496623,1.288534618,1.261127682
2.549469675,1.288542729,1.260926946
2.54927729,1.288550784,1.260726506
2.549085147,1.288558784,1.260526363
2.548893248,1.288566731,1.260326518
2.548701595,1.288574624,1.260126971
2.548510188,1.288582465,1.259927723
2.548319028,1.288590254,1.259728774
2.548128118,1.288597993,1.259530125
2.547937458,1.288605683,1.259331775
2.547747049,1.288613324,1.259133725
2.547556892,1.288620918,1.258935974
2.547366989,1.288628465,1.258738524
2.54717734,1.288635966,1.258541374
2.546987946,1.288643423,1.258344523
2.546798808,1.288650836,1.258147971
2.546609926,1.288658206,1.257951719
2.546421301,1.288665535,1.257755766
2.546232933,1.288672823,1.257560111
2.546044824,1.288680071,1.257364753
2.545856973,1.28868728,1.257169694
2.545669381,1.288694451,1.25697493
2.545482049,1.288701586,1.256780463
2.545294975,1.288708684,1.256586291
2.545108161,1.288715748,1.256392413
2.544921607,1.288722778,1.256198829
2.544735313,1.288729775,1.256005537
2.544549278,1.28873674,1.255812537
2.544363502,1.288743675,1.255619827
2.544177986,1.288750579,1.255427407
2.543992729,1.288757455,1.255235274
2.54380773,1.288764302,1.255043428
2.54362299,1.288771122,1.254851868
2.543438508,1.288777917,1.254660592
2.543254284,1.288784686,1.254469598
2.543070316,1.288791431,1.254278885
2.542886605,1.288798153,1.254088452
2.542703149,1.288804852,1.253898297
2.542519949,1.288811531,1.253708418
2.542337002,1.288818188,1.253518814
2.542154309,1.288824826,1.253329482
2.541971868,1.288831446,1.253140422
2.541789678,1.288838048,1.252951631
2.541607739,1.288844632,1.252763107
2.541426049,1.288851201,1.252574848
2.541244608,1.288857755,1.252386853
2.541063413,1.288864294,1.252199119
2.540882464,1.28887082,1.252011645
2.54070176,1.288877333,1.251824427
2.540521299,1.288883834,1.251637465
2.54034108,1.288890324,1.251450756
2.540161101,1.288896804,1.251264297
2.539981361,1.288903274,1.251078087
2.539801859,1.288909735,1.250892124
2.539622592,1.288916188,1.250706404
2.53944356,1.288922634,1.250520926
2.53926476,1.288929073,1.250335687
2.539086192,1.288935506,1.250150685
2.538907852,1.288941934,1.249965918
2.53872974,1.288948357,1.249781383
2.538551854,1.288954776,1.249597078
2.538374192,1.288961192,1.249412999
2.538196751,1.288967605,1.249229146
2.538019531,1.288974016,1.249045515
2.537842529,1.288980425,1.248862104
2.537665743,1.288986833,1.24867891
2.537489172,1.288993241,1.248495931
2.537312813,1.288999648,1.248313165
2.537136664,1.289006056,1.248130608
2.536960723,1.289012465,1.247948258
2.536784989,1.289018876,1.247766113
2.536609458,1.289025288,1.24758417
2.536434129,1.289031703,1.247402427
2.536259,1.28903812,1.247220881
2.536084069,1.28904454,1.247039529
2.535909333,1.289050964,1.246858369
2.53573479,1.289057392,1.246677398
2.535560439,1.289063824,1.246496615
2.535386276,1.28907026,1.246316016
2.535212299,1.289076701,1.246135598
2.535038507,1.289083147,1.24595536
2.534864898,1.289089599,1.245775299
2.534691467,1.289096056,1.245595412
2.534518215,1.289102518,1.245415697
2.534345138,1.289108987,1.245236151
2.534172234,1.289115462,1.245056772
2.533999501,1.289121943,1.244877558
2.533826936,1.289128431,1.244698505
2.533654538,1.289134925,1.244519613
2.533482303,1.289141426,1.244340878
2.533310231,1.289147933,1.244162298
2.533138318,1.289154448,1.24398387
2.532966562,1.289160969,1.243805593
2.532794962,1.289167497,1.243627464
2.532623514,1.289174033,1.243449481
2.532452216,1.289180575,1.243271642
2.532281068,1.289187124,1.243093944
2.532110065,1.28919368,1.242916385
2.531939206,1.289200242,1.242738964
2.531768489,1.289206812,1.242561677
2.531597912,1.289213388,1.242384524
2.531427473,1.289219971,1.242207502
2.531257169,1.28922656,1.242030609
2.531086998,1.289233156,1.241853842
2.530916959,1.289239757,1.241677201
2.530747048,1.289246365,1.241500683
2.530577265,1.289252978,1.241324287
2.530407607,1.289259597,1.24114801
2.530238073,1.289266222,1.240971851
2.530068659,1.289272851,1.240795808
2.529899365,1.289279485,1.24061988
2.529730188,1.289286124,1.240444064
2.529561127,1.289292768,1.240268359
2.52939218,1.289299415,1.240092764
2.529223344,1.289306066,1.239917277
2.529054618,1.289312721,1.239741897
2.528886001,1.289319379,1.239566622
2.52871749,1.289326039,1.239391451
2.528549084,1.289332702,1.239216382
2.528380781,1.289339367,1.239041414
2.52821258,1.289346034,1.238866546
2.528044479,1.289352702,1.238691777
2.527876476,1.289359371,1.238517105
2.52770857,1.28936604,1.238342529
2.527540759,1.28937271,1.238168049
2.527373042,1.289379379,1.237993664
2.527205418,1.289386047,1.237819371
2.527037885,1.289392714,1.237645171
2.526870442,1.28939938,1.237471063
2.526703088,1.289406043,1.237297045
2.52653582,1.289412703,1.237123117
2.526368639,1.289419361,1.236949278
2.526201543,1.289426014,1.236775528
2.52603453,1.289432664,1.236601866
2.5258676,1.289439309,1.236428291
2.525700751,1.289445949,1.236254802
2.525533983,1.289452583,1.2360814
2.525367295,1.289459212,1.235908083
2.525200685,1.289465833,1.235734852
2.525034153,1.289472447,1.235561706
2.524867698,1.289479054,1.235388644
2.524701319,1.289485652,1.235215667
2.524535015,1.289492242,1.235042774
2.524368786,1.289498822,1.234869965
2.524202631,1.289505392,1.234697239
2.524036549,1.289511951,1.234524598
2.52387054,1.2895185,1.23435204
2.523704603,1.289525037,1.234179566
2.523538738,1.289531562,1.234007175
2.523372943,1.289538074,1.233834869
2.52320722,1.289544573,1.233662646
2.523041566,1.289551059,1.233490508
2.522875983,1.28955753,1.233318454
2.52271047,1.289563986,1.233146484
2.522545025,1.289570426,1.232974599
2.52237965,1.289576851,1.2328028
2.522214344,1.289583259,1.232631086
2.522049107,1.289589649,1.232459458
2.521883939,1.289596022,1.232287916
2.521718839,1.289602377,1.232116462
2.521553808,1.289608713,1.231945095
2.521388846,1.28961503,1.231773816
2.521223952,1.289621327,1.231602625
2.521059128,1.289627604,1.231431524
2.520894372,1.289633859,1.231260512
2.520729685,1.289640094,1.231089592
2.520565068,1.289646306,1.230918762
2.52040052,1.289652495,1.230748025
2.520236042,1.289658662,1.23057738
2.520071635,1.289664805,1.230406829
2.519907298,1.289670925,1.230236373
2.519743031,1.289677019,1.230066012
2.519578836,1.289683089,1.229895747
2.519414713,1.289689134,1.22972558
2.519250662,1.289695152,1.22955551
2.519086684,1.289701144,1.22938554
2.518922779,1.289707109,1.22921567
2.518758948,1.289713047,1.229045901
2.518595192,1.289718957,1.228876235
2.51843151,1.289724839,1.228706672
2.518267905,1.289730692,1.228537213
2.518104376,1.289736516,1.228367859
2.517940924,1.289742311,1.228198612
2.517777549,1.289748076,1.228029473
2.517614254,1.289753811,1.227860443
2.517451038,1.289759515,1.227691523
2.517287902,1.289765188,1.227522714
2.517124848,1.28977083,1.227354018
2.516961875,1.28977644,1.227185435
2.516798986,1.289782018,1.227016968
2.51663618,1.289787564,1.226848616
2.516473458,1.289793077,1.226680382
2.516310823,1.289798557,1.226512266
2.516148274,1.289804003,1.226344271
2.515985812,1.289809416,1.226176396
2.515823439,1.289814795,1.226008644
2.515661156,1.28982014,1.225841016
2.515498964,1.289825451,1.225673513
2.515336863,1.289830727,1.225506136
2.515174854,1.289835968,1.225338886
2.51501294,1.289841174,1.225171766
2.51485112,1.289846345,1.225004776
2.514689396,1.28985148,1.224837917
2.51452777,1.289856579,1.224671191
2.514366241,1.289861643,1.224504599
2.514204812,1.28986667,1.224338142
2.514043483,1.289871661,1.224171822
2.513882256,1.289876616,1.22400564
2.513721131,1.289881535,1.223839597
2.513560111,1.289886417,1.223673694
2.513399195,1.289891262,1.223507933
2.513238385,1.28989607,1.223342315
2.513077683,1.289900842,1.223176841
2.512917089,1.289905576,1.223011512
2.512756604,1.289910274,1.22284633
2.51259623,1.289914934,1.222681296
2.512435969,1.289919558,1.222516411
2.51227582,1.289924144,1.222351676
2.512115785,1.289928693,1.222187092
2.511955866,1.289933205,1.222022661
2.511796064,1.28993768,1.221858383
2.511636378,1.289942118,1.22169426
2.511476812,1.289946519,1.221530293
2.511317366,1.289950883,1.221366483
2.511158041,1.28995521,1.221202831
2.510998837,1.2899595,1.221039338
2.510839757,1.289963753,1.220876004
2.510680802,1.289967969,1.220712832
2.510521972,1.289972149,1.220549822
2.510363268,1.289976293,1.220386975
2.510204692,1.2899804,1.220224292
2.510046245,1.28998447,1.220061774
2.509887927,1.289988505,1.219899422
2.50972974,1.289992503,1.219737236
2.509571685,1.289996466,1.219575218
2.509413762,1.290000394,1.219413368
2.509255973,1.290004285,1.219251688
2.509098319,1.290008142,1.219090177
2.508940801,1.290011964,1.218928837
2.508783419,1.29001575,1.218767668
2.508626174,1.290019502,1.218606672
2.508469068,1.29002322,1.218445848
2.508312102,1.290026904,1.218285198
2.508155275,1.290030553,1.218124722
2.50799859,1.290034169,1.21796442
2.507842046,1.290037752,1.217804294
2.507685645,1.290041302,1.217644343
2.507529388,1.290044819,1.217484569
2.507373274,1.290048303,1.217324972
2.507217306,1.290051755,1.217165551
2.507061484,1.290055175,1.217006309
2.506905807,1.290058563,1.216847244
2.506750278,1.290061921,1.216688357
2.506594897,1.290065247,1.21652965
2.506439664,1.290068542,1.216371121
2.506284579,1.290071808,1.216212772
2.506129645,1.290075043,1.216054602
2.50597486,1.290078248,1.215896612
2.505820227,1.290081425,1.215738802
2.505665744,1.290084572,1.215581172
2.505511413,1.290087691,1.215423722
2.505357234,1.290090782,1.215266452
2.505203208,1.290093845,1.215109363
2.505049334,1.29009688,1.214952454
2.504895614,1.290099889,1.214795726
2.504742048,1.29010287,1.214639178
2.504588636,1.290105826,1.21448281
2.504435378,1.290108755,1.214326623
2.504282275,1.29011166,1.214170615
2.504129326,1.290114539,1.214014788
2.503976533,1.290117393,1.21385914
2.503823895,1.290120223,1.213703672
2.503671413,1.290123029,1.213548384
2.503519086,1.290125812,1.213393274
2.503366915,1.290128572,1.213238344
2.5032149,1.290131309,1.213083592
2.503063041,1.290134023,1.212929018
2.502911338,1.290136716,1.212774621
2.502759791,1.290139388,1.212620403
2.5026084,1.290142039,1.212466361
2.502457165,1.290144669,1.212312496
2.502306085,1.290147279,1.212158807
2.502155162,1.290149869,1.212005293
2.502004395,1.29015244,1.211851955
2.501853783,1.290154992,1.211698791
2.501703326,1.290157526,1.2115458
2.501553025,1.290160041,1.211392984
2.501402878,1.290162539,1.211240339
2.501252887,1.290165019,1.211087867
2.50110305,1.290167483,1.210935567
2.500953367,1.290169931,1.210783436
2.500803838,1.290172362,1.210631476
2.500654463,1.290174778,1.210479685
2.500505241,1.290177178,1.210328063
2.500356172,1.290179564,1.210176608
2.500207256,1.290181936,1.21002532
2.500058491,1.290184293,1.209874198
2.499909878,1.290186637,1.209723242
2.499761417,1.290188967,1.209572449
2.499613106,1.290191285,1.20942182
2.499464945,1.29019359,1.209271354
2.499316933,1.290195884,1.20912105
2.499169071,1.290198165,1.208970906
2.499021357,1.290200435,1.208820922
2.498873792,1.290202694,1.208671097
2.498726373,1.290204943,1.20852143
2.498579101,1.290207181,1.20837192
2.498431975,1.29020941,1.208222565
2.498284994,1.290211628,1.208073366
2.498138159,1.290213838,1.20792432
2.497991467,1.290216039,1.207775428
2.497844918,1.290218231,1.207626687
2.497698512,1.290220415,1.207478097
2.497552247,1.290222591,1.207329656
2.497406124,1.290224759,1.207181365
2.49726014,1.29022692,1.20703322
2.497114297,1.290229074,1.206885223
2.496968591,1.290231221,1.20673737
2.496823024,1.290233362,1.206589662
2.496677593,1.290235497,1.206442097
2.496532299,1.290237625,1.206294674
2.49638714,1.290239749,1.206147391
2.496242115,1.290241866,1.206000249
2.496097224,1.290243979,1.205853245
2.495952466,1.290246087,1.205706379
2.495807839,1.29024819,1.205559649
2.495663343,1.290250289,1.205413054
2.495518977,1.290252384,1.205266593
2.49537474,1.290254474,1.205120266
2.495230631,1.290256561,1.20497407
2.495086649,1.290258645,1.204828005
2.494942794,1.290260725,1.204682069
2.494799063,1.290262802,1.204536262
2.494655457,1.290264875,1.204390582
2.494511975,1.290266947,1.204245028
2.494368614,1.290269015,1.204099599
2.494225375,1.290271081,1.203954294
2.494082257,1.290273144,1.203809112
2.493939258,1.290275206,1.203664052
2.493796377,1.290277265,1.203519112
2.493653614,1.290279323,1.203374291
2.493510967,1.290281378,1.203229589
2.493368437,1.290283432,1.203085005
2.49322602,1.290285484,1.202940536
2.493083717,1.290287535,1.202796183
2.492941527,1.290289584,1.202651943
2.492799449,1.290291632,1.202507817
2.492657481,1.290293678,1.202363803
2.492515623,1.290295724,1.2022199
2.492373874,1.290297768,1.202076106
2.492232233,1.290299811,1.201932422
2.492090698,1.290301853,1.201788845
2.49194927,1.290303894,1.201645376
2.491807946,1.290305934,1.201502012
2.491666726,1.290307973,1.201358754
2.49152561,1.29031001,1.201215599
2.491384595,1.290312047,1.201072548
2.491243682,1.290314083,1.200929599
2.491102869,1.290316118,1.200786751
2.490962156,1.290318152,1.200644004
2.490821541,1.290320185,1.200501356
2.490681024,1.290322216,1.200358808
2.490540604,1.290324247,1.200216357
2.490400279,1.290326276,1.200074003
2.490260049,1.290328305,1.199931745
2.490119914,1.290330332,1.199789583
2.489979872,1.290332357,1.199647515
2.489839923,1.290334381,1.199505541
2.489700065,1.290336404,1.199363661
2.489560298,1.290338425,1.199221873
2.489420621,1.290340444,1.199080177
2.489281034,1.290342462,1.198938572
2.489141535,1.290344478,1.198797057
2.489002124,1.290346491,1.198655633
2.4888628,1.290348503,1.198514297
2.488723562,1.290350512,1.19837305
2.48858441,1.290352519,1.198231891
2.488445343,1.290354524,1.19809082
2.488306361,1.290356526,1.197949835
2.488167461,1.290358525,1.197808936
2.488028645,1.290360521,1.197668124
2.487889911,1.290362514,1.197527397
2.487751259,1.290364504,1.197386755
2.487612688,1.290366491,1.197246197
2.487474197,1.290368474,1.197105723
2.487335786,1.290370453,1.196965333
2.487197455,1.290372429,1.196825026
2.487059202,1.2903744,1.196684802
2.486921028,1.290376368,1.19654466
2.486782931,1.29037833,1.196404601
2.486644912,1.290380289,1.196264624
2.48650697,1.290382242,1.196124728
2.486369104,1.29038419,1.195984913
2.486231314,1.290386134,1.19584518
2.486093599,1.290388071,1.195705528
2.485955959,1.290390003,1.195565956
2.485818395,1.29039193,1.195426465
2.485680904,1.29039385,1.195287054
2.485543488,1.290395764,1.195147723
2.485406145,1.290397672,1.195008473
2.485268876,1.290399573,1.194869302
2.485131679,1.290401467,1.194730212
2.484994556,1.290403355,1.194591201
2.484857504,1.290405234,1.19445227
2.484720526,1.290407107,1.194313419
2.484583619,1.290408971,1.194174648
2.484446784,1.290410828,1.194035956
2.48431002,1.290412676,1.193897344
2.484173329,1.290414516,1.193758812
2.484036708,1.290416347,1.193620361
2.483900158,1.29041817,1.193481989
2.48376368,1.290419983,1.193343697
2.483627273,1.290421787,1.193205486
2.483490936,1.290423582,1.193067355
2.48335467,1.290425366,1.192929304
2.483218475,1.290427141,1.192791334
2.483082351,1.290428905,1.192653445
2.482946297,1.290430659,1.192515638
2.482810314,1.290432403,1.192377911
2.482674402,1.290434135,1.192240267
2.48253856,1.290435856,1.192102704
2.482402789,1.290437566,1.191965223
2.482267089,1.290439264,1.191827824
2.482131459,1.290440951,1.191690509
2.481995901,1.290442625,1.191553276
2.481860414,1.290444288,1.191416126
2.481724998,1.290445938,1.19127906
2.481589653,1.290447575,1.191142078
2.48145438,1.290449199,1.191005181
2.481319178,1.290450811,1.190868368
2.481184049,1.290452409,1.19073164
2.481048991,1.290453993,1.190594998
2.480914005,1.290455564,1.190458441
2.480779092,1.290457121,1.190321971
2.480644252,1.290458664,1.190185588
2.480509484,1.290460193,1.190049291
2.48037479,1.290461707,1.189913083
2.480240169,1.290463207,1.189776962
2.480105622,1.290464692,1.18964093
2.479971149,1.290466162,1.189504987
2.47983675,1.290467616,1.189369133
2.479702425,1.290469056,1.18923337
2.479568176,1.290470479,1.189097696
2.479434002,1.290471888,1.188962114
2.479299903,1.29047328,1.188826623
2.479165881,1.290474656,1.188691224
2.479031935,1.290476017,1.188555918
2.478898065,1.290477361,1.188420704
2.478764273,1.290478688,1.188285584
2.478630558,1.290479999,1.188150559
2.47849692,1.290481293,1.188015627
2.478363361,1.290482571,1.187880791
2.478229881,1.290483831,1.18774605
2.47809648,1.290485074,1.187611406
2.477963158,1.290486301,1.187476858
2.477829917,1.290487509,1.187342407
2.477696755,1.290488701,1.187208054
2.477563675,1.290489875,1.1870738
2.477430675,1.290491031,1.186939644
2.477297757,1.290492169,1.186805588
2.477164922,1.29049329,1.186671632
2.477032169,1.290494393,1.186537776
2.476899499,1.290495478,1.186404021
2.476766913,1.290496544,1.186270368
2.47663441,1.290497593,1.186136817
2.476501992,1.290498623,1.186003369
2.476369659,1.290499635,1.185870024
2.476237411,1.290500629,1.185736782
2.47610525,1.290501605,1.185603645
2.475973174,1.290502562,1.185470612
2.475841185,1.2905035,1.185337685
2.475709284,1.29050442,1.185204863
2.47557747,1.290505322,1.185072148
2.475445745,1.290506205,1.18493954
2.475314108,1.29050707,1.184807038
2.47518256,1.290507916,1.184674645
2.475051103,1.290508743,1.184542359
2.474919735,1.290509552,1.184410183
2.474788457,1.290510342,1.184278115
2.474657271,1.290511114,1.184146158
2.474526177,1.290511867,1.18401431
2.474395174,1.290512601,1.183882573
2.474264263,1.290513317,1.183750946
2.474133446,1.290514015,1.183619431
2.474002722,1.290514694,1.183488028
2.473872091,1.290515354,1.183356737
2.473741555,1.290515996,1.183225559
2.473611114,1.29051662,1.183094493
2.473480767,1.290517226,1.182963541
2.473350516,1.290517813,1.182832703
2.473220361,1.290518382,1.182701979
2.473090302,1.290518933,1.182571369
2.47296034,1.290519466,1.182440874
2.472830474,1.29051998,1.182310494
2.472700707,1.290520477,1.18218023
2.472571037,1.290520956,1.182050081
2.472441465,1.290521418,1.181920048
2.472311993,1.290521861,1.181790131
2.472182619,1.290522287,1.181660331
2.472053344,1.290522696,1.181530648
2.471924169,1.290523087,1.181401082
2.471795094,1.290523461,1.181271633
2.471666119,1.290523818,1.181142301
2.471537245,1.290524158,1.181013088
2.471408472,1.290524481,1.180883992
2.4712798,1.290524787,1.180755014
2.47115123,1.290525076,1.180626154
2.471022761,1.290525349,1.180497413
2.470894395,1.290525605,1.18036879
2.470766131,1.290525845,1.180240286
2.470637969,1.290526069,1.1801119
2.470509911,1.290526277,1.179983633
2.470381955,1.290526469,1.179855486
2.470254103,1.290526646,1.179727457
2.470126354,1.290526806,1.179599547
2.469998708,1.290526952,1.179471757
2.469871167,1.290527082,1.179344085
2.46974373,1.290527197,1.179216533
2.469616396,1.290527297,1.179089099
2.469489168,1.290527382,1.178961785
2.469362043,1.290527453,1.17883459
2.469235023,1.290527509,1.178707514
2.469108108,1.290527551,1.178580557
2.468981298,1.290527579,1.178453719
2.468854593,1.290527593,1.178327
2.468727992,1.290527593,1.178200399
2.468601497,1.29052758,1.178073917
2.468475107,1.290527553,1.177947554
2.468348822,1.290527513,1.177821309
2.468222642,1.29052746,1.177695182
2.468096567,1.290527394,1.177569173
2.467970598,1.290527315,1.177443283
2.467844734,1.290527224,1.17731751
2.467718975,1.290527121,1.177191854
2.467593321,1.290527005,1.177066316
2.467467773,1.290526878,1.176940895
2.467342329,1.290526739,1.17681559
2.467216991,1.290526588,1.176690403
2.467091757,1.290526426,1.176565331
2.466966629,1.290526253,1.176440376
2.466841605,1.290526068,1.176315537
2.466716686,1.290525873,1.176190813
2.466591871,1.290525668,1.176066204
2.466467161,1.290525452,1.17594171
2.466342555,1.290525225,1.17581733
2.466218054,1.290524989,1.175693065
2.466093656,1.290524743,1.175568913
2.465969362,1.290524487,1.175444875
2.465845172,1.290524222,1.175320951
2.465721085,1.290523947,1.175197138
2.465597102,1.290523663,1.175073438
2.465473221,1.290523371,1.174949851
2.465349443,1.290523069,1.174826374
2.465225768,1.290522759,1.174703009
2.465102195,1.290522441,1.174579754
2.464978724,1.290522114,1.17445661
2.464855355,1.29052178,1.174333575
2.464732087,1.290521438,1.17421065
2.464608921,1.290521088,1.174087833
2.464485855,1.29052073,1.173965125
2.46436289,1.290520365,1.173842525
2.464240026,1.290519994,1.173720032
2.464117261,1.290519615,1.173597646
2.463994596,1.290519229,1.173475367
2.46387203,1.290518837,1.173353194
2.463749564,1.290518438,1.173231126
2.463627196,1.290518033,1.173109163
2.463504926,1.290517622,1.172987304
2.463382754,1.290517205,1.172865549
2.463260679,1.290516782,1.172743898
2.463138702,1.290516353,1.172622349
2.463016821,1.290515919,1.172500902
2.462895037,1.290515479,1.172379558
2.462773349,1.290515034,1.172258314
2.462651756,1.290514585,1.172137171
2.462530258,1.29051413,1.172016129
2.462408855,1.29051367,1.171895185
2.462287546,1.290513206,1.171774341
2.462166332,1.290512737,1.171653595
2.46204521,1.290512263,1.171532947
2.461924182,1.290511786,1.171412396
2.461803245,1.290511304,1.171291942
2.461682401,1.290510818,1.171171583
2.461561649,1.290510328,1.171051321
2.461440988,1.290509835,1.170931153
2.461320417,1.290509337,1.17081108
2.461199937,1.290508836,1.170691101
2.461079546,1.290508332,1.170571215
2.460959245,1.290507824,1.170451421
2.460839033,1.290507313,1.17033172
2.460718909,1.290506798,1.17021211
2.460598872,1.290506281,1.170092592
2.460478923,1.29050576,1.169973163
2.460359061,1.290505236,1.169853825
2.460239286,1.29050471,1.169734576
2.460119596,1.29050418,1.169615416
2.459999992,1.290503648,1.169496344
2.459880473,1.290503114,1.169377359
2.459761038,1.290502576,1.169258462
2.459641687,1.290502036,1.169139651
2.45952242,1.290501494,1.169020926
2.459403236,1.290500949,1.168902287
2.459284134,1.290500402,1.168783732
2.459165115,1.290499852,1.168665262
2.459046177,1.2904993,1.168546876
2.45892732,1.290498746,1.168428573
2.458808543,1.29049819,1.168310353
2.458689847,1.290497631,1.168192216
2.458571231,1.290497071,1.16807416
2.458452694,1.290496508,1.167956186
2.458334235,1.290495943,1.167838292
2.458215855,1.290495376,1.167720479
2.458097553,1.290494807,1.167602746
2.457979327,1.290494236,1.167485092
2.457861179,1.290493663,1.167367517
2.457743107,1.290493087,1.16725002
2.457625112,1.29049251,1.167132602
2.457507191,1.290491931,1.167015261
2.457389346,1.290491349,1.166897997
2.457271576,1.290490766,1.16678081
2.457153879,1.29049018,1.166663699
2.457036257,1.290489592,1.166546664
2.456918708,1.290489003,1.166429705
2.456801231,1.290488411,1.166312821
2.456683828,1.290487817,1.166196011
2.456566496,1.29048722,1.166079276
2.456449236,1.290486622,1.165962614
2.456332048,1.290486021,1.165846027
2.45621493,1.290485418,1.165729512
2.456097883,1.290484813,1.16561307
2.455980907,1.290484205,1.165496701
2.455864,1.290483595,1.165380404
2.455747162,1.290482983,1.165264179
2.455630394,1.290482367,1.165148026
2.455513694,1.29048175,1.165031944
2.455397062,1.29048113,1.164915933
2.455280499,1.290480507,1.164799992
2.455164003,1.290479881,1.164684123
2.455047575,1.290479252,1.164568323
2.454931214,1.290478621,1.164452593
2.45481492,1.290477987,1.164336933
2.454698692,1.290477349,1.164221342
2.45458253,1.290476709,1.164105821
2.454466434,1.290476066,1.163990369
2.454350404,1.290475419,1.163874985
2.454234439,1.290474769,1.16375967
2.454118539,1.290474115,1.163644424
2.454002704,1.290473458,1.163529246
2.453886934,1.290472798,1.163414136
2.453771228,1.290472134,1.163299094
2.453655586,1.290471466,1.16318412
2.453540008,1.290470794,1.163069214
2.453424493,1.290470118,1.162954375
2.453309043,1.290469439,1.162839604
2.453193655,1.290468755,1.1627249
2.45307833,1.290468067,1.162610263
2.452963069,1.290467375,1.162495694
2.45284787,1.290466679,1.162381191
2.452732734,1.290465977,1.162266756
2.45261766,1.290465272,1.162152388
2.452502648,1.290464562,1.162038087
2.452387699,1.290463846,1.161923852
2.452272811,1.290463126,1.161809685
2.452157986,1.290462401,1.161695584
2.452043222,1.290461671,1.16158155
2.45192852,1.290460936,1.161467583
2.451813879,1.290460196,1.161353683
2.4516993,1.29045945,1.16123985
2.451584782,1.290458698,1.161126084
2.451470326,1.290457941,1.161012385
2.451355931,1.290457178,1.160898753
2.451241597,1.29045641,1.160785188
2.451127325,1.290455635,1.16067169
2.451013113,1.290454854,1.160558259
2.450898963,1.290454067,1.160444895
2.450784873,1.290453274,1.160331599
2.450670845,1.290452475,1.16021837
2.450556878,1.290451669,1.160105209
2.450442972,1.290450857,1.159992115
2.450329127,1.290450038,1.159879089
2.450215343,1.290449212,1.159766131
2.45010162,1.290448379,1.159653241
2.449987959,1.290447539,1.159540419
2.449874358,1.290446692,1.159427666
2.449760819,1.290445838,1.159314981
2.449647341,1.290444977,1.159202364
2.449533924,1.290444108,1.159089816
2.449420569,1.290443232,1.158977337
2.449307275,1.290442348,1.158864927
2.449194043,1.290441457,1.158752586
2.449080872,1.290440558,1.158640315
2.448967764,1.29043965,1.158528113
2.448854716,1.290438735,1.158415981
2.448741731,1.290437812,1.158303919
2.448628808,1.290436881,1.158191927
2.448515947,1.290435941,1.158080006
2.448403148,1.290434993,1.157968155
2.448290412,1.290434037,1.157856375
2.448177738,1.290433072,1.157744666
2.448065127,1.290432099,1.157633028
2.447952578,1.290431116,1.157521462
2.447840093,1.290430126,1.157409967
2.44772767,1.290429126,1.157298545
2.447615311,1.290428117,1.157187194
2.447503015,1.2904271,1.157075916
2.447390783,1.290426073,1.15696471
2.447278615,1.290425037,1.156853577
2.44716651,1.290423992,1.156742518
2.447054469,1.290422938,1.156631531
2.446942493,1.290421874,1.156520618
2.446830581,1.290420801,1.156409779
2.446718733,1.290419719,1.156299014
2.446606951,1.290418627,1.156188324
2.446495233,1.290417525,1.156077708
2.44638358,1.290416414,1.155967166
2.446271993,1.290415293,1.1558567
2.446160471,1.290414163,1.155746309
2.446049016,1.290413022,1.155635993
2.445937626,1.290411872,1.155525753
2.445826302,1.290410712,1.155415589
2.445715044,1.290409542,1.155305502
2.445603853,1.290408362,1.155195491
2.445492729,1.290407172,1.155085557
2.445381672,1.290405972,1.154975699
2.445270681,1.290404762,1.154865919
2.445159759,1.290403542,1.154756216
2.445048904,1.290402312,1.154646591
2.444938116,1.290401072,1.154537044
2.444827397,1.290399821,1.154427575
2.444716745,1.290398561,1.154318185
2.444606163,1.29039729,1.154208873
2.444495648,1.290396009,1.15409964
2.444385203,1.290394717,1.153990486
2.444274827,1.290393416,1.153881411
2.444164519,1.290392104,1.153772416
2.444054282,1.290390782,1.1536635
2.443944114,1.290389449,1.153554664
2.443834015,1.290388107,1.153445909
2.443723987,1.290386754,1.153337233
2.443614029,1.290385391,1.153228638
2.443504142,1.290384018,1.153120124
2.443394325,1.290382634,1.153011691
2.443284579,1.29038124,1.152903339
2.443174904,1.290379836,1.152795068
2.4430653,1.290378422,1.152686878
2.442955767,1.290376998,1.15257877
2.442846307,1.290375563,1.152470743
2.442736917,1.290374118,1.152362799
2.4426276,1.290372664,1.152254937
2.442518355,1.290371199,1.152147156
2.442409182,1.290369724,1.152039458
2.442300082,1.290368239,1.151931843
2.442191054,1.290366744,1.15182431
2.442082099,1.290365239,1.15171686
2.441973217,1.290363724,1.151609493
2.441864408,1.2903622,1.151502208
2.441755672,1.290360665,1.151395007
2.44164701,1.290359121,1.151287889
2.441538421,1.290357567,1.151180854
2.441429905,1.290356003,1.151073902
2.441321464,1.29035443,1.150967034
2.441213096,1.290352847,1.150860249
2.441104803,1.290351254,1.150753548
2.440996583,1.290349653,1.150646931
2.440888438,1.290348041,1.150540397
2.440780367,1.29034642,1.150433947
2.440672371,1.29034479,1.150327581
2.440564449,1.290343151,1.150221298
2.440456602,1.290341503,1.150115099
2.44034883,1.290339845,1.150008985
2.440241132,1.290338179,1.149902954
2.44013351,1.290336503,1.149797006
2.440025962,1.290334819,1.149691143
2.43991849,1.290333126,1.149585364
2.439811092,1.290331424,1.149479668
2.43970377,1.290329713,1.149374057
2.439596523,1.290327994,1.149268529
2.439489352,1.290326266,1.149163085
2.439382255,1.29032453,1.149057725
2.439275234,1.290322786,1.148952448
2.439168288,1.290321033,1.148847255
2.439061418,1.290319272,1.148742146
2.438954623,1.290317503,1.14863712
2.438847904,1.290315726,1.148532178
2.43874126,1.290313941,1.148427319
2.438634691,1.290312148,1.148322543
2.438528198,1.290310347,1.148217851
2.438421781,1.290308539,1.148113241
2.438315438,1.290306723,1.148008715
2.438209171,1.2903049,1.147904272
2.43810298,1.290303069,1.147799911
2.437996864,1.290301231,1.147695633
2.437890823,1.290299386,1.147591437
2.437784857,1.290297533,1.147487324
2.437678966,1.290295674,1.147383293
2.437573151,1.290293807,1.147279344
2.43746741,1.290291934,1.147175476
2.437361745,1.290290054,1.147071691
2.437256154,1.290288167,1.146967987
2.437150639,1.290286274,1.146864365
2.437045198,1.290284374,1.146760824
2.436939831,1.290282468,1.146657364
2.43683454,1.290280555,1.146553984
2.436729322,1.290278637,1.146450686
2.43662418,1.290276712,1.146347468
2.436519111,1.290274781,1.14624433
2.436414116,1.290272844,1.146141272
2.436309196,1.290270902,1.146038294
2.436204349,1.290268954,1.145935395
2.436099576,1.290267,1.145832576
2.435994876,1.29026504,1.145729836
2.43589025,1.290263075,1.145627175
2.435785698,1.290261105,1.145524593
2.435681218,1.29025913,1.145422089
2.435576812,1.290257149,1.145319663
2.435472478,1.290255163,1.145217315
2.435368217,1.290253172,1.145115045
2.435264028,1.290251177,1.145012852
2.435159912,1.290249176,1.144910736
2.435055868,1.290247171,1.144808697
2.434951896,1.290245161,1.144706735
2.434847995,1.290243146,1.144604849
2.434744166,1.290241127,1.144503039
2.434640409,1.290239104,1.144401305
2.434536722,1.290237076,1.144299646
2.434433107,1.290235044,1.144198063
2.434329562,1.290233008,1.144096554
2.434226088,1.290230968,1.143995121
2.434122685,1.290228924,1.143893761
2.434019351,1.290226875,1.143792476
2.433916087,1.290224823,1.143691264
2.433812893,1.290222768,1.143590125
2.433709768,1.290220708,1.14348906
2.433606713,1.290218645,1.143388068
2.433503727,1.290216579,1.143287148
2.433400809,1.290214508,1.1431863
2.43329796,1.290212435,1.143085525
2.433195179,1.290210358,1.142984821
2.433092466,1.290208278,1.142884188
2.432989821,1.290206195,1.142783626
2.432887243,1.290204108,1.142683135
2.432784733,1.290202018,1.142582714
2.43268229,1.290199926,1.142482364
2.432579913,1.29019783,1.142382083
2.432477603,1.290195731,1.142281872
2.432375359,1.29019363,1.142181729
2.432273182,1.290191526,1.142081656
2.43217107,1.290189419,1.141981651
2.432069024,1.290187309,1.141881715
2.431967042,1.290185197,1.141781846
2.431865126,1.290183082,1.141682045
2.431763275,1.290180964,1.141582311
2.431661488,1.290178844,1.141482644
2.431559765,1.290176721,1.141383044
2.431458107,1.290174596,1.14128351
2.431356512,1.290172469,1.141184043
2.43125498,1.290170339,1.141084641
2.431153511,1.290168207,1.140985305
2.431052106,1.290166072,1.140886034
2.430950763,1.290163936,1.140786828
2.430849483,1.290161797,1.140687686
2.430748264,1.290159655,1.140588609
2.430647108,1.290157512,1.140489596
2.430546013,1.290155366,1.140390646
2.430444979,1.290153219,1.140291761
2.430344007,1.290151069,1.140192938
2.430243095,1.290148917,1.140094178
2.430142244,1.290146763,1.139995481
2.430041453,1.290144607,1.139896847
2.429940723,1.290142448,1.139798274
2.429840052,1.290140288,1.139699764
2.429739441,1.290138126,1.139601315
2.429638889,1.290135962,1.139502927
2.429538396,1.290133795,1.139404601
2.429437963,1.290131627,1.139306336
2.429337587,1.290129457,1.139208131
2.42923727,1.290127284,1.139109986
2.429137012,1.29012511,1.139011902
2.429036811,1.290122934,1.138913877
2.428936668,1.290120755,1.138815913
2.428836582,1.290118575,1.138718007
2.428736554,1.290116392,1.138620161
2.428636582,1.290114208,1.138522374
2.428536668,1.290112021,1.138424646
2.42843681,1.290109833,1.138326977
2.428337008,1.290107642,1.138229366
2.428237262,1.290105449,1.138131813
2.428137573,1.290103255,1.138034318
2.428037939,1.290101058,1.137936881
2.427938361,1.290098859,1.137839502
2.427838838,1.290096657,1.13774218
2.42773937,1.290094454,1.137644916
2.427639957,1.290092248,1.137547709
2.427540599,1.290090041,1.137450558
2.427441295,1.29008783,1.137353465
2.427342046,1.290085618,1.137256428
2.427242851,1.290083403,1.137159448
2.427143711,1.290081187,1.137062524
2.427044624,1.290078967,1.136965656
2.42694559,1.290076745,1.136868845
2.426846611,1.290074521,1.13677209
2.426747685,1.290072295,1.13667539
2.426648812,1.290070066,1.136578746
2.426549992,1.290067834,1.136482158
2.426451225,1.2900656,1.136385625
2.426352511,1.290063363,1.136289148
2.426253849,1.290061123,1.136192726
2.426155241,1.290058881,1.136096359
2.426056684,1.290056636,1.136000048
2.42595818,1.290054389,1.135903791
2.425859728,1.290052138,1.13580759
2.425761328,1.290049885,1.135711443
2.425662981,1.290047629,1.135615352
2.425564684,1.29004537,1.135519315
2.42546644,1.290043107,1.135423333
2.425368248,1.290040842,1.135327405
2.425270107,1.290038574,1.135231533
2.425172017,1.290036303,1.135135714
